variant,source_candidate_id,symbol,exchange,direction,signal_time,entry_time,score,priority,portfolio_kind,admitted,competition_reason,final_status
V188_CONTROL,be25b32a2014e47de19787be99f0ca94917d2945c440d07ce9a0a9edf78b957b,1000PEPE/USDT:USDT,Binance,LONG,2023-08-11 03:15:00+00:00,2023-08-11 03:30:00+00:00,49.78974773704903,49.78974773704903,CORE,True,,ACCEPTED
V188_CONTROL,7ee7e59daeaa02b8a487192e0696f5ec2bfe947c36967764abdf2e390f05673f,KNC/USDT:USDT,Binance,LONG,2023-08-11 18:45:00+00:00,2023-08-11 19:00:00+00:00,45.10881435677689,45.10881435677689,CORE,True,,ACCEPTED
V188_CONTROL,e20428a2d66cbe11ceb2ca690544b193e402c00c3cff1dbecf04baa8141d4a38,ARKM/USDT:USDT,Binance,LONG,2023-08-13 00:15:00+00:00,2023-08-13 00:30:00+00:00,45.34177596248953,45.34177596248953,CORE,True,,ACCEPTED
V188_CONTROL,17c00d9ba8872e5a2f2f630cb32cd67764e760699c958b590091d67c2366eaec,QNT/USDT:USDT,Binance,LONG,2023-08-16 04:00:00+00:00,2023-08-16 04:15:00+00:00,46.22587248927925,46.22587248927925,CORE,True,,ACCEPTED
V188_CONTROL,57ca31f390f53c8108cfb3129c86ae80b4134ab34568bce8903fd44fdfd787eb,GMX/USDT:USDT,Binance,SHORT,,2023-08-22 16:00:00+00:00,,1109.21248225,CORE,True,,ACCEPTED
V188_CONTROL,3877eb9de5882a145153bc47dd7fa623bc3c426551652acddc9388a3cfb7c2eb,XVG/USDT:USDT,Binance,LONG,2023-08-28 23:15:00+00:00,2023-08-28 23:30:00+00:00,46.43964123580941,46.43964123580941,CORE,True,,ACCEPTED
V188_CONTROL,36ab0f9fb5c3f95b520de690f91fba7c2c2825c19bebe09dbcf77653e3b962d5,APE/USDT:USDT,Binance,LONG,2023-08-29 22:00:00+00:00,2023-08-29 22:15:00+00:00,45.36565437360257,45.36565437360257,CORE,True,,ACCEPTED
V188_CONTROL,4516ce2fd5ea047db63b11d0cc3146eff3d110a0b6be8a373c6f16e309880ebe,DEFI/USDT:USDT,Binance,LONG,2023-08-31 09:30:00+00:00,2023-08-31 09:45:00+00:00,46.46631120113962,46.46631120113962,CORE,True,,ACCEPTED
V188_CONTROL,66d92527c3dd10ead23a5a34bacdde743f770c9bc547cfe162a1a2983b58b5c4,DOGE/USDT:USDT,Binance,LONG,2023-09-05 05:00:00+00:00,2023-09-05 05:15:00+00:00,47.344109715698295,47.344109715698295,CORE,True,,ACCEPTED
V188_CONTROL,a7f66211c8fd753a661359d719954c83bdc50033e5d7a2b65e02e4c09187b863,ARPA/USDT:USDT,Binance,LONG,2023-09-06 17:45:00+00:00,2023-09-06 18:00:00+00:00,45.31822519959299,45.31822519959299,CORE,True,,ACCEPTED
V188_CONTROL,1a0667aec090a3da8608a8b9656d5fbe06b6535a625cca199ef4cd46fd80c63f,TOMO/USDT:USDT,Binance,LONG,2023-09-19 01:30:00+00:00,2023-09-19 01:45:00+00:00,46.771725001043976,46.771725001043976,CORE,True,,ACCEPTED
V188_CONTROL,8fcace33616cfee295aa0c9d88ed46b4e97bb45eb3aafc6da3342b9d8994f396,CTK/USDT:USDT,Binance,LONG,2023-10-01 02:00:00+00:00,2023-10-01 02:15:00+00:00,45.79809968473846,45.79809968473846,CORE,True,,ACCEPTED
V188_CONTROL,7d9568ca5aec03211bfecab32c818a848b59950e772761d4555c3961df45424c,LPT/USDT:USDT,Binance,LONG,2023-10-02 14:00:00+00:00,2023-10-02 14:15:00+00:00,48.59032248013964,48.59032248013964,CORE,True,,ACCEPTED
V188_CONTROL,dae41fc6cc1ce86db6074303bdae5310428e72187bf6adc342e847a148e3d3e4,API3/USDT:USDT,Binance,LONG,2023-10-11 02:00:00+00:00,2023-10-11 02:15:00+00:00,48.595150897526544,48.595150897526544,CORE,True,,ACCEPTED
V188_CONTROL,8f769181a110ab6a35ffaf0c7660717316744b50e8f17613b958db5271f61025,IOTA/USDT:USDT,Binance,LONG,2023-10-16 05:00:00+00:00,2023-10-16 05:15:00+00:00,47.75306638287593,47.75306638287593,CORE,True,,ACCEPTED
V188_CONTROL,8433b6bf8cdfa8294143f44ae098984a1a369359fcadc8171f417d65778111fb,FOOTBALL/USDT:USDT,Binance,LONG,2023-10-17 09:30:00+00:00,2023-10-17 09:45:00+00:00,45.58851912581939,45.58851912581939,CORE,True,,ACCEPTED
V188_CONTROL,1b6599774299e32b65c6c8e82e4e87206a69ca8926cf2ecb2899769d50aa0307,ADA/USDT:USDT,Binance,LONG,2023-10-19 23:30:00+00:00,2023-10-19 23:45:00+00:00,46.8839153704005,46.8839153704005,CORE,True,,ACCEPTED
V188_CONTROL,10b0ea3b07222282f7bc9a2ecafeb5fdeab7755f7a932171d7307b8744f2f07d,CRV/USDT:USDT,Binance,LONG,2023-11-04 16:00:00+00:00,2023-11-04 16:15:00+00:00,47.21004209795132,47.21004209795132,CORE,True,,ACCEPTED
V188_CONTROL,6fc7e1286bea1b5ca88c9cd830fc7ef8e3a42f3cff2f69cfc628f964af7a4bac,MAGIC/USDT:USDT,Binance,LONG,2023-11-19 17:00:00+00:00,2023-11-19 17:15:00+00:00,46.78858587307652,46.78858587307652,CORE,True,,ACCEPTED
V188_CONTROL,76565bf5f5ac3606093050148a65e157e7cf9634b3aa6b99b1d6387f9321566c,PENDLE/USDT:USDT,Binance,LONG,2023-11-22 16:00:00+00:00,2023-11-22 16:15:00+00:00,48.34266578799407,48.34266578799407,CORE,True,,ACCEPTED
V188_CONTROL,75559e79b3d36d26a76bc5127d4339574cadc1ea1cc2d684d9c543dda3a5c11c,ROSE/USDT:USDT,Binance,LONG,2023-11-27 04:45:00+00:00,2023-11-27 05:00:00+00:00,48.911331676080586,48.911331676080586,CORE,True,,ACCEPTED
V188_CONTROL,7a1b979c532af4d0ed1d2c472493107f07c832d09427ea46c3c6e47017fd9fc4,SNX/USDT:USDT,Binance,LONG,2023-12-03 15:30:00+00:00,2023-12-03 15:45:00+00:00,47.69580315720555,47.69580315720555,CORE,True,,ACCEPTED
V188_CONTROL,3cd76aee8d8588be005e3e19b17e261b3438352860e9508f1e55cc1a3996cc44,DENT/USDT:USDT,Binance,LONG,2023-12-08 03:45:00+00:00,2023-12-08 04:00:00+00:00,40.09122345810921,0.220839815827439,CORE,True,,ACCEPTED
V188_CONTROL,f8f2b916a3657f9dc4f072fa17c0c6d42b49114aeb1d786d08180335e7b8af56,GMT/USDT:USDT,Binance,LONG,2023-12-09 23:00:00+00:00,2023-12-09 23:15:00+00:00,46.04900202161147,46.04900202161147,CORE,True,,ACCEPTED
V188_CONTROL,2627a46527ff83df6bf6283ebe314dcb95c5b0123e961cdfaf41fa5a82aaa351,IOTA/USDT:USDT,Binance,LONG,2023-12-29 03:00:00+00:00,2023-12-29 04:00:00+00:00,46.40251320470429,46.40251320470429,CORE,True,,ACCEPTED
V188_CONTROL,49c6d02c0f56f12e0fb764c5b2fb658048f08382c2620f99226a28b7a80c9b0e,POLYX/USDT:USDT,Binance,LONG,2024-01-19 23:30:00+00:00,2024-01-19 23:45:00+00:00,45.579014729153215,45.579014729153215,CORE,True,,ACCEPTED
V188_CONTROL,eb621fa2c18a1e404f734b809be773d7321abadba24b21e9133c4b95c952d03e,MKR/USDT:USDT,Binance,LONG,2024-02-04 06:30:00+00:00,2024-02-04 06:45:00+00:00,44.3210115732944,0.2342207999958209,CORE,True,,ACCEPTED
V188_CONTROL,d470a8e908bccf5ebfba36e8048da92013a7d257ffa836a67588a4f1d8c9f086,FXS/USDT:USDT,Binance,LONG,2024-02-19 15:00:00+00:00,2024-02-19 15:15:00+00:00,47.958962805517245,0.2251936517101335,CORE,True,,ACCEPTED
V188_CONTROL,8a7a6f6292bff7958520857b374d4a2ded794e96c19da97c1ce99ed370a9ff80,BTCDOM/USDT:USDT,Binance,LONG,2024-02-21 18:15:00+00:00,2024-02-21 18:30:00+00:00,36.75387644558677,0.2157473509764169,CORE,True,,ACCEPTED
V188_CONTROL,fdc6982d8e2c47faa8b23fbe2cf787c21c3b39c42826c70d926cbb056793db02,LINA/USDT:USDT,Binance,LONG,2024-03-06 21:30:00+00:00,2024-03-06 21:45:00+00:00,45.381990573683154,45.381990573683154,CORE,True,,ACCEPTED
V188_CONTROL,757a9bd5343d346a7a2ecd4c29a083a19ff445f6c16fa53c286af4c99580088b,BTCDOM/USDT:USDT,Binance,LONG,2024-03-12 06:00:00+00:00,2024-03-12 06:15:00+00:00,38.98715868721322,0.2365616366941211,CORE,True,,ACCEPTED
V188_CONTROL,b0aafa1b73da347fbed907cbc13bb29d464f8d15e99378060ea93af540084345,RNDR/USDT:USDT,Binance,LONG,2024-03-26 03:00:00+00:00,2024-03-26 03:15:00+00:00,46.57216663080597,46.57216663080597,CORE,True,,ACCEPTED
V188_CONTROL,3154c3c9db1ad96f8efaa9089869d28ebfa36a187c032ee0700dbbdbd54cc471,1000FLOKI/USDT:USDT,Binance,LONG,2024-03-30 07:45:00+00:00,2024-03-30 08:00:00+00:00,45.21079192348351,45.21079192348351,CORE,True,,ACCEPTED
V188_CONTROL,9192200cf44f9544b6feb816894b12b91104b654d5ae0a05c6b1345a2ad03f57,XMR/USDT:USDT,Binance,LONG,2024-04-16 00:00:00+00:00,2024-04-16 00:15:00+00:00,47.165073028225166,47.165073028225166,CORE,True,,ACCEPTED
V188_CONTROL,c7d91f4a15e0ed790e40125108f5630ab33fbdd9fdfa92ee214a1f33c9883599,DYM/USDT:USDT,Binance,LONG,2024-04-27 07:00:00+00:00,2024-04-27 07:15:00+00:00,46.7737960919883,46.7737960919883,CORE,True,,ACCEPTED
V188_CONTROL,692160a8609839ebf21970369053d83ac2c54e442745c066312c3826e2418f41,WLD/USDT:USDT,Binance,LONG,2024-05-01 18:00:00+00:00,2024-05-01 18:15:00+00:00,49.30036322070569,49.30036322070569,CORE,False,LONG過去72小時已有2筆停損，冷卻中,REJECTED
V188_CONTROL,29cc460c8bfa7b32e6f133721d05fe55b5bf0b2bec58fe28c74147dd516a4c4b,FRONT/USDT:USDT,Binance,LONG,2024-05-19 18:00:00+00:00,2024-05-19 18:15:00+00:00,45.426365699697264,45.426365699697264,CORE,True,,ACCEPTED
V188_CONTROL,d50907f827ab8cfff7bfd69e4f241127c86b981e91e6ac94cf7bd23e1fb9f560,COMBO/USDT:USDT,Binance,LONG,2024-06-15 04:00:00+00:00,2024-06-15 04:15:00+00:00,38.74339192085557,0.2228493445831706,CORE,True,,ACCEPTED
V188_CONTROL,9cb16ca8c6215b5401109deedb1ee5737bfb443526b0aa054de20d6db9c3d11a,1000PEPE/USDT:USDT,Binance,LONG,2024-06-16 19:00:00+00:00,2024-06-16 19:15:00+00:00,49.95363779783559,49.95363779783559,CORE,True,,ACCEPTED
V188_CONTROL,b6c3c4aa8e3ab7b2aba6d9d76e0e4afe22f4206593b71ef537a7f687f33a416f,BTCDOM/USDT:USDT,Binance,LONG,2024-06-18 11:15:00+00:00,2024-06-18 11:30:00+00:00,46.073488947489885,46.073488947489885,CORE,True,,ACCEPTED
V188_CONTROL,600538e468fbe0a7c6ec36d830236a9eb0f929be8fd99a1de032110dfd08bb86,W/USDT:USDT,Binance,LONG,2024-06-30 15:00:00+00:00,2024-06-30 15:15:00+00:00,46.35502372860093,46.35502372860093,CORE,True,,ACCEPTED
V188_CONTROL,c818c22c5de813021888d3a1debc9e0535bd1838365a82f509ebaf95c40a755b,LIT/USDT:USDT,Binance,LONG,2024-07-31 00:45:00+00:00,2024-07-31 01:00:00+00:00,43.17799081209148,0.2262824631496895,CORE,True,,ACCEPTED
V188_CONTROL,baf8ea41a71e569d1e82b07eebbe32ce06f2ea52c85dfb7974641b59be69abcb,EOS/USDT:USDT,Binance,LONG,2024-07-31 01:00:00+00:00,2024-07-31 01:15:00+00:00,46.072112585017535,0.2140542312307948,CORE,True,,ACCEPTED
V188_CONTROL,52dda4a93301ab2706450a864123c32d69965d1d15f9d9a3d4ffd23d85eef62e,RVN/USDT:USDT,Binance,LONG,2023-11-28 08:00:00+00:00,2023-11-28 08:15:00+00:00,48.37088688646832,48.37088688646832,CORE,False,LONG過去72小時已有2筆停損，冷卻中,REJECTED
V188_CONTROL,6cf1ddbd2ced6f872bae08402741dbba9c4d814754ec5d5de46a237724b5f619,BNB/USDT:USDT,Binance,LONG,2023-12-12 12:00:00+00:00,2023-12-12 12:15:00+00:00,48.54950615329148,48.54950615329148,CORE,True,,ACCEPTED
V188_CONTROL,84dddda4ca34d7e47215c6225dd41ecdbcdb4606af7bbbab7dff7af8e2cb2a7c,BLUEBIRD/USDT:USDT,Binance,LONG,2024-03-02 07:00:00+00:00,2024-03-02 07:15:00+00:00,46.07461730651999,0.2340109424780516,CORE,True,,ACCEPTED
V188_CONTROL,51ca921451a8d82c6a9b98812b05cecb58a91a7a35344253ca876055f8909d5c,GAS/USDT:USDT,Binance,LONG,2024-04-10 04:45:00+00:00,2024-04-10 05:00:00+00:00,46.46367679836956,46.46367679836956,CORE,True,,ACCEPTED
V188_CONTROL,e2f5f06cd36edef4e7ebca805bbcec735662805c8d214f1236ed7b394b7cbc77,KSM/USDT:USDT,Binance,LONG,2024-04-29 15:00:00+00:00,2024-04-29 15:15:00+00:00,46.50190113314952,46.50190113314952,CORE,True,,ACCEPTED
V188_CONTROL,787796769ca2f0ec3ba26d7cc37ed294cb8211413319d24609343f2bcea5d5e9,XRP/USDT:USDT,Binance,LONG,2024-06-17 05:15:00+00:00,2024-06-17 05:30:00+00:00,35.24890098659601,0.2309996043843332,CORE,False,LONG過去72小時已有2筆停損，冷卻中,REJECTED
V188_CONTROL,165de1cdbe1aeff119c743de6cf7745087520a152179bf13a430ec88dcf95369,TAO/USDT:USDT,Binance,LONG,2024-07-14 06:00:00+00:00,2024-07-14 06:15:00+00:00,45.619126998348165,45.619126998348165,CORE,True,,ACCEPTED
V188_CONTROL,dfa1efb30a71c460343a08ed00376e35db07369c9867522fa46c1726bf391925,BICO/USDT:USDT,Binance,LONG,2024-08-18 12:45:00+00:00,2024-08-18 13:00:00+00:00,45.98894167689223,45.98894167689223,CORE,True,,ACCEPTED
V188_CONTROL,2590289e192452aa3423755f125d0a6ec89e7086cf346266e580d9243b598b61,ZRX/USDT:USDT,Binance,LONG,2024-08-22 23:30:00+00:00,2024-08-22 23:45:00+00:00,49.34128597802183,49.34128597802183,CORE,True,,ACCEPTED
V188_CONTROL,0fa5244fc946cf79bfbe4bf4964806a10ee6dc6b7b6be6902c0fc5989e5ad256,TRX/USDT:USDT,Binance,LONG,2024-08-27 14:30:00+00:00,2024-08-27 14:45:00+00:00,45.12259443725744,45.12259443725744,CORE,True,,ACCEPTED
V188_CONTROL,704d7d99c1a106a4126beb578536f25b65efc0771967beeea52e8113a6cf57f9,TRX/USDT:USDT,Binance,SHORT,,2024-09-06 20:00:00+00:00,,1101.12973891,CORE,True,,ACCEPTED
V188_CONTROL,693db2f72ceaa9366765621561037b06a9942ba6f1b606581c2de426cb9ecabe,BB/USDT:USDT,Binance,LONG,2024-09-07 05:00:00+00:00,2024-09-07 05:15:00+00:00,48.56660670956056,48.56660670956056,CORE,True,,ACCEPTED
V188_CONTROL,ba7283553d938dbf1664681e0de17ad5865deda083de64d20fddae52987563af,AXL/USDT:USDT,Binance,LONG,2024-09-18 02:15:00+00:00,2024-09-18 02:30:00+00:00,48.900366978969856,48.900366978969856,CORE,True,,ACCEPTED
V188_CONTROL,3e8113fd341e6e514bafebaad98d3c71df93accb8d799d6845cbf16788c25f25,BICO/USDT:USDT,Binance,LONG,2024-10-24 17:30:00+00:00,2024-10-24 17:45:00+00:00,48.338126519200216,48.338126519200216,CORE,True,,ACCEPTED
V188_CONTROL,b04b6c9c3b9835f2487ba14a64594064e10ef6ff1729788df2854d4a551556d6,BTCDOM/USDT:USDT,Binance,LONG,2024-11-21 11:00:00+00:00,2024-11-21 11:15:00+00:00,46.4058026712608,46.4058026712608,CORE,True,,ACCEPTED
V188_CONTROL,5ecf990c6787c8ed555fdd752bae4c6e33b44ddad14bef3143c9c8fd607ee894,YFI/USDT:USDT,Binance,LONG,2024-11-21 12:00:00+00:00,2024-11-21 12:15:00+00:00,46.754051412759246,46.754051412759246,CORE,True,,ACCEPTED
V188_CONTROL,eb2b4fa97be6964f02d9f522a09ff99a8e41b7fecf384b0353101d80cbcc586a,DOT/USDT:USDT,Binance,LONG,2024-11-27 00:00:00+00:00,2024-11-27 00:15:00+00:00,45.01597930427347,45.01597930427347,CORE,True,,ACCEPTED
V188_CONTROL,b648618cfb5a760105ef733d7aec38109dcb002f9a9ccedb9223cf7a642e1519,CKB/USDT:USDT,Binance,LONG,2024-12-06 08:30:00+00:00,2024-12-06 08:45:00+00:00,47.01820382700499,47.01820382700499,CORE,True,,ACCEPTED
V188_CONTROL,47c5ae8fca1e7314ac39bdd65cbe6745a6780bd48e59ab1ab210e3022b6a2703,1000LUNC/USDT:USDT,Binance,LONG,2025-01-14 03:15:00+00:00,2025-01-14 03:30:00+00:00,46.38766776257998,46.38766776257998,CORE,True,,ACCEPTED
V188_CONTROL,a90d4701f48a387c2e2d034849da2280cf3f7cd65711608a772040ac9b91333e,KSM/USDT:USDT,Binance,LONG,2025-02-23 07:00:00+00:00,2025-02-23 07:15:00+00:00,48.59173762129375,48.59173762129375,CORE,True,,ACCEPTED
V188_CONTROL,349e5776da094a690d370741d93af50a5feb30ff4d52e8372a6c98599c9c774b,1000SHIB/USDT:USDT,Binance,LONG,2025-03-14 21:45:00+00:00,2025-03-14 22:00:00+00:00,48.2879709495471,48.2879709495471,CORE,True,,ACCEPTED
V188_CONTROL,98fdc9bb89a021bd0ead46b236e125db80e99d6c94b4cc0a3b95a0a3fc90d8bc,XLM/USDT:USDT,Binance,LONG,2025-03-23 19:30:00+00:00,2025-03-23 19:45:00+00:00,39.74837989948546,0.1852344325509392,CORE,True,,ACCEPTED
V188_CONTROL,75e55eb6db9029c2bbc39f71defd38747b7fb6b78dda128fb92d6e295345c488,TRUMP/USDT:USDT,Binance,LONG,2025-03-26 00:45:00+00:00,2025-03-26 01:00:00+00:00,46.8029516672008,46.8029516672008,CORE,True,,ACCEPTED
V188_CONTROL,cfdf70efdce02f2a6be52769d17adb643d8785d1aa47c09d5c55137b87f307f0,CFX/USDT:USDT,Binance,LONG,2025-04-02 10:15:00+00:00,2025-04-02 10:30:00+00:00,48.97179453816712,48.97179453816712,CORE,True,,ACCEPTED
V188_CONTROL,21512f46116e2df9502f15f98a0841809216b7efb1f78f1e00d7fb2ffbad0685,KAIA/USDT:USDT,Binance,LONG,2025-04-03 05:15:00+00:00,2025-04-03 05:30:00+00:00,34.71827994700048,0.1861781854100282,CORE,False,LONG過去72小時已有2筆停損，冷卻中,REJECTED
V188_CONTROL,af0979958ab2bda62ee56445dc224930680fe08b3b114ae9f6ab6f1f4fb3c73c,TRX/USDT:USDT,Binance,LONG,2025-04-13 23:30:00+00:00,2025-04-13 23:45:00+00:00,38.65917275255698,0.1782997576986509,CORE,True,,ACCEPTED
V188_CONTROL,8a6789270bea2c1a9031ccbe5bc8484c71f903d0a9f542bde7ba87193ac453ee,EGLD/USDT:USDT,Binance,LONG,2025-04-15 12:00:00+00:00,2025-04-15 12:15:00+00:00,46.54000061491359,46.54000061491359,CORE,True,,ACCEPTED
V188_CONTROL,48aab0cb99ae52a82ce43c7eae88c9b700fc2d53787d91abdaa487e239999611,FORM/USDT:USDT,Binance,LONG,2025-05-04 11:00:00+00:00,2025-05-04 11:15:00+00:00,32.92632249798882,0.1756001965081643,CORE,True,,ACCEPTED
V188_CONTROL,b7486346ddd069554fd58fa578733886591ff90b5d337d5c33b71ccf4bfd41a8,RIF/USDT:USDT,Binance,LONG,2025-05-06 09:15:00+00:00,2025-05-06 09:30:00+00:00,49.668026212590746,49.668026212590746,CORE,True,,ACCEPTED
V188_CONTROL,fb628517f988002ea822ea43e121fbf473bcd8939362dd08be705ef2042d07fb,ENA/USDT:USDT,Binance,LONG,2025-05-16 13:45:00+00:00,2025-05-16 14:00:00+00:00,45.46752823054578,45.46752823054578,CORE,True,,ACCEPTED
V188_CONTROL,88643f56211b7d7ea44d60ceaef25b69edbb6b89e60310965f794b8b409abda1,FHE/USDT:USDT,Binance,LONG,2025-05-19 05:15:00+00:00,2025-05-19 05:30:00+00:00,48.29876585521629,48.29876585521629,CORE,False,LONG過去72小時已有2筆停損，冷卻中,REJECTED
V188_CONTROL,14e92ca169ab7bbadcc78a782c97535e8f681e9aa11becadc2539c0c171ec908,AIOT/USDT:USDT,Binance,SHORT,,2025-05-30 08:00:00+00:00,,1108.47758639,CORE,True,,ACCEPTED
V188_CONTROL,715a04cf479aa1b40b9df60909d96040c8a2c6b1e6882bf2db02f3c0b39081c8,BANK/USDT:USDT,Binance,LONG,2025-05-31 17:00:00+00:00,2025-05-31 17:15:00+00:00,46.15639139529816,46.15639139529816,CORE,True,,ACCEPTED
V188_CONTROL,e06927d4cb44440c4a0775cf94620ba5cfe3c9b6b1f5b272b437a6af585bc443,TST/USDT:USDT,Binance,LONG,2025-06-06 11:15:00+00:00,2025-06-06 11:30:00+00:00,49.02737701702293,49.02737701702293,CORE,True,,ACCEPTED
V188_CONTROL,eb5cd3688a7e13ca64d39e168925ca4c522eb8b79f54b42cee6028f60339077a,ETHFI/USDT:USDT,Binance,LONG,2025-06-11 12:00:00+00:00,2025-06-11 12:15:00+00:00,45.00838137859336,45.00838137859336,CORE,True,,ACCEPTED
V188_CONTROL,e071af93639ced9a2cf75b9bbac610606c1c0ccf1840b6938d5fc5d327286bf1,KMNO/USDT:USDT,Binance,LONG,2025-07-01 11:30:00+00:00,2025-07-01 11:45:00+00:00,41.584021606236725,0.1887760559559647,CORE,True,,ACCEPTED
V188_CONTROL,586e853add3b61b3f5a8974218f00c7da5ebc150250a99d75115f6a8bc797bda,BTCDOM/USDT:USDT,Binance,LONG,2025-07-04 15:15:00+00:00,2025-07-04 15:45:00+00:00,45.50134331723273,45.50134331723273,CORE,True,,ACCEPTED
V188_CONTROL,a0789658e295229bbc999153fbae3c04ab08e1e6ba161d1f585a41b02ee79d1e,FLUX/USDT:USDT,Binance,LONG,2025-07-09 04:45:00+00:00,2025-07-09 05:00:00+00:00,48.34540654092276,0.2010044920179136,CORE,True,,ACCEPTED
V188_CONTROL,c27fbd2ff3f2ebc05c1b769e78ad830c56c6d1e40658324858d2670a2811e77c,ARPA/USDT:USDT,Binance,LONG,2025-07-10 06:45:00+00:00,2025-07-10 07:00:00+00:00,56.57243435071201,0.1901861631569183,CORE,True,,ACCEPTED
V188_CONTROL,7ad6d4ccb0c432b0be5b6e08e3bd1963502507bd9a9e0a00c34437e0c96885f7,MOCA/USDT:USDT,Binance,LONG,2025-07-14 22:15:00+00:00,2025-07-14 22:30:00+00:00,45.32688204462812,45.32688204462812,CORE,True,,ACCEPTED
V188_CONTROL,58a2c1db71b7ab367072088bf6708bf40603391224ae2ecedab4333f106cece4,POWR/USDT:USDT,Binance,LONG,2025-01-20 23:15:00+00:00,2025-01-20 23:30:00+00:00,45.339577056314674,45.339577056314674,CORE,True,,ACCEPTED
V188_CONTROL,b51440090638a21fdfafb859b8d5d84b4de5941987e00da455ab94ac1d5b8e24,BNB/USDT:USDT,Binance,LONG,2025-03-05 01:30:00+00:00,2025-03-05 01:45:00+00:00,31.41391414594914,0.2188637889271079,CORE,True,,ACCEPTED
V188_CONTROL,2e079aa090186ec3b232ead6d32c9cbbc9e86339c066bdf07b2d93fc5f60b9b4,ETC/USDT:USDT,Binance,LONG,2025-04-01 06:30:00+00:00,2025-04-01 06:45:00+00:00,46.00069652943401,46.00069652943401,CORE,True,,ACCEPTED
V188_CONTROL,471c249b0d804ab6f898555d3e543d6bedd77aa6c1b6876c3aca92d5e331fc48,COMP/USDT:USDT,Binance,LONG,2025-04-03 06:30:00+00:00,2025-04-03 06:45:00+00:00,49.33574959300011,49.33574959300011,CORE,False,LONG過去72小時已有2筆停損，冷卻中,REJECTED
V188_CONTROL,e45c436114f220e925410bfe55b5e99fed883a1c59a9986e53bfd55da3b63f18,PROM/USDT:USDT,Binance,LONG,2025-04-04 07:00:00+00:00,2025-04-04 07:15:00+00:00,45.32064720415518,45.32064720415518,CORE,False,LONG過去72小時已有2筆停損，冷卻中,REJECTED
V188_CONTROL,8967ff647b054c10023c8656cfa7e5bf6d67538890ea68a6538c14129b2d4b73,NEO/USDT:USDT,Binance,LONG,2025-04-19 16:15:00+00:00,2025-04-19 16:30:00+00:00,37.33299755398908,0.1855991468963581,CORE,True,,ACCEPTED
V188_CONTROL,97b334c40ffff810a4dc15174ca0f69fe44959eec325f8f023a0b4187261a1c7,APT/USDT:USDT,Binance,LONG,2025-04-20 11:30:00+00:00,2025-04-20 11:45:00+00:00,40.43251304354301,0.1912066475132775,CORE,True,,ACCEPTED
V188_CONTROL,6dfc953e87096297daebe655b851de041a904b226b8b9553bc265c205c8bec3f,BIO/USDT:USDT,Binance,LONG,2025-05-01 07:15:00+00:00,2025-05-01 07:30:00+00:00,47.36890035075926,47.36890035075926,CORE,True,,ACCEPTED
V188_CONTROL,bff2408b1adf1808b6289f733ad59498de0b84bd3cce1241a4f6a2a945415561,BTCDOM/USDT:USDT,Binance,LONG,2025-05-17 16:15:00+00:00,2025-05-17 17:15:00+00:00,36.3614215294916,0.1832137735389745,CORE,True,,ACCEPTED
V188_CONTROL,4feb87d3b655f7742b98a878abe859360f034fcffc893e9e257fea723b7cf18f,KAVA/USDT:USDT,Binance,LONG,2025-06-02 03:45:00+00:00,2025-06-02 04:00:00+00:00,33.74934161980116,0.1937906805724993,CORE,True,,ACCEPTED
V188_CONTROL,88764329f44e6f9ebe59d8597e5bfa2d6c4aa4bc4269fb525e0dd39a256df11b,ZK/USDT:USDT,Binance,LONG,2025-06-14 10:30:00+00:00,2025-06-14 10:45:00+00:00,47.91166123652071,47.91166123652071,CORE,True,,ACCEPTED
V188_CONTROL,60726a1e806c8c29a01e9446981457e3e066dd141baefb9ea11c1fc446ee1a2a,1000RATS/USDT:USDT,Binance,LONG,2025-06-14 21:15:00+00:00,2025-06-14 21:30:00+00:00,46.59520008838971,46.59520008838971,CORE,True,,ACCEPTED
V188_CONTROL,571778b90815bace88654971f978bc72b3bcee73280d2f864baaab3413ab488b,TUT/USDT:USDT,Binance,LONG,2025-06-18 20:15:00+00:00,2025-06-18 20:30:00+00:00,45.87820477731928,45.87820477731928,CORE,True,,ACCEPTED
V188_CONTROL,5b0076d68dbbb976f18945ce75bb281ff886c5bb748d2728d4c0ef5afbc913ca,JUP/USDT:USDT,Binance,LONG,2025-06-28 02:30:00+00:00,2025-06-28 02:45:00+00:00,46.179024798814105,46.179024798814105,CORE,True,,ACCEPTED
V188_CONTROL,a4692c9f64c8d77f9229216144fbc04850db11db842e5aee0fe5da8c45869447,RIF/USDT:USDT,Binance,LONG,2025-06-28 12:00:00+00:00,2025-06-28 12:15:00+00:00,48.143617650003904,48.143617650003904,CORE,True,,ACCEPTED
V188_CONTROL,b49e203b917f2f97d01adf503df50f98e00d0ba378a0f27c0d9cf9372783e386,AIOT/USDT:USDT,Binance,LONG,2025-07-01 15:15:00+00:00,2025-07-01 15:30:00+00:00,45.43629582599189,45.43629582599189,CORE,True,,ACCEPTED
V188_CONTROL,ed199875856c560373ed9a1bbea7e72e194a2fd2ba8cc50641bd5f5ad1c33968,SANTOS/USDT:USDT,Binance,LONG,2025-07-02 01:30:00+00:00,2025-07-02 01:45:00+00:00,44.03401065691228,0.1904354394336241,CORE,False,LONG過去24小時已有2筆進場,REJECTED
V188_CONTROL,6e04b66ba4e6d47707aeccd8c840f6e54de7bcc994b474518d49d55430555292,BROCCOLIF3B/USDT:USDT,Binance,LONG,2025-07-04 03:15:00+00:00,2025-07-04 03:30:00+00:00,40.07347971523219,0.2158749566662641,CORE,True,,ACCEPTED
V188_CONTROL,3e272125655f9c13b768a9254ab76d91ed1a55d49212f1b18e5a4f3f0cd77092,ASTR/USDT:USDT,Binance,LONG,2025-07-04 13:30:00+00:00,2025-07-04 13:45:00+00:00,36.024817870048295,0.1965927519854616,CORE,False,LONG過去72小時已有3筆停損，冷卻中,REJECTED
V188_CONTROL,3b970f2ed0ea8b61eeaeee204af1115a998237da0d856d2f85d2be72a166dc8b,BTCDOM/USDT:USDT,Binance,LONG,2025-07-31 22:30:00+00:00,2025-07-31 22:45:00+00:00,40.95436004748187,0.22218512289292,CORE,True,,ACCEPTED
V188_CONTROL,e90fdd4ab988eaa78691c6620eae5b453e040d9df5f5138e5ec8511e87581568,ETH/USDT:USDT,Binance,LONG,2025-08-05 23:00:00+00:00,2025-08-05 23:15:00+00:00,33.279172744058165,0.3327917274405816,CORE,True,,ACCEPTED
V188_CONTROL,7db3790362bf16222b44ffd1af3b7e6eba2e8cd4329818cc92bd61c4b47f4d53,BTC/USDT:USDT,Binance,LONG,2025-08-10 22:45:00+00:00,2025-08-10 23:00:00+00:00,41.92397735995563,41.92397735995563,CORE,True,,ACCEPTED
V188_CONTROL,73d2fc7ab32c3e9244e43b0ae198067145f51a93afe54dfe6fda8eed7454cf40,DEXE/USDT:USDT,Binance,LONG,2025-08-16 11:00:00+00:00,2025-08-16 11:15:00+00:00,46.700439455748295,46.700439455748295,CORE,True,,ACCEPTED
V188_CONTROL,5b758520abacdb8838e12abeaf5a1b17aaed8f3cd3d2b3c37f28f96eeef902e3,IDOL/USDT:USDT,Binance,LONG,2025-08-26 07:45:00+00:00,2025-08-26 08:00:00+00:00,47.10746048327631,47.10746048327631,CORE,True,,ACCEPTED
V188_CONTROL,9296dfb1c69e9080c2d3a340551ab1f742a18e33d39413f4bba87465d44651a8,CHR/USDT:USDT,Binance,LONG,2025-08-28 00:00:00+00:00,2025-08-28 00:15:00+00:00,45.383229317067375,45.383229317067375,CORE,True,,ACCEPTED
V188_CONTROL,e239604307bc8fc15e1142b4659e1795c7b219015df7eb785c4244d9bd19f1c0,MOVR/USDT:USDT,Binance,LONG,2025-08-30 14:00:00+00:00,2025-08-30 14:15:00+00:00,47.087644718576605,47.087644718576605,CORE,True,,ACCEPTED
V188_CONTROL,4778b08d0982dd251aa35e404dcd72d6859a360982bd50d522a6b236349c8038,BTCDOM/USDT:USDT,Binance,LONG,2025-08-31 23:15:00+00:00,2025-08-31 23:30:00+00:00,48.30612551237495,48.30612551237495,CORE,True,,ACCEPTED
V188_CONTROL,27de39589b92850f2fdf5f4b045bf0998bc2619d3e5a16845d8c808c8d8fcb79,ETH/USDT:USDT,Binance,LONG,2025-09-09 12:15:00+00:00,2025-09-09 12:30:00+00:00,38.86879343319094,0.3886879343319094,CORE,True,,ACCEPTED
V188_CONTROL,b6972d4585adaa2c617313077091d35a3bf8bb6934e8af18a17e8bbbfec63ca5,AVAAI/USDT:USDT,Binance,LONG,2025-09-13 23:45:00+00:00,2025-09-14 00:00:00+00:00,48.45810159065553,48.45810159065553,CORE,True,,ACCEPTED
V188_CONTROL,186ebdc7be411d963d6ac0605caa2b902194234e72157817148d9ef4289292a3,USUAL/USDT:USDT,Binance,LONG,2025-09-21 14:30:00+00:00,2025-09-21 14:45:00+00:00,46.89838119475422,46.89838119475422,CORE,True,,ACCEPTED
V188_CONTROL,20ad79aacd0fc22546d4db7e992af634cb00f1898419021b2373a5c25719e697,PROM/USDT:USDT,Binance,LONG,2025-09-25 15:45:00+00:00,2025-09-25 16:00:00+00:00,46.16926751196621,46.16926751196621,CORE,True,,ACCEPTED
V188_CONTROL,ed96ca4b3153342e051374558c325be1ef89da6f710e7ef2ad2e9095d2ab4f31,GPS/USDT:USDT,Binance,LONG,2025-09-30 12:45:00+00:00,2025-09-30 13:00:00+00:00,47.32379195758071,47.32379195758071,CORE,True,,ACCEPTED
V188_CONTROL,877978e9ed72b7608b5cc8edc360ebe1e970ac337f742183ed9628057be38d85,THETA/USDT:USDT,Binance,LONG,2025-10-01 08:15:00+00:00,2025-10-01 08:30:00+00:00,48.92874722870292,48.92874722870292,CORE,True,,ACCEPTED
V188_CONTROL,1370f620797eeb983c64564fbdfcf638f2c32ed09c33381ba36e70fd71e6212c,H/USDT:USDT,Bitget,LONG,2025-10-07 17:00:00+00:00,2025-10-07 17:15:00+00:00,49.33870917614525,47.33870917614525,CORE,True,,ACCEPTED
V188_CONTROL,3a5aa1b361df47666bf16e1ed2b4cb602254102e06c60907d4e73005ff73f9d8,GPS/USDT:USDT,Binance,LONG,2025-10-08 02:00:00+00:00,2025-10-08 02:15:00+00:00,45.084733331596645,45.084733331596645,CORE,True,,ACCEPTED
V188_CONTROL,18757a150c58e8dec405ea2a4a2b13113ac4bb74408213369b0be22a5ba146ef,PROM/USDT:USDT,Binance,LONG,2025-10-09 13:45:00+00:00,2025-10-09 14:00:00+00:00,45.84625314485301,45.84625314485301,CORE,False,LONG過去72小時已有2筆停損，冷卻中,REJECTED
V188_CONTROL,d0e08e8eb5f2e481cd24ac16a2b23562fbdf4041438f0158f1413260c358d3df,IDOL/USDT:USDT,Binance,LONG,2025-10-21 04:00:00+00:00,2025-10-21 04:15:00+00:00,45.22497123065337,45.22497123065337,CORE,True,,ACCEPTED
V188_CONTROL,767df347d686c509186b0ac6e03cc56d96fcafd27da6b37d3de0933a36f2dac4,STG/USDT:USDT,Binance,SHORT,,2025-10-28 20:00:00+00:00,,1078.62111781,CORE,True,,ACCEPTED
V188_CONTROL,0be8f58900c85d3968ae89fea9364976760431c3a45231b341c4e5fa5b4652a5,2Z/USDT:USDT,Binance,SHORT,,2025-10-29 08:15:00+00:00,,57.63064245315361,CORE,True,,ACCEPTED
V188_CONTROL,cb0f6848f204eee4e87a094b2726ef6f38eec7968a3aa38cbdaa53b115612820,MAV/USDT:USDT,Binance,SHORT,,2025-10-30 00:00:00+00:00,,1076.80795772,CORE,True,,ACCEPTED
V188_CONTROL,fe07fc5cd974ccca1fe28ee5ff8ce26e73a4308ae4dc0dd159bc84d38e336e7b,2Z/USDT:USDT,Binance,SHORT,,2025-10-30 00:00:00+00:00,,1067.34247365,CORE,False,同類訊號24小時冷卻,REJECTED
V188_CONTROL,bcb73c45275054bc8b9b3fb9eac9777ab1a639fb4c2be78ca69a6b5e9d1e048f,INIT/USDT:USDT,Binance,SHORT,,2025-10-30 00:00:00+00:00,,1074.39601069,CORE,True,,ACCEPTED
V188_CONTROL,35be6ec84c2a298f4749b0c0a8919bfe37f5cd7b1b2ca4cdadbd6e5867da2a0d,G/USDT:USDT,Binance,SHORT,,2025-10-30 08:15:00+00:00,,53.81272584557961,CORE,True,,ACCEPTED
V188_CONTROL,6b7f4e184a9e0ad282d7ecb5e4ddc46527545983acf718f880c1baa99c47babf,BNB/USDT:USDT,Binance,LONG,2025-11-07 17:15:00+00:00,2025-11-07 17:30:00+00:00,47.11148823909628,47.11148823909628,CORE,True,,ACCEPTED
V188_CONTROL,a5940765fcd56d590a62d6d0360dd4baf64ac62f0f427760ba4df8b12f9fbdc4,ASTER/USDT:USDT,Binance,LONG,2025-11-11 01:00:00+00:00,2025-11-11 01:15:00+00:00,47.75731081395735,47.75731081395735,CORE,True,,ACCEPTED
V188_CONTROL,edb202f822cfa056e7438f12a33bd540cea90c926b788d3e12d420adb8fdaa74,EDU/USDT:USDT,Binance,LONG,2025-11-12 23:45:00+00:00,2025-11-13 00:00:00+00:00,39.02165747648883,0.2564281535084595,CORE,False,LONG過去72小時已有2筆停損，冷卻中,REJECTED
V188_CONTROL,05555fadada37d0d00f4d795ee4383743f9273262a438c71b621798567d8d873,PAXG/USDT:USDT,Binance,LONG,2025-11-13 23:45:00+00:00,2025-11-14 00:00:00+00:00,37.61391981901825,0.2653780082351205,CORE,False,LONG過去72小時已有3筆停損，冷卻中,REJECTED
V188_CONTROL,620ddc82454bef15fb27a674601f6b32057e363de2330f691105a355e95da917,BTCDOM/USDT:USDT,Binance,LONG,2025-11-15 08:15:00+00:00,2025-11-15 08:30:00+00:00,43.75217632547198,0.2784585599905512,CORE,False,LONG過去72小時已有2筆停損，冷卻中,REJECTED
V188_CONTROL,1d0912a0c56c0a8d3ffd0a38473f092fb98c6d1f177427248eb7d190e4acf3df,SOPH/USDT:USDT,Binance,SHORT,,2025-11-16 13:45:00+00:00,,69.74010003626856,CORE,True,,ACCEPTED
V188_CONTROL,581e868cd5361feb832216eaa3d402c2f8c60d4630a47ba6f4dbcc927568ca8a,SOLV/USDT:USDT,Binance,SHORT,,2025-11-16 16:00:00+00:00,,1077.10846397,CORE,True,,ACCEPTED
V188_CONTROL,d515a27f7757a435b2440c83bd635079e0349b7b78f6d6b88683d3bbc9bc9fcc,SONIC/USDT:USDT,Binance,SHORT,,2025-11-16 16:00:00+00:00,,1076.05411678,CORE,False,當下已滿五倉,REJECTED
V188_CONTROL,a5f0736b64ad266aa5b08ed1a30ceff70afeafc99b73bc03162ecf028028fadb,WAL/USDT:USDT,Binance,SHORT,,2025-11-17 16:00:00+00:00,,1080.96448643,CORE,False,當下已滿五倉,REJECTED
V188_CONTROL,e9a702ef3f0a442231ab083515af4600fe7ae4c74d9c192f1f41b58db75d3871,DIA/USDT:USDT,Binance,SHORT,,2025-11-18 13:30:00+00:00,,60.67754886828224,CORE,True,,ACCEPTED
V188_CONTROL,ce01ea2f135a0f4fc26c379e03912e612553437469d668dfd9e6c741b13761a3,XRP/USDT:USDT,Binance,SHORT,,2025-11-20 20:00:00+00:00,,1056.98734904,CORE,True,,ACCEPTED
V188_CONTROL,213e5d9157a3a409875d88a399d2cc461c1d0531c188e9b92822e619d1f87d70,1000CHEEMS/USDT:USDT,Binance,LONG,2025-11-27 09:00:00+00:00,2025-11-27 09:15:00+00:00,49.34538140197345,0.2377589057152838,CORE,True,,ACCEPTED
V188_CONTROL,435081995b354757b81822a347a3e82f4949a05deda50b78856660d78d2845ae,STORJ/USDT:USDT,Binance,LONG,2025-11-28 08:00:00+00:00,2025-11-28 08:15:00+00:00,47.96488000056182,0.2393905232843475,CORE,True,,ACCEPTED
V188_CONTROL,d63950eac31d7ed80b4ff6ad6c798207f9d73f5d7b2f3ccc8abfa1c750f4e020,GMT/USDT:USDT,Binance,SHORT,,2025-11-30 20:00:00+00:00,,1065.07497211,CORE,True,,ACCEPTED
V188_CONTROL,1234edd2dfb470a9dcc9a6b8edd0be1a9016edca7611694829389a8fcd261ae3,FLOW/USDT:USDT,Binance,SHORT,,2025-12-08 16:00:00+00:00,,1069.44006229,CORE,True,,ACCEPTED
V188_CONTROL,afd88d9b5a42c0e57c9268bc9114432a988bf6cbe98c2df6ce1eca5fffe48184,PROVE/USDT:USDT,Binance,LONG,2025-12-26 13:45:00+00:00,2025-12-26 14:00:00+00:00,50.94841771288291,0.2226874792424081,CORE,True,,ACCEPTED
V188_CONTROL,64ad5f607b0d737ad67c16fc29da26947e4b043f8934cd49b4e5a28006e96fff,LQTY/USDT:USDT,Binance,SHORT,,2025-12-29 12:00:00+00:00,,1066.62260713,CORE,True,,ACCEPTED
V188_CONTROL,c6ce58e2653e5ee65a11bc82cf90cea9e19e8c515c5e27348ab6a444d4f395ae,DOGS/USDT:USDT,Binance,SHORT,,2026-01-01 00:00:00+00:00,,1064.37844183,CORE,True,,ACCEPTED
V188_CONTROL,201f993342108d7449d9e1ba2e55e6c97b7b7257f19ba63ebc7f52c66b5ca1f6,IN/USDT:USDT,Binance,LONG,2026-01-07 23:45:00+00:00,2026-01-08 00:00:00+00:00,46.157023221783874,0.2000026499194896,CORE,True,,ACCEPTED
V188_CONTROL,d62b50fd788c0cdb5297c6b7543e1d66dbffd44cf999109971602119b0a4579c,LQTY/USDT:USDT,Binance,LONG,2026-01-11 03:45:00+00:00,2026-01-11 04:00:00+00:00,43.118702387033935,0.2134645762140418,CORE,True,,ACCEPTED
V188_CONTROL,44047fb3683e698facf145168cd9a26c72e17fe88e7eb9e9c6e5f1092be14e33,ZKC/USDT:USDT,Binance,LONG,2026-01-11 10:45:00+00:00,2026-01-11 11:00:00+00:00,49.94382484741938,0.2004929283226179,CORE,True,,ACCEPTED
V188_CONTROL,a007152d4835da471e447b0dd2eab21ef196efeeebf8f61e3f7d47757f033dcd,ASR/USDT:USDT,Binance,LONG,2026-01-14 03:00:00+00:00,2026-01-14 03:15:00+00:00,50.07886340949906,0.2017737029373556,CORE,True,,ACCEPTED
V188_CONTROL,e59c9e949798ca1b70e8ca36c2bfbefde75d0fef2e57881ddc5c781807d154b2,USTC/USDT:USDT,Binance,LONG,2026-01-25 00:30:00+00:00,2026-01-25 00:45:00+00:00,54.69858184473848,0.2054669132141631,CORE,True,,ACCEPTED
V188_CONTROL,32563969136b671fb9c33d8af70548ed6b2ce19ad42b2187c99fdccc52a1f0fe,KMNO/USDT:USDT,Binance,SHORT,,2026-01-25 01:30:00+00:00,,69.85460100820775,CORE,True,,ACCEPTED
V188_CONTROL,0b0c0eca63a5bb76a86acf75112ab370e53d95fa57494ed0d543795ca2bc05d0,STRK/USDT:USDT,Binance,SHORT,,2026-01-25 08:00:00+00:00,,1079.0,CORE,True,,ACCEPTED
V188_CONTROL,5ef8fd682ba8d039c0198e5d03847d9c8a5ac5e26bdff069cfd097b4fbc144f3,INIT/USDT:USDT,Binance,SHORT,,2026-02-09 17:15:00+00:00,,1020.3992038172104,CORE,False,同標的已有持倉或已選中,REJECTED
V188_CONTROL,5f44ecda19d659fa8a371408749981ba756c5d53b726d740cbb0c19b5e4c6141,GUA/USDT:USDT,Binance,LONG,2026-02-15 16:45:00+00:00,2026-02-15 17:00:00+00:00,46.35956409967219,46.35956409967219,CORE,True,,ACCEPTED
V188_CONTROL,08801ffc0074be4078a8b00dc9731fa3e0a7734ad37f12b10548489478f1ad98,XAG/USDT:USDT,Binance,LONG,2026-02-18 13:15:00+00:00,2026-02-18 13:30:00+00:00,47.833940526576576,0.2034766739344294,CORE,True,,ACCEPTED
V188_CONTROL,2763ba507134a64a27bf4e411889419eef52639b4a5da446a9c98e9956e797bd,BTCDOM/USDT:USDT,Binance,LONG,2026-02-18 20:00:00+00:00,2026-02-18 20:15:00+00:00,54.97265675865492,0.2134926135912438,CORE,True,,ACCEPTED
V188_CONTROL,299f8076fa5730b9aa57e9eb92530d07db3fd6bac4ef07e89b385253fdc2669a,SIGN/USDT:USDT,Binance,SHORT,,2026-02-19 12:00:00+00:00,,1073.87564777,CORE,True,,ACCEPTED
V188_CONTROL,a66e954eb2dd154d452581c07f6dc9cfd87114561bc0d60ee4cddcf3405d7088,TOWNS/USDT:USDT,Binance,SHORT,,2026-02-22 16:00:00+00:00,,1056.17156683,CORE,True,,ACCEPTED
V188_CONTROL,e86fb30a1c6c90777e5a0cc68d12d032eea7d29c1a1cdab619d89dcb45bafe2f,A/USDT:USDT,Binance,LONG,2026-02-25 11:45:00+00:00,2026-02-25 12:00:00+00:00,38.688668184660855,0.2018532939907971,CORE,True,,ACCEPTED
V188_CONTROL,80c77c816c3f4137e0efde1e710e1198f68f6af2e8d59def6e6ba44dd0cc53b9,SKYAI/USDT:USDT,Binance,LONG,2026-02-26 12:00:00+00:00,2026-02-26 12:15:00+00:00,46.274075547165936,46.274075547165936,CORE,True,,ACCEPTED
V188_CONTROL,1d8c64dc3d5e166bf7969bb17a0b02cbc4ea910fb36a4d6e46d139fd8987ad24,M/USDT:USDT,Binance,LONG,2026-03-07 23:00:00+00:00,2026-03-07 23:15:00+00:00,38.1728180688627,0.2257577726580691,CORE,True,,ACCEPTED
V188_CONTROL,2422245811a38c556a2cb61d84524a291e72dc81ac431c14bac39751cd5e278c,SYN/USDT:USDT,Binance,LONG,2026-03-08 05:15:00+00:00,2026-03-08 05:30:00+00:00,35.5598757923761,0.2054993544540941,CORE,True,,ACCEPTED
V188_CONTROL,4b060df5a65403241bfab68b5c61965dd044552356ec495a6c2f4f0cfdfddc8c,TRUMP/USDT:USDT,Binance,SHORT,,2026-03-10 00:00:00+00:00,,1077.57394806,CORE,True,,ACCEPTED
V188_CONTROL,b5c9a7af6c0a4891a2ba3b9c6922552a65858a6b78f91a053b7b3e874942f7ef,SUPER/USDT:USDT,Binance,LONG,2026-03-14 16:45:00+00:00,2026-03-14 17:00:00+00:00,51.569749777484446,0.236798362581442,CORE,True,,ACCEPTED
V188_CONTROL,a243a1ce8ad3a46533e48f17875c0460abdc9c3c99785796708c5089f2fe5510,XPD/USDT:USDT,Binance,LONG,2026-03-17 13:30:00+00:00,2026-03-17 13:45:00+00:00,43.43441399837248,0.2090972910782708,CORE,True,,ACCEPTED
V188_CONTROL,0edb111e3f87defb213f3a1319b0b31409649e3e6aabe9fe74e084abde014c82,SSV/USDT:USDT,Binance,SHORT,,2026-03-22 00:00:00+00:00,,1047.73250058,CORE,True,,ACCEPTED
V188_CONTROL,51712636bb0abb55d7fbb37f0de3e582551263b827b012b87ae7a1f21c0b175e,B2/USDT:USDT,Binance,LONG,2026-03-22 00:15:00+00:00,2026-03-22 00:30:00+00:00,56.70948880196035,0.1980005246031912,CORE,True,,ACCEPTED
V188_CONTROL,6f34803595188195c62d7a43f71ee218639677af2f12855ce01f015b613d240c,EDU/USDT:USDT,Binance,SHORT,,2026-03-23 00:00:00+00:00,,1066.36792089,CORE,True,,ACCEPTED
V188_CONTROL,85799d9c10841c479e31d6e5a0a0973da9b419041defa0f4298bd108884baaab,BNB/USDT:USDT,Binance,LONG,2026-04-17 09:00:00+00:00,2026-04-17 09:15:00+00:00,49.30127202458868,0.2069098460155587,CORE,True,,ACCEPTED
V188_CONTROL,7288a37ceb518abdd11feb32221c95025d759491ab6c2806960d2137b593babc,SQD/USDT:USDT,Binance,LONG,2026-04-24 00:00:00+00:00,2026-04-24 00:15:00+00:00,46.356373714204025,0.1976365802170896,CORE,True,,ACCEPTED
V188_CONTROL,d4296deecdee1ded3f42f084c8d63b91b22f5b36c9d567a92e4f9b858fcad759,DRIFT/USDT:USDT,Binance,LONG,2026-04-28 15:00:00+00:00,2026-04-28 15:15:00+00:00,48.53815658303744,48.53815658303744,CORE,True,,ACCEPTED
V188_CONTROL,c92daabee50f7f27395fe989ed66fc9d698ee8811e69c26a24f2ad87280ee1a9,HOT/USDT:USDT,Binance,LONG,2026-04-29 03:15:00+00:00,2026-04-29 03:30:00+00:00,41.6783257473714,0.2060983868776399,CORE,False,LONG過去24小時已有2筆進場,REJECTED
V188_CONTROL,777a77e102b0c5a81260948383552389ef31e90b487911b5dbd8bcabc0f934c1,PAYP/USDT:USDT,Binance,LONG,2026-04-29 16:45:00+00:00,2026-04-29 17:00:00+00:00,48.59757097311941,0.1919481856339553,CORE,True,,ACCEPTED
V188_CONTROL,31c1de0f5b0fa6f82d64372e0fb4b7bf54b6f7b88c6d26433382695fe3e55565,BABA/USDT:USDT,Binance,LONG,2026-05-05 00:00:00+00:00,2026-05-05 00:15:00+00:00,54.02703324444045,0.2421196154539374,CORE,True,,ACCEPTED
V188_CONTROL,24f002a01f10bfc5ff438a67685a495465062c6737b861be2321a3b862d28c86,EUL/USDT:USDT,Binance,LONG,2026-05-08 08:00:00+00:00,2026-05-08 08:15:00+00:00,48.55587152418831,0.2128928985966178,CORE,True,,ACCEPTED
V188_CONTROL,1877e4cfc79c417b99eed985a2b76c82551d7ad9015674d9747b0cab88b5aaaf,CL/USDT:USDT,Binance,LONG,2026-05-12 01:15:00+00:00,2026-05-12 01:30:00+00:00,57.77629138124354,0.2419438836759125,CORE,True,,ACCEPTED
V188_CONTROL,3252e00cb593f087394e71c5763250efba258bdbbc6adf933915293b95a9335e,CL/USDT:USDT,Binance,LONG,2026-05-15 14:30:00+00:00,2026-05-15 15:00:00+00:00,32.640891211673825,0.2251830251261415,CORE,True,,ACCEPTED
V188_CONTROL,b0aa097b01586676e42c78543873c89ba267ea6b8d51ca8f6c50fc04d56fd33e,ARK/USDT:USDT,Binance,LONG,2026-05-23 05:45:00+00:00,2026-05-23 06:00:00+00:00,46.34920512972932,0.2152489237665261,CORE,True,,ACCEPTED
V188_CONTROL,594be9489011569e2d51cbdb377929d2e76e3e3f85607790f8489b43573b7dd8,IDOL/USDT:USDT,Binance,LONG,2026-05-26 17:00:00+00:00,2026-05-26 17:15:00+00:00,42.17937404495497,0.2229160311888748,CORE,True,,ACCEPTED
V188_CONTROL,6e393fb87ffcea6a96e6b7199ca18d8c7e158d4c83389f98dcd9d1a373e220da,WAL/USDT:USDT,Binance,SHORT,,2026-05-29 02:45:00+00:00,,1092.073686787973,CORE,True,,ACCEPTED
V188_CONTROL,b90af40ff8ffb0c77fc60605321ff5c8153b09e44fbfab0d159a2004635b6008,KAIA/USDT:USDT,Binance,LONG,2026-05-29 20:15:00+00:00,2026-05-29 20:30:00+00:00,44.365646980090816,0.2260456368728757,CORE,True,,ACCEPTED
V188_CONTROL,175f420fbed5308dc981ce6b1a8f6256f25fd172b561aa5c63f50196950c79d6,CL/USDT:USDT,Binance,LONG,2026-06-01 06:00:00+00:00,2026-06-01 06:15:00+00:00,37.88872645522743,0.2395241939836017,CORE,True,,ACCEPTED
V188_CONTROL,a17c5066c6fad2805f20e775ae26cd5549c1e0369ba1d8bf647e78c0cf80d3d6,JPM/USDT:USDT,Binance,LONG,2026-06-03 16:30:00+00:00,2026-06-03 16:45:00+00:00,45.930907713362345,0.2268263605966877,CORE,True,,ACCEPTED
V188_CONTROL,3f691bb94be8c2da2bfde31b5a03051d7d3e7600f9f8b05fabd4b837248c73e0,SONIC/USDT:USDT,Binance,SHORT,,2026-06-04 16:30:00+00:00,,1016.6846136239576,CORE,True,,ACCEPTED
V188_CONTROL,13f4007fbca929d93d03a1da595570a34ca7c714d51d496bf85615808c5ffa1b,BTCDOM/USDT:USDT,Binance,LONG,2026-06-04 21:15:00+00:00,2026-06-04 21:30:00+00:00,38.85881507170833,0.2275489857878936,CORE,True,,ACCEPTED
V188_CONTROL,1af459fa7036ae726438b2a9107745088d85dc3ad9181b8c87d914b1dddefb4f,USTC/USDT:USDT,Binance,LONG,2026-06-08 02:30:00+00:00,2026-06-08 02:45:00+00:00,45.79981555962876,0.2198068772635115,CORE,True,,ACCEPTED
V188_CONTROL,f2aedc00bf27f0d254af3de98d95291ccc91aa274926111417b63df98a7e3ee8,LAYER/USDT:USDT,Binance,LONG,2026-06-14 12:15:00+00:00,2026-06-14 12:30:00+00:00,46.23166382048399,0.226075048660251,CORE,True,,ACCEPTED
V188_CONTROL,11d7dab44ff6111c5cd9e8173ae2afcd6515cb298017761ca35394b4530289da,ZM/USDT:USDT,Binance,LONG,2026-06-23 23:45:00+00:00,2026-06-24 00:00:00+00:00,50.730123674074285,0.2232666442091923,CORE,True,,ACCEPTED
V188_CONTROL,544c0257dac71b29407138f83f70ee5907f590ae556c2f62fbc35c8957abdd3f,EWZ/USDT:USDT,Binance,LONG,2026-06-24 20:30:00+00:00,2026-06-24 20:45:00+00:00,55.56362066699417,0.2276902486321904,CORE,True,,ACCEPTED
V188_CONTROL,857de4814a691bca90efcf9ed7af63a49c8c6fd59d1036e33e516d949d288c41,ESP/USDT:USDT,Binance,LONG,2026-06-25 19:45:00+00:00,2026-06-25 20:00:00+00:00,45.370233563025735,45.370233563025735,CORE,True,,ACCEPTED
V188_CONTROL,47e474c15df9f06a33f366882f0dd35848b5b3b73ded167dbd1b3c3ba42e8e94,XMR/USDT:USDT,Binance,LONG,2026-06-26 15:00:00+00:00,2026-06-26 15:15:00+00:00,47.93585506678237,47.93585506678237,CORE,True,,ACCEPTED
V188_CONTROL,709b7d042dc79313d51cfcdaea2d8849e71b0f57b3fcf8ebafcbd30af87c5d21,CAT/USDT:USDT,BingX,LONG,2026-07-01 20:30:00+00:00,2026-07-01 20:45:00+00:00,33.55099972034694,-1.74895535519946,CORE,True,,ACCEPTED
V188_CONTROL,adf4691435aa6f1fca410d97945dec02492238acaaa3a66398839ccd68077755,XPD/USDT:USDT,Binance,LONG,2026-07-02 06:00:00+00:00,2026-07-02 06:15:00+00:00,37.29171748123181,0.2486423853636429,CORE,False,LONG過去24小時已有2筆進場,REJECTED
V188_CONTROL,2bf9a46a7f84f915a5e40f0e0d35ca15caeaced6de91c4cc4e5268ca56e15bbd,GTC/USDT:USDT,Binance,LONG,2026-07-05 20:15:00+00:00,2026-07-05 20:30:00+00:00,51.28561958875426,0.2414942390351924,CORE,True,,ACCEPTED
V188_CONTROL,219bd61b05d99258044a28de7679844eddb6ae5b1c047ac68ab4f9616b982f7f,IMX/USDT:USDT,Binance,LONG,2026-07-06 04:15:00+00:00,2026-07-06 04:30:00+00:00,45.99216367976407,45.99216367976407,CORE,True,,ACCEPTED
V188_CONTROL,b8f79a9af4496b55368260a843e381c617d3db219529cda21fdd2d7fa8ebd73c,TSM/USDT:USDT,Binance,LONG,2026-07-06 12:00:00+00:00,2026-07-06 12:15:00+00:00,41.778067340461696,0.2399138154810355,CORE,True,,ACCEPTED
V188_CONTROL,750f7befe5488b7ba74e67c89ee84a1cb472201876b4d9f3fdebca1640c08186,BZ/USDT:USDT,Binance,LONG,2026-07-06 13:15:00+00:00,2026-07-06 13:30:00+00:00,48.64370205470978,0.2270895281272574,CORE,True,,ACCEPTED
V188_CONTROL,f12eadb7ecd8c7d351b4d2d590fe4647ba1e041b858a3aba463a69ca0bb2b38a,BZ/USDT:USDT,Binance,LONG,2026-07-08 14:00:00+00:00,2026-07-08 17:15:00+00:00,35.139165899469134,0.2234533807033312,CORE,True,,ACCEPTED
V188_CONTROL,76f58d5fd0f103610379b2a0aed8e093fa1952311058df3d550a4b79be8369f0,AIA/USDT:USDT,Binance,LONG,2026-07-15 12:45:00+00:00,2026-07-15 13:00:00+00:00,41.37933009887162,0.2225310978372991,CORE,True,,ACCEPTED
V188_CONTROL,ca3dd94049f9a6fb440b3ec729711c5d880af5603962acaae2a4f18a1d968681,ACU/USDT:USDT,Binance,LONG,2026-07-26 12:30:00+00:00,2026-07-26 12:45:00+00:00,48.29783543467703,0.238004720081138,CORE,True,,ACCEPTED
V188_CONTROL,4d1252cbba1c41ac6372de29c0056dd7c79cdf1a7e28264377f9ec3b22fad16e,BROCCOLIF3B/USDT:USDT,Binance,LONG,2026-07-27 14:15:00+00:00,2026-07-27 14:30:00+00:00,47.92859754116088,0.2293285709015486,CORE,True,,ACCEPTED
V188_CONTROL,292d907e4288be358b13c7f2217a0bae2db6b5a7b9b81d7fd307d3a7f542fc93,CLO/USDT:USDT,Binance,LONG,2026-07-28 22:00:00+00:00,2026-07-28 22:15:00+00:00,39.050983616100936,0.3245589577498715,CORE,False,LONG過去72小時已有2筆停損，冷卻中,REJECTED
V188_CONTROL,d821960852f884f9a4242fe2c09c75fa6be2084308f4f0bba3a77e2fc63f2144,ZEST/USDT:USDT,Binance,LONG,2026-07-30 18:00:00+00:00,2026-07-30 18:15:00+00:00,38.23941344789143,0.2236793163366763,CORE,True,,ACCEPTED
V188_CONTROL,20b223d8815e2593c12fc84967011a636d2337124b0d30c16fda04e7274169ee,BTC/USDT:USDT,Binance,LONG,2026-08-13 14:30:00+00:00,2026-08-13 14:45:00+00:00,44.19870157303172,44.19870157303172,CORE,True,,ACCEPTED
V188_CONTROL,63386dc32f77f891917cb4da3ed30dad896ca9ad25ea72739913d6883ebfa008,BTC/USDT:USDT,Binance,LONG,2026-08-17 01:30:00+00:00,2026-08-17 01:45:00+00:00,51.69848955546148,51.69848955546148,CORE,True,,ACCEPTED
V188_CONTROL,d1cc77108a9a39491a7e25f83d13280462d90b6c6b7a326f4c0426ec06e3439f,ETH/USDT:USDT,Binance,LONG,2026-08-18 11:15:00+00:00,2026-08-18 11:30:00+00:00,37.1737691968379,0.371737691968379,CORE,True,,ACCEPTED
V188_CONTROL,5be597bf99e7b19acf516bfffe5d45eeeceef8131cdfe6ad32df7702090adce2,SOLV/USDT:USDT,Binance,LONG,2025-09-01 02:15:00+00:00,2025-09-01 02:30:00+00:00,46.20217669542279,46.20217669542279,CORE,False,LONG過去72小時已有2筆停損，冷卻中,REJECTED
V188_CONTROL,ebe8ea80d42b94b343567d5e3174ba24f7da32ef968f83c303b8386d12dfc87b,IDOL/USDT:USDT,Binance,LONG,2025-09-01 06:00:00+00:00,2025-09-01 06:15:00+00:00,45.61210524346947,45.61210524346947,CORE,False,LONG過去72小時已有2筆停損，冷卻中,REJECTED
V188_CONTROL,46f7228100c69168331f71cd388d412cd05bff6faaef0274ed2c024686618511,SIGN/USDT:USDT,Binance,LONG,2025-10-03 19:00:00+00:00,2025-10-03 19:15:00+00:00,46.28951880241074,46.28951880241074,CORE,True,,ACCEPTED
V188_CONTROL,97fc15ba4b02d3b4dc3a1f4f47c454a0f3e1459aae78f5ff4c30dd534dd03ba4,BNT/USDT:USDT,Binance,LONG,2025-10-05 23:00:00+00:00,2025-10-05 23:15:00+00:00,47.62348231292656,47.62348231292656,CORE,True,,ACCEPTED
V188_CONTROL,d4e12d10a8cfa6e104871d6707937ca4478dc7ae07b3094216f902d8f1986e62,SKYAI/USDT:USDT,Binance,LONG,2025-10-23 03:30:00+00:00,2025-10-23 03:45:00+00:00,45.54267878511168,45.54267878511168,CORE,True,,ACCEPTED
V188_CONTROL,85bb334168b8bacd483b96ad9d56bf6b1f6ab7c4421bc71f1fe661d5ede81077,ARIA/USDT:USDT,Binance,LONG,2025-10-30 13:30:00+00:00,2025-10-30 13:45:00+00:00,48.642971843916186,48.642971843916186,CORE,False,當下已滿五倉,REJECTED
V188_CONTROL,83132ffecf5d1783e9132b56cda836f222146667e99aef8b74dfff7b61534d0f,TRX/USDT:USDT,Binance,LONG,2025-11-12 02:00:00+00:00,2025-11-12 02:15:00+00:00,38.45182665907906,0.2469393999505606,CORE,True,,ACCEPTED
V188_CONTROL,96467427975a38fcf390996243840e56b462929b6717926a3f2910f7cb77aae6,MAGIC/USDT:USDT,Binance,LONG,2025-11-17 11:00:00+00:00,2025-11-17 11:15:00+00:00,48.970141745884135,48.970141745884135,CORE,False,當下已滿五倉,REJECTED
V188_CONTROL,4144d3119affb76c01b53e2f371c1249c509143166d5b08a61efe4e8cd2152b4,ASR/USDT:USDT,Binance,LONG,2025-11-17 11:30:00+00:00,2025-11-17 11:45:00+00:00,48.27469885916042,48.27469885916042,CORE,False,當下已滿五倉,REJECTED
V188_CONTROL,f2c56ee8894efe950d0741f17546659fa6a6d0771db2f8a3fa103bf62941796c,KNC/USDT:USDT,Binance,LONG,2025-11-21 20:00:00+00:00,2025-11-21 20:15:00+00:00,49.02831766555295,49.02831766555295,CORE,True,,ACCEPTED
V188_CONTROL,092fcea97befb61b3d27caa084ca917608ea83471f11535f09cd98083e0dc5c5,FIDA/USDT:USDT,Binance,LONG,2025-11-29 11:30:00+00:00,2025-11-29 11:45:00+00:00,48.477588301266366,48.477588301266366,CORE,True,,ACCEPTED
V188_CONTROL,6b233fb7f623e8724b3704b67994e0fd1afeb4cc072633cf26fea05fb1536655,SIGN/USDT:USDT,Binance,LONG,2025-12-10 13:00:00+00:00,2025-12-10 13:15:00+00:00,45.52089869502904,45.52089869502904,CORE,True,,ACCEPTED
V188_CONTROL,0441dbfa8609c8d9a877a0f87592eb27ca0745141f0c020cfccef079d20e229a,TRADOOR/USDT:USDT,Binance,LONG,2025-12-18 02:30:00+00:00,2025-12-18 02:45:00+00:00,46.22023543572972,46.22023543572972,CORE,True,,ACCEPTED
V188_CONTROL,9987af8717fa103b2b9dcf7b3c0642bdd9946b0f78600b21e41d19b29d3144ba,NOM/USDT:USDT,Binance,LONG,2025-12-30 16:00:00+00:00,2025-12-30 16:15:00+00:00,46.02547202000045,46.02547202000045,CORE,False,當下已滿五倉,REJECTED
V188_CONTROL,abd8be1ff181ea638de61c1d50f41baf7326ed5916b6052a6e3bbef6c04cd74f,LIT/USDT:USDT,Binance,LONG,2026-01-04 19:15:00+00:00,2026-01-04 19:30:00+00:00,49.708317044157454,49.708317044157454,CORE,True,,ACCEPTED
V188_CONTROL,9659331249cbc9dbe4e33ca3e22df18b089541247faa0a5997db6529655b7a28,SKY/USDT:USDT,Binance,LONG,2026-01-11 21:45:00+00:00,2026-01-11 22:00:00+00:00,48.08718145254471,0.2182301824363435,CORE,False,LONG過去24小時已有2筆進場,REJECTED
V188_CONTROL,bbd96273b7a3895142e2e7f8632b3c69d155a43207194a92c139b53823382418,PARTI/USDT:USDT,Binance,LONG,2026-01-16 00:00:00+00:00,2026-01-16 00:15:00+00:00,47.36631145171688,47.36631145171688,CORE,True,,ACCEPTED
V188_CONTROL,d11e0cab0c763767e5e7dc5089ecba49aefcc777894e20fccd97cc5327b8b649,EPIC/USDT:USDT,Binance,LONG,2026-01-21 10:30:00+00:00,2026-01-21 10:45:00+00:00,37.49318589503471,0.2075161958230445,CORE,True,,ACCEPTED
V188_CONTROL,58442c016b2be354c98c3013a9242a6d3d34f9d5d5165d95a7896d54906cfba7,PUNDIX/USDT:USDT,Binance,LONG,2026-02-13 03:45:00+00:00,2026-02-13 04:00:00+00:00,47.736997109935096,47.736997109935096,CORE,True,,ACCEPTED
V188_CONTROL,0df6b84296477bef6d3b2b9d43db3928c81fdd1b1b83862fc1b63d54a9ef4a1a,IO/USDT:USDT,Binance,LONG,2026-02-20 01:00:00+00:00,2026-02-20 01:15:00+00:00,48.7298803233636,48.7298803233636,CORE,True,,ACCEPTED
V188_CONTROL,99a9afa2aab167cef9fd4ab442e41f6d12ef504c7b15446ff5a1b4740934c81c,VELVET/USDT:USDT,Binance,LONG,2026-02-23 16:00:00+00:00,2026-02-23 16:15:00+00:00,46.604657385965325,46.604657385965325,CORE,True,,ACCEPTED
V188_CONTROL,8743c499d99c16a21a61519ce39a6b529509d47cf83d0a72ba039360ebf03331,TWT/USDT:USDT,Binance,LONG,2026-03-08 14:30:00+00:00,2026-03-08 14:45:00+00:00,47.53786535621195,47.53786535621195,CORE,False,LONG過去72小時已有2筆停損，冷卻中,REJECTED
V188_CONTROL,0533b278fd3347966c375b452a4649247e3126883fdc8af2a4e183d476bee734,PROM/USDT:USDT,Binance,LONG,2026-04-01 02:30:00+00:00,2026-04-01 02:45:00+00:00,46.99113873347294,46.99113873347294,CORE,True,,ACCEPTED
V188_CONTROL,b442e381e2f88a08fe4c26f2e0aef68f5a3a698fe5a9e772b3b098644d6877c3,DODOX/USDT:USDT,Binance,LONG,2026-04-05 15:00:00+00:00,2026-04-05 15:15:00+00:00,46.908260629732126,46.908260629732126,CORE,True,,ACCEPTED
V188_CONTROL,2c2034580b5ce05973724aa10cd7a7461dae1484817e4f3c1b7ab0de4f3de573,XMR/USDT:USDT,Binance,LONG,2026-04-16 15:15:00+00:00,2026-04-16 15:30:00+00:00,47.87834690815362,47.87834690815362,CORE,True,,ACCEPTED
V188_CONTROL,e7fa48e0e4355a5c45ffdd97fec6529e8c6791c5fce6d6b650e511d78bc71868,WAL/USDT:USDT,Binance,LONG,2026-04-18 12:00:00+00:00,2026-04-18 12:15:00+00:00,48.26979259228792,48.26979259228792,CORE,True,,ACCEPTED
V188_CONTROL,bdf93d23b09d7cd07f5f224d78bd7a4e35c4b0281d4657c90cce35e7d4df588e,ACH/USDT:USDT,Binance,LONG,2026-04-24 08:15:00+00:00,2026-04-24 08:30:00+00:00,45.708487783506826,45.708487783506826,CORE,True,,ACCEPTED
V188_CONTROL,5d4a10f759e40683bf5b4da0c4c2e4101def8b3180115211e94e3eb3a0315fa5,API3/USDT:USDT,Binance,LONG,2026-04-28 15:15:00+00:00,2026-04-28 15:30:00+00:00,49.09955722694984,49.09955722694984,CORE,True,,ACCEPTED
V188_CONTROL,5263ffbadb51f930e2e6e63677dae5b5b8f4c84c670659b5193767f2dec95f4d,Q/USDT:USDT,Binance,LONG,2026-04-30 19:30:00+00:00,2026-04-30 19:45:00+00:00,46.4200275404999,0.2004309143051779,CORE,True,,ACCEPTED
V188_CONTROL,1db45633aff8d51d49fc579aee020d42df5c8ffa8bbfd4852a1ffc9b6fdd94ec,OG/USDT:USDT,Binance,LONG,2026-05-02 08:30:00+00:00,2026-05-02 08:45:00+00:00,45.75298921824806,45.75298921824806,CORE,True,,ACCEPTED
V188_CONTROL,4e6168dda7723565f4b108cd8c71e70a8b426a763fb0a64b81814a637cbe01e1,GPS/USDT:USDT,Binance,LONG,2026-05-15 15:00:00+00:00,2026-05-15 15:15:00+00:00,49.11237836440792,49.11237836440792,CORE,True,,ACCEPTED
V188_CONTROL,bfd8c2577560455e98794c5170f7d34a3821cb7542a8d86ccea338f73ef2f151,TA/USDT:USDT,Binance,LONG,2026-05-16 10:15:00+00:00,2026-05-16 10:30:00+00:00,45.54781224245756,45.54781224245756,CORE,False,LONG過去72小時已有2筆停損，冷卻中,REJECTED
V188_CONTROL,4cdcc601760132350b8ee7ea152dff5a350a4544594ee0be11f79930835504b0,ALPINE/USDT:USDT,Binance,LONG,2026-07-01 21:45:00+00:00,2026-07-01 22:00:00+00:00,45.2996716461334,45.2996716461334,CORE,True,,ACCEPTED
V188_CONTROL,c930ecbd653fdfb02c8dfe9126ba9ac91865fb8b217651197e2e1e33058a954d,ANKR/USDT:USDT,Binance,LONG,2026-07-12 23:45:00+00:00,2026-07-13 00:00:00+00:00,41.33001915967795,0.2378454338061129,CORE,True,,ACCEPTED
V188_CONTROL,7461ab9a973b9c1345e9f085b9b250715b9701176faf17b1c8ff0ecc94207fff,BE/USDT:USDT,Binance,LONG,2026-07-21 13:15:00+00:00,2026-07-21 13:30:00+00:00,49.16923461725925,49.16923461725925,CORE,True,,ACCEPTED
V188_CONTROL,72bba732cf984740bf38d3e0c612868522618001771e5bf9da908c932884dcd7,SQQQ/USDT:USDT,Bitget,LONG,2026-07-24 13:15:00+00:00,2026-07-24 13:30:00+00:00,41.09748557163247,-1.7390049224000406,CORE,True,,ACCEPTED
V188_CONTROL,1fd1b5f001a085e97a9358e9c0fa45656d72be7e6153a4dab1c47a30f1b754b4,FORM/USDT:USDT,Bitget,LONG,2026-07-28 05:30:00+00:00,2026-07-28 05:45:00+00:00,42.52997171439818,-1.7781722240355424,CORE,True,,ACCEPTED
V188_CONTROL,929f42c7e2c34460485219968275aa5459f6570715ba57436dc467c409877b8f,GPS/USDT:USDT,Binance,LONG,2026-07-29 11:15:00+00:00,2026-07-29 11:30:00+00:00,46.82714631533842,46.82714631533842,CORE,False,LONG過去72小時已有2筆停損，冷卻中,REJECTED
