結果,candidate_id,source_version,candidate_family,slot,exchange,symbol,direction,entry_time,entry,stop,tp1,tp2,tp3,outcome,exit_reason,exit_time,tp1_time,tp2_time,tp3_time,selected_ma,ma_reason,risk_usdt,realized_profit_usdt,unrealized_profit_usdt,priority_score,priority_components,rr1,forced_by_core,replaced_by,entry_time_utc8,exit_time_utc8,base,module,forced_for_core,version,entry_mode,asset_group,signal_time,risk_price,stop_pct,ret4_before_entry_pct,ret8_before_entry_pct,volume_ratio,volume_build_3v20,range20_atr,ema20_slope8_atr,prior_resistance_room_r,score,audit_future_8h_gain_pct,audit_became_own_pump_within_8h,audit_own_pump_threshold_pct,rr,exit_price,gross_r,net_r,profit_usdt,bucket,month,walkforward_quality,垃圾分數,垃圾原因,救援A_低熱穩定,救援B_低熱趨勢,統一淨利U,方案,direction_v92,selected_ma_v92,ma_reason_v92,ma_last_reason_v92,ma5_observed_days_v92,ma10_observed_days_v92,ma_exit_period_v92,strong_runner_v92,strong_runner_reason_v92,tp1_weight_v92,tp2_weight_v92,tp3_weight_v92,runner_weight_v92,ma5_history_score,ma10_history_score,tp1_time_v92,tp2_time_v92,tp3_time_v92,ma_exit_time_v92,final_exit_time_v92,final_exit_price_v92,final_exit_reason_v92,remaining_pct_v92,gross_r_v92,realized_net_r_v92,realized_profit_usdt_v92,unrealized_net_r_v92,unrealized_profit_usdt_v92,outcome_v92,last_time_v92,last_price_v92,回測狀態,V96來源,V97類別,V115原進場,V115確認收盤,V98擋下原因,V98原類別,portfolio_kind,priority,V234_source_candidate_id,V234_original_entry_time,V234_original_signal_time,post_tp1_ma_days,post_tp1_ma_reason,V101頂級例外原因,已實現淨利_USDT,V154原Entry,V154最終Entry,V154原訊號時間,V154回踩成交時間,V154原停損,V154結構點,V154結構點時間,V154進場前ATR,V154結構緩衝ATR,V154結構停損,V154風險增加_pct,V154原TP1不變,V154結構後RR,V154最高可接受Entry,V154模式
,,,,,Binance,BICO/USDT:USDT,LONG,2024-08-18 13:00:00+00:00,0.2529,0.2464634285714285,0.2786462857142857,0.2850828571428572,0.2915194285714286,敗,原停損,2024-08-19 08:45:00+00:00,,,,,,10.0,,,45.98894167689223,,3.99999999999994,,,,,BICO,V96強勢突破延續_驗證型,,V84,壓縮早突破,小幣,2024-08-18 12:45:00+00:00,0.0064365714285714,0.0254510534937584,1.0791366906474975,0.9177972865123784,2.40154675892948,1.5399556990015315,3.144927536231882,0.64229508446051,4.707475142045452,45.98894167689223,7.473309608540912,True,4.212027058715573,4.0,0.2464634285714285,-1.0,-1.0691912814636886,-10.691912814636886,2024-08-18 13:00:00+00:00,,,0,,,,,只限BTCETH加大尾單,LONG,10,歷史不足，保守使用10日均線,歷史不足，保守使用10日均線,0,0,,False,一般配置,0.5,0.2,0.15,0.15,,,,,,,2024-08-19 08:45:00+00:00,0.2464634285714285,原停損,0.0,-1.0,-1.0698239879261355,-10.691912814636876,0.0,0.0,LOSS,2025-07-31 23:45:00+00:00,0.1002,已平倉,,新增,,,,,CORE,45.98894167689223,dfa1efb30a71c460343a08ed00376e35db07369c9867522fa46c1726bf391925,2024-08-18 13:00:00+00:00,2024-08-18 12:45:00+00:00,0,,,-10.698239879261354,,,,,,,,,,,,,,,
,,,,,Binance,ZRX/USDT:USDT,LONG,2024-08-22 23:45:00+00:00,0.3296,0.3256902857142857,0.3452388571428572,0.3491485714285715,0.3530582857142857,勝,TP3賣全部剩餘,2024-08-24 10:30:00+00:00,,,,,,10.0,,,49.34128597802183,,4.0,,,,,ZRX,V96強勢突破延續_驗證型,,V84,壓縮早突破,小幣,2024-08-22 23:30:00+00:00,0.0039097142857142,0.0118619972260749,0.4265691651432091,0.4571776897287494,3.254082169942779,1.565551162841066,3.390625000000028,0.7536983354899974,9.847266881028911,49.34128597802183,1.3349514563106846,False,3.291376116345672,4.0,0.3530582857142857,4.0,3.846062547868455,38.46062547868455,2024-08-22 23:45:00+00:00,,,0,,,,,只限BTCETH加大尾單,LONG,10,歷史不足，保守使用10日均線,趨勢完整且順暢（效率0.59），使用10日線,0,3,,False,一般配置,0.5,0.2,0.15,0.15,,,2024-08-23 20:00:00+00:00,2024-08-24 09:00:00+00:00,2024-08-24 10:30:00+00:00,,2024-08-24 10:30:00+00:00,0.3530582857142857,TP3賣全部剩餘,0.0,3.8999999999999977,4.59397989622917,37.46151732338099,0.0,0.0,WIN,2025-07-31 23:45:00+00:00,0.2367,已平倉,,新增,,,,,CORE,49.34128597802183,2590289e192452aa3423755f125d0a6ec89e7086cf346266e580d9243b598b61,2024-08-22 23:45:00+00:00,2024-08-22 23:30:00+00:00,10,趨勢完整且順暢（效率1.00），使用10日線,,45.44832397298806,,,,,,,,,,,,,,,
,,,,,Binance,TRX/USDT:USDT,LONG,2024-08-27 14:45:00+00:00,0.16177,0.1601466571428571,0.1682633714285714,0.1698867142857142,0.1715100571428571,敗,原停損,2024-08-27 21:30:00+00:00,,,,,,10.0,,,45.12259443725744,,3.9999999999999134,,,,,TRX,V96強勢突破延續_驗證型,,V84,壓縮早突破,小幣,2024-08-27 14:30:00+00:00,0.0016233428571428,0.0100348819752913,0.6094906399651823,0.8289703315881303,2.23209260602932,1.6713562618321356,2.91745602165088,0.2733037970810795,4.379851100902903,45.12259443725744,1.16832540025964,False,1.8749955499851343,4.0,0.1601466571428571,-1.0,-1.1768570712652462,-11.768570712652462,2024-08-27 14:45:00+00:00,,,0,,,,,只限BTCETH加大尾單,LONG,10,進場前歷史：10日均線持有品質較高,進場前歷史：10日均線持有品質較高,0,0,,False,一般配置,0.5,0.2,0.15,0.15,0.3460640997346159,0.3787712280407262,,,,,2024-08-27 21:30:00+00:00,0.1601466571428571,原停損,0.0,-1.0,-1.1784743069855823,-11.768570712652432,0.0,0.0,LOSS,2025-07-31 23:45:00+00:00,0.32478,已平倉,,新增,,,,,CORE,45.12259443725744,0fa5244fc946cf79bfbe4bf4964806a10ee6dc6b7b6be6902c0fc5989e5ad256,2024-08-27 14:45:00+00:00,2024-08-27 14:30:00+00:00,0,,,-12.194263882556276,,,,,,,,,,,,,,,
❌,C0003,V62_BASE,V65_CORE,CORE_PROTECTED,Binance,TRX/USDT:USDT,SHORT,2024-09-06 20:00:00+00:00,0.14761,0.1508083928571428,0.13382,0.13308,0.1299,LOSS,原停損,2024-09-07 12:45:00+00:00,,,,,TP1_NOT_HIT,9.79282680686028,-10.602505653351622,0.0,1101.12973891,,4.311540394171262,False,,2024-09-07 04:00:00+08:00,2024-09-07 20:45:00+08:00,TRX,V72.8S核心,False,,,,,,0.0216678602882107,,,,,,,,,,,,,0.1508083928571428,,,,,,,0,,,,-10.602505653351622,只限BTCETH加大尾單,SHORT,10,進場前歷史：10日均線持有品質較高,進場前歷史：10日均線持有品質較高,0,0,,False,一般配置,0.5,0.2,0.15,0.15,-0.0386097028211293,0.3440342530299053,,,,,2024-09-07 12:45:00+00:00,0.1508083928571428,原停損,0.0,-1.0,-1.083972346602648,-10.607701983241771,0.0,0.0,LOSS,2025-07-31 23:45:00+00:00,0.32478,已平倉,保留V94核心,核心,,,,,CORE,1101.12973891,704d7d99c1a106a4126beb578536f25b65efc0771967beeea52e8113a6cf57f9,2024-09-06 20:00:00+00:00,,0,,核心反彈失敗空單,-11.084222319664978,,,,,,,,,,,,,,,
,,,,,Binance,BB/USDT:USDT,LONG,2024-09-07 05:15:00+00:00,0.2907453142857142,0.2813582142857143,0.3282937142857143,0.3376671428571429,0.3470405714285715,勝,含成本保本,2024-09-11 04:45:00+00:00,,,,,,10.0,,,48.56660670956056,,4.000000000000012,,,,,BB,V96強勢突破延續_驗證型,,V84,壓縮早突破,小幣,2024-09-07 05:00:00+00:00,0.0093870999999999,0.032286332878869,1.928471248246844,2.539682539682553,2.924734873185297,1.6320490954028768,3.423197492162976,0.690295441209723,9.505593318499086,48.56660670956056,3.095975232198156,False,4.699500144878017,4.000000000000012,0.2912691272831262,4.0,3.941095678973025,39.41095678973025,2024-09-07 05:15:00+00:00,,,3,成交量瞬間過熱、八根已追高、停損太寬,,,,只限BTCETH加大尾單,LONG,5,進場前歷史：5日均線持有品質較高,趨勢完整且順暢（效率0.57），使用10日線,0,2,,False,一般配置,0.5,0.2,0.15,0.15,-0.1796097630907598,-0.2501587530437831,2024-09-09 21:15:00+00:00,,,,2024-09-11 04:45:00+00:00,0.2912691272831262,含成本保本,0.0,1.999999999999997,1.9703244279003,19.42879368365934,0.0,0.0,WIN,2025-07-31 23:45:00+00:00,0.10034,已平倉,,新增,,,,,CORE,48.56660670956056,693db2f72ceaa9366765621561037b06a9942ba6f1b606581c2de426cb9ecabe,2024-09-07 05:15:00+00:00,2024-09-07 05:00:00+00:00,10,趨勢完整且順暢（效率0.41），使用10日線,,20.13929854460809,0.2908,0.2907453142857142,2024-09-07 05:15:00+00:00,2024-09-07 05:15:00+00:00,0.2814265714285714,0.2817,2024-09-07 02:45:00+00:00,0.0022785714285714,0.15,0.2813582142857143,0.1458530191723595,0.3282937142857143,4.000000000000012,0.2907453142857142,等回踩重新定價
,,,,,Binance,AXL/USDT:USDT,LONG,2024-09-18 02:30:00+00:00,0.5059,0.4946185714285714,0.5510257142857145,0.5623071428571431,0.5735885714285717,勝,含成本保本,2024-09-18 15:15:00+00:00,,,,,,10.0,,,48.900366978969856,,4.0,,,,,AXL,V96強勢突破延續_驗證型,,V84,壓縮早突破,小幣,2024-09-18 02:15:00+00:00,0.0112814285714286,0.0222997204416458,0.7563694267515908,1.361633960752906,3.1097163843854148,1.6069775872957386,3.271910112359545,0.599794329033475,17.559832847916866,48.900366978969856,9.482418016594242,True,3.167939743072318,4.0,0.5068114402962667,4.0,3.916445547045278,39.16445547045278,2024-09-18 02:30:00+00:00,,,3,成交量瞬間過熱、八根已追高、空間數值異常,,,,只限BTCETH加大尾單,LONG,5,進場前歷史：5日均線持有品質較高,進場前歷史：5日均線持有品質較高,0,0,,False,一般配置,0.5,0.2,0.15,0.15,0.0041933131865117,-0.1000010974244279,2024-09-18 07:00:00+00:00,,,,2024-09-18 15:15:00+00:00,0.5068114402962667,含成本保本,0.0,2.0,1.957840749651768,19.18229236438189,0.0,0.0,WIN,2025-07-31 23:45:00+00:00,0.3407,已平倉,,新增,,,,,CORE,48.900366978969856,ba7283553d938dbf1664681e0de17ad5865deda083de64d20fddae52987563af,2024-09-18 02:30:00+00:00,2024-09-18 02:15:00+00:00,5,短線轉弱或趨勢不夠順（效率-0.21），使用5日線,,20.19729850827412,,,,,,,,,,,,,,,
,,,,,Binance,BICO/USDT:USDT,LONG,2024-10-24 17:45:00+00:00,0.2012,0.1961362857142857,0.2214548571428571,0.2265185714285714,0.2315822857142856,敗,原停損,2024-10-25 04:15:00+00:00,,,,,,10.0,,,48.338126519200216,,3.9999999999999942,,,,,BICO,V96強勢突破延續_驗證型,,V84,壓縮早突破,小幣,2024-10-24 17:30:00+00:00,0.0050637142857142,0.0251675660323771,0.599700149925031,0.8012018027040657,2.6805404374550736,1.470019217509939,2.8586387434554865,0.7139527573251037,13.033910737459808,48.338126519200216,0.9438648782911008,False,2.5359616472620083,4.0,0.1961362857142857,-1.0,-1.0699806977900517,-10.699806977900517,2024-10-24 17:45:00+00:00,,,2,結構太窄、八根已追高,,,,只限BTCETH加大尾單,LONG,10,進場前歷史：10日均線持有品質較高,進場前歷史：10日均線持有品質較高,0,0,,False,一般配置,0.5,0.2,0.15,0.15,-0.1149983555537435,-0.0021618079475751,,,,,2024-10-25 04:15:00+00:00,0.1961362857142857,原停損,0.0,-1.0,-1.0706206229193704,-10.699806977900517,0.0,0.0,LOSS,2025-07-31 23:45:00+00:00,0.1002,已平倉,,新增,,,,,CORE,48.338126519200216,3e8113fd341e6e514bafebaad98d3c71df93accb8d799d6845cbf16788c25f25,2024-10-24 17:45:00+00:00,2024-10-24 17:30:00+00:00,0,,,-11.260875448630587,,,,,,,,,,,,,,,
,,,,,Binance,BTCDOM/USDT:USDT,LONG,2024-11-21 11:15:00+00:00,3454.6,3388.156285714286,3720.374857142856,3786.8185714285705,3853.2622857142846,敗,原停損,2024-11-21 12:00:00+00:00,,,,,,10.0,,,46.4058026712608,,3.999999999999993,,,,,BTCDOM,V96強勢突破延續_驗證型,,V84,壓縮早突破,小幣,2024-11-21 11:00:00+00:00,66.44371428571412,0.0192334030816054,0.8318739054290702,0.9821976672805376,2.574843779001424,1.64283858194642,4.04184100418408,0.7391229542857113,inf,46.4058026712608,0.037632074106253,False,1.3099145364030047,4.0,3388.156285714286,-1.0,-1.0918473021588155,-10.918473021588156,2024-11-21 11:15:00+00:00,,,1,八根已追高,,,,只限BTCETH加大尾單,LONG,5,進場前歷史：5日均線持有品質較高,進場前歷史：5日均線持有品質較高,0,0,,False,一般配置,0.5,0.2,0.15,0.15,0.0673583740770037,-0.0262915452674202,,,,,2024-11-21 12:00:00+00:00,3388.156285714286,原停損,0.0,-1.0,-1.0926871822767286,-10.918473021588156,0.0,0.0,LOSS,2025-07-31 23:45:00+00:00,4463.8,已平倉,,新增,,,,,CORE,46.4058026712608,b04b6c9c3b9835f2487ba14a64594064e10ef6ff1729788df2854d4a551556d6,2024-11-21 11:15:00+00:00,2024-11-21 11:00:00+00:00,0,,,-11.369927185654218,,,,,,,,,,,,,,,
,,,,,Binance,YFI/USDT:USDT,LONG,2024-11-21 12:15:00+00:00,6394.866857142857,6216.917857142857,7106.662857142856,7284.328571428569,7461.994285714283,勝,TP3賣全部剩餘,2024-11-23 15:30:00+00:00,,,,,,10.0,,,46.754051412759246,,4.000000000000005,,,,,YFI,V96強勢突破延續_驗證型,,V84,壓縮早突破,小幣,2024-11-21 12:00:00+00:00,177.9489999999996,0.0278268498743232,1.2995245641838291,1.929516823473132,2.5860910031023785,1.6149603584970658,3.537065052950076,0.5804275989622798,9.731759484103394,46.754051412759246,3.911138923654578,True,3.176362666813777,4.000000000000005,7461.994285714283,4.0,3.93221945885514,39.3221945885514,2024-11-21 12:15:00+00:00,,,1,八根已追高,,,,只限BTCETH加大尾單,LONG,10,進場前歷史：10日均線持有品質較高,短線轉弱或趨勢不夠順（效率0.04），使用5日線,9,8,5.0,False,一般配置,0.5,0.2,0.15,0.15,-0.0320953421239865,-0.0280858506393928,2024-11-23 13:15:00+00:00,2024-11-23 13:15:00+00:00,2024-11-23 15:30:00+00:00,2024-12-10 00:00:00+00:00,2024-11-23 15:30:00+00:00,7461.994285714283,TP3賣全部剩餘,0.0,7.359868452792575,4.679846386404454,72.89091430787302,0.0,0.0,WIN,2025-07-31 23:45:00+00:00,5203.0,已平倉,,新增,,,,,CORE,46.754051412759246,5ecf990c6787c8ed555fdd752bae4c6e33b44ddad14bef3143c9c8fd607ee894,2024-11-21 12:15:00+00:00,2024-11-21 12:00:00+00:00,5,短線轉弱或趨勢不夠順（效率0.38），使用5日線,,48.163921003715934,6396.0,6394.866857142857,2024-11-21 12:15:00+00:00,2024-11-21 12:15:00+00:00,6218.334285714286,6224.0,2024-11-21 09:45:00+00:00,47.21428571428572,0.15,6216.917857142857,0.1594487239277686,7106.662857142856,4.000000000000005,6394.866857142857,等回踩重新定價
,,,,,Binance,DOT/USDT:USDT,LONG,2024-11-27 00:15:00+00:00,8.168,7.873551428571429,9.34579428571428,9.640242857142852,9.93469142857142,敗,原停損,2024-11-27 00:45:00+00:00,,,,,,10.0,,,45.01597930427347,,4.0,,,,,DOT,V96強勢突破延續_驗證型,,V84,壓縮早突破,小幣,2024-11-27 00:00:00+00:00,0.2944485714285703,0.0360490415558974,1.0139730431556917,0.6902502157032142,2.851940027870586,1.33431590711355,3.732567678424948,0.4125999049441575,7.960643139233663,45.01597930427347,1.7872444607663018,False,4.4912794614670775,4.0,7.873551428571429,-1.0,-1.0485876786397157,-10.485876786397156,2024-11-27 00:15:00+00:00,,,3,成交量瞬間過熱、八根已追高、停損太寬,,,,只限BTCETH加大尾單,LONG,10,進場前歷史：10日均線持有品質較高,進場前歷史：10日均線持有品質較高,0,0,,False,一般配置,0.5,0.2,0.15,0.15,0.0939814142924096,0.1194523773441489,,,,,2024-11-27 00:45:00+00:00,7.873551428571429,原停損,0.0,-1.0,-1.0490319793900464,-10.485876786397151,0.0,0.0,LOSS,2025-07-31 23:45:00+00:00,3.679,已平倉,,新增,,,,,CORE,45.01597930427347,eb2b4fa97be6964f02d9f522a09ff99a8e41b7fecf384b0353101d80cbcc586a,2024-11-27 00:15:00+00:00,2024-11-27 00:00:00+00:00,0,,,-11.301654903842676,,,,,,,,,,,,,,,
,,,,,Binance,CKB/USDT:USDT,LONG,2024-12-06 08:45:00+00:00,0.017367,0.0170770028571428,0.0185269885714285,0.0188169857142857,0.0191069828571428,敗,原停損,2024-12-06 09:00:00+00:00,,,,,,10.0,,,47.01820382700499,,3.999999999998935,,,,,CKB,V96強勢突破延續_驗證型,,V84,壓縮早突破,小幣,2024-12-06 08:30:00+00:00,0.0002899971428571,0.0166981714088329,1.1648902090977795,0.9414773057476512,3.103394040495908,1.5890538419308002,3.129210042865876,0.2355364832989682,5.351776864796625,47.01820382700499,0.028786919223922,False,3.962320352608055,4.0,0.0170770028571428,-1.0,-1.1059275997349531,-11.05927599734953,2024-12-06 08:45:00+00:00,,,2,成交量瞬間過熱、八根已追高,,,,只限BTCETH加大尾單,LONG,10,進場前歷史：10日均線持有品質較高,進場前歷史：10日均線持有品質較高,0,0,,False,一般配置,0.5,0.2,0.15,0.15,0.0549944826106722,0.0566423255905084,,,,,2024-12-06 09:00:00+00:00,0.0170770028571428,原停損,0.0,-1.0,-1.1068962344456377,-11.059275997349328,0.0,0.0,LOSS,2025-07-31 23:45:00+00:00,0.005378,已平倉,,新增,,,,,CORE,47.01820382700499,b648618cfb5a760105ef733d7aec38109dcb002f9a9ccedb9223cf7a642e1519,2024-12-06 08:45:00+00:00,2024-12-06 08:30:00+00:00,0,,,-11.799952836637164,,,,,,,,,,,,,,,
,,,,,Binance,1000LUNC/USDT:USDT,LONG,2025-01-14 03:30:00+00:00,0.10077,0.0991021999999999,0.1074412,0.109109,0.1107768,敗,原停損,2025-01-15 09:45:00+00:00,,,,,,10.0,,,46.38766776257998,,3.9999999999997753,,,,,LUNC,V96強勢突破延續_驗證型,,V84,壓縮早突破,小幣,2025-01-14 03:15:00+00:00,0.0016678,0.0165505606827438,0.4885831089839421,0.7095033476566259,2.5469320414988177,1.3265439566411117,2.619469026548675,0.6623290846294011,21.92109365631357,46.38766776257998,1.7463782496527136,False,3.601177127928537,4.0,0.0991021999999999,-1.0,-1.106880298320515,-11.06880298320515,2025-01-14 03:30:00+00:00,,,3,結構太窄、八根已追高、空間數值異常,,,,只限BTCETH加大尾單,LONG,5,進場前歷史：5日均線持有品質較高,進場前歷史：5日均線持有品質較高,0,0,,False,一般配置,0.5,0.2,0.15,0.15,0.0463866574919455,-0.0150468401226082,,,,,2025-01-15 09:45:00+00:00,0.0991021999999999,原停損,0.0,-1.0,-1.107857644801529,-11.068802983205098,0.0,0.0,LOSS,2025-07-31 23:45:00+00:00,0.05841,已平倉,,新增,,,,,CORE,46.38766776257998,47c5ae8fca1e7314ac39bdd65cbe6745a6780bd48e59ab1ab210e3022b6a2703,2025-01-14 03:30:00+00:00,2025-01-14 03:15:00+00:00,0,,,-11.679475172727363,,,,,,,,,,,,,,,
,,,,,Binance,POWR/USDT:USDT,LONG,2025-01-20 23:30:00+00:00,0.2694388,0.2599174999999999,0.3075240000000001,0.3170300000000001,0.3265360000000001,敗,原停損,2025-01-21 04:30:00+00:00,,,,,,10.0,,,45.339577056314674,,4.000000000000006,,,,,POWR,V96強勢突破延續_驗證型,,V84,壓縮早突破,小幣,2025-01-20 23:15:00+00:00,0.0095213,0.035337523771632,0.9737827715355696,0.9737827715355696,2.476887671882145,1.5926032897444964,3.411764705882373,0.2102041047791434,5.207237534188924,45.339577056314674,0.5563798219584637,False,5.075270488745181,4.000000000000006,0.2599174999999999,-1.0,-1.049676669020111,-10.49676669020111,2025-01-20 23:30:00+00:00,,,2,八根已追高、停損太寬,,,,只限BTCETH加大尾單,LONG,10,進場前歷史：10日均線持有品質較高,進場前歷史：10日均線持有品質較高,0,0,,False,一般配置,0.5,0.2,0.15,0.15,-0.1805684731724913,0.0181954788743196,,,,,2025-01-21 04:30:00+00:00,0.2599174999999999,原停損,0.0,-1.0,-1.0500373551930933,-10.49676669020111,0.0,0.0,LOSS,2025-07-31 23:45:00+00:00,0.168,已平倉,,,,,LONG連敗冷卻中,新增,CORE,45.339577056314674,58a2c1db71b7ab367072088bf6708bf40603391224ae2ecedab4333f106cece4,2025-01-20 23:30:00+00:00,2025-01-20 23:15:00+00:00,0,,,-10.9472718695936,0.2695,0.2694388,2025-01-20 23:30:00+00:00,2025-01-20 23:30:00+00:00,0.259994,0.2603,2025-01-20 22:00:00+00:00,0.0025499999999999,0.15,0.2599174999999999,0.1609509783294216,0.3075240000000001,4.000000000000006,0.2694388,等回踩重新定價
,,,,,Binance,KSM/USDT:USDT,LONG,2025-02-23 07:15:00+00:00,20.474,20.14785714285714,21.77857142857144,22.10471428571429,22.43085714285716,敗,原停損,2025-02-23 12:00:00+00:00,,,,,,10.0,,,48.59173762129375,,4.000000000000011,,,,,KSM,V96強勢突破延續_驗證型,,V84,壓縮早突破,小幣,2025-02-23 07:00:00+00:00,0.3261428571428588,0.0159296110746731,1.0363717119873606,0.723211650103317,3.4433401750027004,1.5945410680204108,3.463157894736836,0.499254746062817,25.06570302233889,48.59173762129375,1.2308894641723356,False,3.278664910218905,4.0,20.14785714285714,-1.0,-1.1110813468993863,-11.110813468993864,2025-02-23 07:15:00+00:00,,,3,成交量瞬間過熱、八根已追高、空間數值異常,,,,只限BTCETH加大尾單,LONG,10,進場前歷史：10日均線持有品質較高,進場前歷史：10日均線持有品質較高,0,0,,False,一般配置,0.5,0.2,0.15,0.15,0.0078187666561391,0.0230249790859807,,,,,2025-02-23 12:00:00+00:00,20.14785714285714,原停損,0.0,-1.0,-1.1120971090670164,-11.110813468993864,0.0,0.0,LOSS,2025-07-31 23:45:00+00:00,14.049,已平倉,,新增,,,,,CORE,48.59173762129375,a90d4701f48a387c2e2d034849da2280cf3f7cd65711608a772040ac9b91333e,2025-02-23 07:15:00+00:00,2025-02-23 07:00:00+00:00,0,,,-11.472537888584167,,,,,,,,,,,,,,,
,,,,,Binance,BNB/USDT:USDT,LONG,2025-03-05 01:45:00+00:00,587.1257085714285,580.0606785714285,615.3858285714283,622.4372857142854,629.4887428571425,敗,原停損,2025-03-07 00:45:00+00:00,,,,,,,,,0.2188637889271079,,3.999999999999984,,,,,BNB,V85暴漲前布局,False,V84,均線假跌破站回,小幣,2025-03-05 01:30:00+00:00,7.065029999999979,0.0120332492630757,0.8831008178131983,0.708344052825649,1.5276652608567969,1.0833789483012972,4.482475528891664,0.5287918712091165,20.38869372490404,31.41391414594914,2.895193977996535,True,2.74520664222613,3.999999999999984,580.0606785714285,-1.0,-1.1476372772298942,-11.47637277229894,2025-03-05 01:45:00+00:00,2025-03,0.2188637889271079,2,八根已追高、空間數值異常,False,False,-11.47637277229894,只限BTCETH加大尾單,LONG,10,進場前歷史：10日均線持有品質較高,進場前歷史：10日均線持有品質較高,0,0,,False,一般配置,0.5,0.2,0.15,0.15,-0.1360346507820895,-0.0105025014486786,,,,,2025-03-07 00:45:00+00:00,580.0606785714285,原停損,0.0,-1.0,-1.148685532606171,-11.476372772298944,0.0,0.0,LOSS,2025-07-31 23:45:00+00:00,783.68,已平倉,保留V94核心,,,,LONG連敗冷卻中,核心,CORE,0.2188637889271079,b51440090638a21fdfafb859b8d5d84b4de5941987e00da455ab94ac1d5b8e24,2025-03-05 01:45:00+00:00,2025-03-05 01:30:00+00:00,0,,,-11.71820542418737,587.18,587.1257085714285,2025-03-05 01:45:00+00:00,2025-03-05 01:45:00+00:00,580.1285428571429,580.4,2025-03-05 00:45:00+00:00,2.2621428571428703,0.15,580.0606785714285,0.1924830126300847,615.3858285714283,3.999999999999984,587.1257085714285,等回踩重新定價
,,,,,Binance,1000SHIB/USDT:USDT,LONG,2025-03-14 22:00:00+00:00,0.012769,0.0125399114285714,0.0136853542857142,0.0139144428571428,0.0141435314285714,勝,含成本保本,2025-03-17 14:00:00+00:00,,,,,,10.0,,,48.2879709495471,,3.9999999999991065,,,,,SHIB,V96強勢突破延續_驗證型,,V84,壓縮早突破,小幣,2025-03-14 21:45:00+00:00,0.0002290885714285,0.0179409954913149,0.6067291781577611,0.8132649032767558,3.0668267427051767,1.5191641910696014,2.7424425634824563,0.6447754663586858,19.900599892742644,48.2879709495471,1.065162907268169,False,2.5263912461945126,4.0,0.0127920049044139,4.0,3.8970128652828335,38.970128652828336,2025-03-14 22:00:00+00:00,,,4,成交量瞬間過熱、結構太窄、八根已追高、空間數值異常,,,,只限BTCETH加大尾單,LONG,10,進場前歷史：10日均線持有品質較高,短線轉弱或趨勢不夠順（效率0.64），使用5日線,1,0,,False,一般配置,0.5,0.2,0.15,0.15,-0.1617138113274824,-0.0992324500398843,2025-03-16 17:45:00+00:00,,,,2025-03-17 14:00:00+00:00,0.0127920049044139,含成本保本,0.0,1.9999999999995528,1.9480355595460823,18.98796554675312,0.0,0.0,WIN,2025-07-31 23:45:00+00:00,0.012436,已平倉,,新增,,,,,CORE,48.2879709495471,349e5776da094a690d370741d93af50a5feb30ff4d52e8372a6c98599c9c774b,2025-03-14 22:00:00+00:00,2025-03-14 21:45:00+00:00,5,短線轉弱或趨勢不夠順（效率0.69），使用5日線,,19.644423342813766,,,,,,,,,,,,,,,
,,,,,Binance,XLM/USDT:USDT,LONG,2025-03-23 19:45:00+00:00,0.28225,0.2787686,0.2961756000000001,0.2996570000000001,0.3031384000000001,敗,原停損,2025-03-24 01:45:00+00:00,,,,,,,,,0.1852344325509392,,4.0,,,,,XLM,V85暴漲前布局,False,V84,均線假跌破站回,小幣,2025-03-23 19:30:00+00:00,0.0034814,0.0123344552701506,0.5307023792562982,1.07430617726052,1.5597931100019458,1.898513314831922,3.251141552511432,0.2534650590803209,26.78232894812413,39.74837989948546,0.8609388839680987,False,3.544034521730942,4.0,0.2787686,-1.0,-1.143718464704735,-11.43718464704735,2025-03-23 19:45:00+00:00,2025-03,0.1852344325509392,3,量能堆積過頭、八根已追高、空間數值異常,False,False,-11.43718464704735,只限BTCETH加大尾單,LONG,10,進場前歷史：10日均線持有品質較高,進場前歷史：10日均線持有品質較高,0,0,,False,一般配置,0.5,0.2,0.15,0.15,-0.2166884316435041,-0.1299268390852732,,,,,2025-03-24 01:45:00+00:00,0.2787686,原停損,0.0,-1.0,-1.145032670764634,-11.437184647047347,0.0,0.0,LOSS,2025-07-31 23:45:00+00:00,0.40092,已平倉,保留V94核心,核心,,,,,CORE,0.1852344325509392,98fdc9bb89a021bd0ead46b236e125db80e99d6c94b4cc0a3b95a0a3fc90d8bc,2025-03-23 19:45:00+00:00,2025-03-23 19:30:00+00:00,0,,,-11.771698888755902,,,,,,,,,,,,,,,
,,,,,Binance,TRUMP/USDT:USDT,LONG,2025-03-26 01:00:00+00:00,11.692,11.482837142857145,12.528651428571427,12.737814285714286,12.946977142857143,敗,原停損,2025-03-26 02:30:00+00:00,,,,,,10.0,,,46.8029516672008,,4.000000000000026,,,,,TRUMP,V96強勢突破延續_驗證型,,V84,壓縮早突破,小幣,2025-03-26 00:45:00+00:00,0.2091628571428572,0.0178893993450954,0.7844151366261487,1.0893999654158604,2.236384136229827,1.7119433642734228,3.115438108483976,0.4601264047729808,28.94873441064378,46.8029516672008,1.436879917892564,False,4.829143684366106,4.0,11.482837142857145,-1.0,-1.0988146551419884,-10.988146551419884,2025-03-26 01:00:00+00:00,,,3,量能堆積過頭、八根已追高、空間數值異常,,,,只限BTCETH加大尾單,LONG,5,進場前歷史：5日均線持有品質較高,進場前歷史：5日均線持有品質較高,0,0,,False,一般配置,0.5,0.2,0.15,0.15,0.0064315445234928,-0.2950820416315927,,,,,2025-03-26 02:30:00+00:00,11.482837142857145,原停損,0.0,-1.0,-1.0997182468889597,-10.988146551419891,0.0,0.0,LOSS,2025-07-31 23:45:00+00:00,8.941,已平倉,,新增,,,,,CORE,46.8029516672008,75e55eb6db9029c2bbc39f71defd38747b7fb6b78dda128fb92d6e295345c488,2025-03-26 01:00:00+00:00,2025-03-26 00:45:00+00:00,0,,,-11.176380893785472,,,,,,,,,,,,,,,
,,,,,Binance,ETC/USDT:USDT,LONG,2025-04-01 06:45:00+00:00,16.939,16.653568571428572,18.08072571428572,18.36615714285714,18.65158857142857,敗,原停損,2025-04-02 01:00:00+00:00,,,,,,10.0,,,46.00069652943401,,4.000000000000025,,,,,ETC,V96強勢突破延續_驗證型,,V84,壓縮早突破,小幣,2025-04-01 06:30:00+00:00,0.2854314285714281,0.0168505477638247,0.7494200915957983,0.9054625603145404,2.5556037119925024,1.6416844028943864,3.536332179930754,0.5089131590880581,15.607951872353649,46.00069652943401,1.1748037074207571,False,2.312212160977015,4.0,16.653568571428572,-1.0,-1.1049616514575924,-11.049616514575924,2025-04-01 06:45:00+00:00,,,2,八根已追高、空間數值異常,,,,只限BTCETH加大尾單,LONG,5,進場前歷史：5日均線持有品質較高,進場前歷史：5日均線持有品質較高,0,0,,False,一般配置,0.5,0.2,0.15,0.15,-0.1822799513680782,-0.2593418096784657,,,,,2025-04-02 01:00:00+00:00,16.653568571428572,原停損,0.0,-1.0,-1.1059214532387065,-11.049616514575924,0.0,0.0,LOSS,2025-07-31 23:45:00+00:00,20.545,已平倉,,,,,LONG連敗冷卻中,新增,CORE,46.00069652943401,2e079aa090186ec3b232ead6d32c9cbbc9e86339c066bdf07b2d93fc5f60b9b4,2025-04-01 06:45:00+00:00,2025-04-01 06:30:00+00:00,0,,,-11.115821772015336,,,,,,,,,,,,,,,
,,,,,Binance,CFX/USDT:USDT,LONG,2025-04-02 10:30:00+00:00,0.08286,0.0802206857142857,0.0934172571428571,0.0960565714285713,0.0986958857142856,敗,原停損,2025-04-02 22:15:00+00:00,,,,,,10.0,,,48.97179453816712,,3.999999999999958,,,,,CFX,V96強勢突破延續_驗證型,,V84,壓縮早突破,小幣,2025-04-02 10:15:00+00:00,0.0026393142857142,0.0318526947346645,0.9872029250457048,1.0980966325036643,3.297254249736174,1.6747998131827386,3.224568138195781,0.5084420660382384,13.980904130943156,48.97179453816712,5.563601255129136,True,2.8608245248909507,4.0,0.0802206857142857,-1.0,-1.0551062241567426,-10.551062241567426,2025-04-02 10:30:00+00:00,,,3,成交量瞬間過熱、八根已追高、停損太寬,,,,只限BTCETH加大尾單,LONG,5,進場前歷史：5日均線持有品質較高,進場前歷史：5日均線持有品質較高,0,0,,False,一般配置,0.5,0.2,0.15,0.15,-0.2080488928072808,-0.269120928731605,,,,,2025-04-02 22:15:00+00:00,0.0802206857142857,原停損,0.0,-1.0,-1.0556101325019482,-10.551062241567418,0.0,0.0,LOSS,2025-07-31 23:45:00+00:00,0.21439,已平倉,,新增,,,,,CORE,48.97179453816712,cfdf70efdce02f2a6be52769d17adb643d8785d1aa47c09d5c55137b87f307f0,2025-04-02 10:30:00+00:00,2025-04-02 10:15:00+00:00,0,,,-10.49279360918734,,,,,,,,,,,,,,,
,,,,,Binance,TRX/USDT:USDT,LONG,2025-04-13 23:45:00+00:00,0.2539833885714286,0.2518461785714286,0.2625322285714286,0.2646652857142858,0.266798342857143,敗,原停損,2025-04-14 20:15:00+00:00,,,,,,,,,0.1782997576986509,,4.0,,,,,TRX,V85暴漲前布局,False,V84,均線假跌破站回,小幣,2025-04-13 23:30:00+00:00,0.00213721,0.0084147629182407,0.4627432368296214,0.6777645659928666,2.037925809141233,1.4450157993612445,3.814241486068108,0.493388341491338,,38.65917275255698,2.3503011692453057,True,1.519426783721689,4.0,0.2518461785714286,-1.0,-1.211506171604551,-12.11506171604551,2025-04-13 23:45:00+00:00,2025-04,0.1782997576986509,1,八根已追高,False,False,-12.11506171604551,只限BTCETH加大尾單,LONG,5,進場前歷史：5日均線持有品質較高,進場前歷史：5日均線持有品質較高,0,0,,False,一般配置,0.5,0.2,0.15,0.15,-0.177034054351121,-0.2655262453879115,,,,,2025-04-14 20:15:00+00:00,0.2518461785714286,原停損,0.0,-1.0,-1.2130097699470672,-12.115061716045457,0.0,0.0,LOSS,2025-07-31 23:45:00+00:00,0.32478,已平倉,保留V94核心,核心,,,,,CORE,0.1782997576986509,af0979958ab2bda62ee56445dc224930680fe08b3b114ae9f6ab6f1f4fb3c73c,2025-04-13 23:45:00+00:00,2025-04-13 23:30:00+00:00,0,,,-11.930071701810313,0.254,0.2539833885714286,2025-04-13 23:45:00+00:00,2025-04-13 23:45:00+00:00,0.2518669428571428,0.25195,2025-04-13 22:00:00+00:00,0.0006921428571428,0.15,0.2518461785714286,0.1946903840193359,0.2625322285714286,4.0,0.2539833885714286,等回踩重新定價
,,,,,Binance,EGLD/USDT:USDT,LONG,2025-04-15 12:15:00+00:00,14.21,14.048294285714285,14.856822857142866,15.018528571428584,15.1802342857143,敗,原停損,2025-04-15 14:15:00+00:00,,,,,,10.0,,,46.54000061491359,,4.0,,,,,EGLD,V96強勢突破延續_驗證型,,V84,壓縮早突破,小幣,2025-04-15 12:00:00+00:00,0.1617057142857163,0.0113797124761235,0.6444759206798878,0.5661312009058062,2.848606617263334,1.6484535365132311,3.2235817575083634,0.2008536133792159,35.6078944113641,46.54000061491359,1.0907043839279318,False,2.382201588735473,4.0,14.048294285714285,-1.0,-1.1558510779963709,-11.558510779963706,2025-04-15 12:15:00+00:00,,,2,八根已追高、空間數值異常,,,,只限BTCETH加大尾單,LONG,5,進場前歷史：5日均線持有品質較高,進場前歷史：5日均線持有品質較高,0,0,,False,一般配置,0.5,0.2,0.15,0.15,-0.2020553464240802,-0.2865155139249533,,,,,2025-04-15 14:15:00+00:00,14.048294285714285,原停損,0.0,-1.0,-1.1572762284219993,-11.558510779963706,0.0,0.0,LOSS,2025-07-31 23:45:00+00:00,14.23,已平倉,,新增,,,,,CORE,46.54000061491359,8a6789270bea2c1a9031ccbe5bc8484c71f903d0a9f542bde7ba87193ac453ee,2025-04-15 12:15:00+00:00,2025-04-15 12:00:00+00:00,0,,,-11.243862895265044,,,,,,,,,,,,,,,
,,,,,Binance,NEO/USDT:USDT,LONG,2025-04-19 16:30:00+00:00,5.578,5.508505714285715,5.855977142857143,5.925471428571429,5.994965714285715,敗,原停損,2025-04-20 10:45:00+00:00,,,,,,,,,0.1855991468963581,,4.0,,,,,NEO,V85暴漲前布局,False,V84,壓縮早突破,小幣,2025-04-19 16:15:00+00:00,0.0694942857142857,0.0124586385289146,0.8496023138105491,0.9225759768451524,1.214751593633337,1.281848438205821,2.982817869415799,0.1619437755951617,42.420754018829896,37.33299755398908,1.3443269403118796,False,3.5422248969386034,4.0,5.508505714285715,-1.0,-1.1422770407938776,-11.422770407938776,2025-04-19 16:30:00+00:00,2025-04,0.1855991468963581,2,八根已追高、空間數值異常,False,False,-11.422770407938776,只限BTCETH加大尾單,LONG,10,進場前歷史：10日均線持有品質較高,進場前歷史：10日均線持有品質較高,0,0,,False,一般配置,0.5,0.2,0.15,0.15,-0.1852146802519702,-0.1629565673315335,,,,,2025-04-20 10:45:00+00:00,5.508505714285715,原停損,0.0,-1.0,-1.1435780660280392,-11.422770407938776,0.0,0.0,LOSS,2025-07-31 23:45:00+00:00,6.012,已平倉,保留V94核心,,,,LONG過去24小時已有2筆進場,核心,CORE,0.1855991468963581,8967ff647b054c10023c8656cfa7e5bf6d67538890ea68a6538c14129b2d4b73,2025-04-19 16:30:00+00:00,2025-04-19 16:15:00+00:00,0,,,-10.982191956808652,,,,,,,,,,,,,,,
,,,,,Binance,APT/USDT:USDT,LONG,2025-04-20 11:45:00+00:00,4.9383,4.867838571428571,5.220145714285716,5.290607142857144,5.361068571428573,勝,含成本保本,2025-04-21 22:00:00+00:00,,,,,,,,,0.1912066475132775,,4.000000000000012,,,,,APT,V85暴漲前布局,False,V84,均線假跌破站回,小幣,2025-04-20 11:30:00+00:00,0.0704614285714289,0.0142683572426602,0.7919013797044405,0.9939056812139356,2.007412376543414,2.008894932360155,4.802177858439233,0.5181058579325684,16.487034446404234,40.43251304354301,2.845051028673251,True,2.570129326799937,4.0,4.947196947252526,4.0,3.871422477258805,38.71422477258805,2025-04-20 11:45:00+00:00,2025-04,0.1912066475132775,3,量能堆積過頭、八根已追高、空間數值異常,False,False,38.71422477258805,只限BTCETH加大尾單,LONG,5,進場前歷史：5日均線持有品質較高,進場前歷史：5日均線持有品質較高,0,0,,False,一般配置,0.5,0.2,0.15,0.15,-0.1306167462761924,-0.2167025036657796,2025-04-21 08:00:00+00:00,,,,2025-04-21 22:00:00+00:00,4.947196947252526,含成本保本,0.0,2.000000000000006,1.9351233623258917,18.73206166651722,0.0,0.0,WIN,2025-07-31 23:45:00+00:00,4.3163,已平倉,保留V94核心,,,,LONG連敗冷卻中,核心,CORE,0.1912066475132775,97b334c40ffff810a4dc15174ca0f69fe44959eec325f8f023a0b4187261a1c7,2025-04-20 11:45:00+00:00,2025-04-20 11:30:00+00:00,5,短線轉弱或趨勢不夠順（效率0.88），使用5日線,,18.37116750086981,,,,,,,,,,,,,,,
,,,,,Binance,BIO/USDT:USDT,LONG,2025-05-01 07:30:00+00:00,0.07365,0.0710644,0.0839923999999999,0.0865779999999999,0.0891635999999999,敗,原停損,2025-05-01 23:00:00+00:00,,,,,,10.0,,,47.36890035075926,,3.999999999999973,,,,,BIO,V96強勢突破延續_驗證型,,V84,壓縮早突破,小幣,2025-05-01 07:15:00+00:00,0.0025855999999999,0.0351065852002714,1.111721108976127,1.7822602928985851,2.965354039176237,1.4919717898802485,2.590909090909093,0.4056663222562638,5.623452970297048,47.36890035075926,7.737206461246093,True,6.283774903166821,4.0,0.0710644,-1.0,-1.049915984738856,-10.49915984738856,2025-05-01 07:30:00+00:00,,,4,成交量瞬間過熱、結構太窄、八根已追高、停損太寬,,,,只限BTCETH加大尾單,LONG,10,進場前歷史：10日均線持有品質較高,進場前歷史：10日均線持有品質較高,0,0,,False,一般配置,0.5,0.2,0.15,0.15,-0.1163233944677079,-0.0888268431090062,,,,,2025-05-01 23:00:00+00:00,0.0710644,原停損,0.0,-1.0,-1.0503724319306933,-10.49915984738856,0.0,0.0,LOSS,2025-07-31 23:45:00+00:00,0.06071,已平倉,,,,,LONG連敗冷卻中,新增,CORE,47.36890035075926,6dfc953e87096297daebe655b851de041a904b226b8b9553bc265c205c8bec3f,2025-05-01 07:30:00+00:00,2025-05-01 07:15:00+00:00,0,,,-10.164716452458164,,,,,,,,,,,,,,,
,,,,,Binance,FORM/USDT:USDT,LONG,2025-05-04 11:15:00+00:00,2.168418457142857,2.145365357142857,2.260630857142857,2.283638571428572,2.306646285714286,勝,TP3賣全部剩餘,2025-05-05 06:15:00+00:00,,,,,,,,,0.1756001965081643,,4.000000000000038,,,,,FORM,V85暴漲前布局,False,V84,均線假跌破站回,小幣,2025-05-04 11:00:00+00:00,0.0230530999999998,0.010631296705699,0.3609774157719458,0.4167438414521163,1.2205369408806204,1.15883608478666,3.344664778092522,0.1871324745180891,6.528245184844811,32.92632249798882,2.135017983952792,False,3.2261098486348514,4.000000000000038,2.306646285714286,4.0,3.828310365807437,38.28310365807437,2025-05-04 11:15:00+00:00,2025-05,0.1756001965081643,0,,False,False,38.28310365807437,只限BTCETH加大尾單,LONG,5,進場前歷史：5日均線持有品質較高,短線轉弱或趨勢不夠順（效率0.39），使用5日線,1,4,5.0,False,一般配置,0.5,0.2,0.15,0.15,-0.0355504893805809,-0.1316144004005326,2025-05-04 23:30:00+00:00,2025-05-05 06:00:00+00:00,2025-05-05 06:15:00+00:00,2025-05-09 00:00:00+00:00,2025-05-05 06:15:00+00:00,2.306646285714286,TP3賣全部剩餘,0.0,5.613990338644167,4.574938343402274,54.40861275727954,0.0,0.0,WIN,2025-07-31 23:45:00+00:00,3.7822,已平倉,保留V94核心,核心,,,,,CORE,0.1756001965081643,48aab0cb99ae52a82ce43c7eae88c9b700fc2d53787d91abdaa487e239999611,2025-05-04 11:15:00+00:00,2025-05-04 11:00:00+00:00,5,短線轉弱或趨勢不夠順（效率0.11），使用5日線,,43.80779185696949,2.1686,2.168418457142857,2025-05-04 11:15:00+00:00,2025-05-04 11:15:00+00:00,2.1455922857142857,2.1465,2025-05-04 08:45:00+00:00,0.0075642857142857,0.15,2.145365357142857,0.1972630297901956,2.260630857142857,4.000000000000038,2.168418457142857,等回踩重新定價
,,,,,Binance,RIF/USDT:USDT,LONG,2025-05-06 09:30:00+00:00,0.04482,0.0440870857142857,0.0477516571428571,0.0484845714285714,0.0492174857142857,敗,原停損,2025-05-06 09:30:00+00:00,,,,,,10.0,,,49.668026212590746,,3.999999999999858,,,,,RIF,V96強勢突破延續_驗證型,,V84,壓縮早突破,小幣,2025-05-06 09:15:00+00:00,0.0007329142857142,0.0163523937017916,1.33423790140208,0.6513926325247166,3.20978070784672,1.6065824449929418,3.0260416666666856,0.7575601709137393,5.580461562451268,49.668026212590746,0.022316447221593,False,2.8658346941339023,4.0,0.0440870857142857,-1.0,-1.108186338316973,-11.081863383169727,2025-05-06 09:30:00+00:00,,,2,成交量瞬間過熱、八根已追高,,,,只限BTCETH加大尾單,LONG,10,進場前歷史：10日均線持有品質較高,進場前歷史：10日均線持有品質較高,0,0,,False,一般配置,0.5,0.2,0.15,0.15,-0.2378876057863316,-0.1813385987407469,,,,,2025-05-06 09:30:00+00:00,0.0440870857142857,原停損,0.0,-1.0,-1.1091756276313716,-11.08186338316971,0.0,0.0,LOSS,2025-07-31 23:45:00+00:00,0.05617,已平倉,,新增,,,,,CORE,49.668026212590746,b7486346ddd069554fd58fa578733886591ff90b5d337d5c33b71ccf4bfd41a8,2025-05-06 09:30:00+00:00,2025-05-06 09:15:00+00:00,0,,,-11.106930461618989,,,,,,,,,,,,,,,
,,,,,Binance,ENA/USDT:USDT,LONG,2025-05-16 14:00:00+00:00,0.3906,0.3735779999999999,0.4586880000000001,0.4757100000000002,0.4927320000000002,敗,原停損,2025-05-16 16:30:00+00:00,,,,,,10.0,,,45.46752823054578,,3.999999999999984,,,,,ENA,V96強勢突破延續_驗證型,,V84,壓縮早突破,小幣,2025-05-16 13:45:00+00:00,0.017022,0.0435791090629802,2.1437908496731994,1.5068849051701694,2.309479894426332,1.6069138102549063,3.6321839080459815,0.5659164967232975,4.241569733286325,45.46752823054578,0.8958280010238129,False,4.463217617911116,4.0,0.3735779999999999,-1.0,-1.0400380740481854,-10.400380740481854,2025-05-16 14:00:00+00:00,,,2,八根已追高、停損太寬,,,,只限BTCETH加大尾單,LONG,5,進場前歷史：5日均線持有品質較高,進場前歷史：5日均線持有品質較高,0,0,,False,一般配置,0.5,0.2,0.15,0.15,-0.1723456089518154,-0.1809091431047319,,,,,2025-05-16 16:30:00+00:00,0.3735779999999999,原停損,0.0,-1.0,-1.0404041945717304,-10.400380740481852,0.0,0.0,LOSS,2025-07-31 23:45:00+00:00,0.5692,已平倉,,新增,,,,,CORE,45.46752823054578,fb628517f988002ea822ea43e121fbf473bcd8939362dd08be705ef2042d07fb,2025-05-16 14:00:00+00:00,2025-05-16 13:45:00+00:00,0,,,-10.302718326317358,,,,,,,,,,,,,,,
,,,,,Binance,BTCDOM/USDT:USDT,LONG,2025-05-17 17:15:00+00:00,5018.180857142857,4974.280357142857,5193.78285714286,5237.578571428575,5281.37428571429,敗,原停損,2025-05-18 05:00:00+00:00,,,,,,,,,0.1832137735389745,,4.0,,,,,BTCDOM,V85暴漲前布局,False,V84,均線假跌破站回,小幣,2025-05-17 16:15:00+00:00,43.90050000000065,0.0087482897188754,0.5953216139830575,0.5953216139830575,1.3682562171432833,1.5276213911984429,3.378323108384508,0.3113319466868006,13.190788400691336,36.3614215294916,0.8329016060255601,False,1.2,4.0,4974.280357142857,-1.0,-1.2035031225569068,-12.035031225569067,2025-05-17 16:30:00+00:00,2025-05,0.1832137735389745,1,八根已追高,False,False,-12.035031225569067,只限BTCETH加大尾單,LONG,10,進場前歷史：10日均線持有品質較高,進場前歷史：10日均線持有品質較高,0,0,,False,一般配置,0.5,0.2,0.15,0.15,0.0283822879890327,0.0920305411902218,,,,,2025-05-18 05:00:00+00:00,4974.280357142857,原停損,0.0,-1.0,-1.204854502633387,-12.035031225569067,0.0,0.0,LOSS,2025-07-31 23:45:00+00:00,4463.8,已平倉,保留V94核心,,,,LONG連敗冷卻中,核心,CORE,0.1832137735389745,bff2408b1adf1808b6289f733ad59498de0b84bd3cce1241a4f6a2a945415561,2025-05-17 17:15:00+00:00,2025-05-17 16:15:00+00:00,0,,,-11.807073038396718,5018.6,5018.180857142857,2025-05-17 16:30:00+00:00,2025-05-17 17:15:00+00:00,4974.8042857142855,4976.9,2025-05-17 15:30:00+00:00,17.464285714285456,0.15,4974.280357142857,0.2392602015853784,5193.78285714286,4.0,5018.180857142857,等回踩重新定價
✅,C0017,V62_BASE,V65_CORE,CORE_PROTECTED,Binance,AIOT/USDT:USDT,SHORT,2025-05-30 08:00:00+00:00,0.30445,0.3195544642857142,0.23572,0.22718,0.1836142857142862,WIN,TP3賣全部剩餘,2025-05-31 05:00:00+00:00,2025-05-31T02:00:00+00:00,,,,NOT_USED,10.48093661542456,47.35936277909597,0.0,1108.47758639,,4.550310338712558,False,,2025-05-30 16:00:00+08:00,2025-05-31 10:00:00+08:00,AIOT,V72.8S核心,False,,,,,,0.0496122985242706,,,,,,,,,,,,,0.1836142857142862,,,,,,,0,,,,47.35936277909597,只限BTCETH加大尾單,SHORT,10,進場前歷史：10日均線持有品質較高,短線轉弱或趨勢不夠順（效率0.84），使用5日線,5,0,5.0,False,一般配置,0.5,0.2,0.15,0.15,0.121304456092194,0.3505074727074305,2025-05-31 02:00:00+00:00,2025-05-31 02:00:00+00:00,2025-05-31 05:00:00+00:00,2025-06-05 00:00:00+00:00,2025-05-31 05:00:00+00:00,0.1836142857142862,TP3賣全部剩餘,0.0,6.140757817579973,5.522799040018933,64.04147682214548,0.0,0.0,WIN,2025-07-31 23:45:00+00:00,0.40577,已平倉,保留V94核心,核心,,,,,CORE,1108.47758639,14e92ca169ab7bbadcc78a782c97535e8f681e9aa11becadc2539c0c171ec908,2025-05-30 08:00:00+00:00,,10,趨勢完整且順暢（效率0.85），使用10日線,核心反彈失敗空單,53.4690527967132,,,,,,,,,,,,,,,
,,,,,Binance,BANK/USDT:USDT,LONG,2025-05-31 17:15:00+00:00,0.064335,0.0619735028571428,0.0737809885714285,0.0761424857142857,0.0785039828571428,敗,原停損,2025-05-31 23:15:00+00:00,,,,,,10.0,,,46.15639139529816,,3.999999999999865,,,,,BANK,V96強勢突破延續_驗證型,,V84,壓縮早突破,小幣,2025-05-31 17:00:00+00:00,0.0023614971428571,0.0367062585351239,1.3573306879556712,2.5196298596843247,2.918697363623606,1.5763815243261785,3.731376418352237,0.4119571182072233,11.542677526605374,46.15639139529816,0.1522471997390084,False,5.03978129529354,4.0,0.0619735028571428,-1.0,-1.0477017593398932,-10.477017593398932,2025-05-31 17:15:00+00:00,,,3,成交量瞬間過熱、八根已追高、停損太寬,,,,只限BTCETH加大尾單,LONG,10,進場前歷史：10日均線持有品質較高,進場前歷史：10日均線持有品質較高,0,0,,False,一般配置,0.5,0.2,0.15,0.15,0.1274888097181634,0.1540956047208695,,,,,2025-05-31 23:15:00+00:00,0.0619735028571428,原停損,0.0,-1.0,-1.0481379589703372,-10.47701759339892,0.0,0.0,LOSS,2025-07-31 23:45:00+00:00,0.054976,已平倉,,新增,,,,,CORE,46.15639139529816,715a04cf479aa1b40b9df60909d96040c8a2c6b1e6882bf2db02f3c0b39081c8,2025-05-31 17:15:00+00:00,2025-05-31 17:00:00+00:00,0,,,-10.70799111170894,,,,,,,,,,,,,,,
,,,,,Binance,KAVA/USDT:USDT,LONG,2025-06-02 04:00:00+00:00,0.4207,0.4148702857142857,0.4440188571428573,0.4498485714285716,0.455678285714286,勝,含成本保本,2025-06-04 09:00:00+00:00,,,,,,,,,0.1937906805724993,,4.0,,,,,KAVA,V85暴漲前布局,False,V84,均線假跌破站回_延後一根確認,小幣,2025-06-02 03:45:00+00:00,0.0058297142857143,0.0138571768141533,0.8397312859884876,0.9365994236311348,1.947438205751709,1.377882699504727,5.119402985074666,0.2581190070121684,16.409703220374727,33.74934161980116,0.9041161075422188,False,2.7474917973361155,4.0,0.4214579421479331,4.0,3.8583618844512495,38.58361884451249,2025-06-02 03:45:00+00:00,2025-06,0.1937906805724993,2,八根已追高、空間數值異常,False,False,38.58361884451249,只限BTCETH加大尾單,LONG,5,進場前歷史：5日均線持有品質較高,進場前歷史：5日均線持有品質較高,0,0,,False,一般配置,0.5,0.2,0.15,0.15,-0.1487755134414471,-0.1946591888616298,2025-06-04 08:30:00+00:00,,,,2025-06-04 09:00:00+00:00,0.4214579421479331,含成本保本,0.0,2.0,1.9332517055479257,18.69496772938361,0.0,0.0,WIN,2025-07-31 23:45:00+00:00,0.3802,已平倉,保留V94核心,,0.4203,0.4207,LONG連敗冷卻中,核心,CORE,0.1937906805724993,4feb87d3b655f7742b98a878abe859360f034fcffc893e9e257fea723b7cf18f,2025-06-02 04:00:00+00:00,2025-06-02 03:45:00+00:00,5,短線轉弱或趨勢不夠順（效率0.19），使用5日線,,19.54348120700716,,,,,,,,,,,,,,,
,,,,,Binance,TST/USDT:USDT,LONG,2025-06-06 11:30:00+00:00,0.0414,0.0403708571428571,0.0455165714285714,0.0465457142857143,0.0475748571428571,敗,原停損,2025-06-11 10:00:00+00:00,,,,,,10.0,,,49.02737701702293,,3.999999999999798,,,,,TST,V96強勢突破延續_驗證型,,V84,壓縮早突破,小幣,2025-06-06 11:15:00+00:00,0.0010291428571428,0.0248585231193937,1.2224938875305735,1.970443349753692,2.8313097378336787,1.3895237310675157,2.882352941176479,0.896487054287021,35.8550805108272,49.02737701702293,2.898550724637672,False,3.597575313062895,4.0,0.0403708571428571,-1.0,-1.0708617902377182,-10.70861790237718,2025-06-06 11:30:00+00:00,,,3,結構太窄、八根已追高、空間數值異常,,,,只限BTCETH加大尾單,LONG,10,進場前歷史：10日均線持有品質較高,進場前歷史：10日均線持有品質較高,0,0,,False,一般配置,0.5,0.2,0.15,0.15,-0.3064043428331228,-0.2061253612006835,,,,,2025-06-11 10:00:00+00:00,0.0403708571428571,原停損,0.0,-1.0,-1.071509772348692,-10.708617902377153,0.0,0.0,LOSS,2025-07-31 23:45:00+00:00,0.041,已平倉,,新增,,,,,CORE,49.02737701702293,e06927d4cb44440c4a0775cf94620ba5cfe3c9b6b1f5b272b437a6af585bc443,2025-06-06 11:30:00+00:00,2025-06-06 11:15:00+00:00,0,,,-11.041435462669067,,,,,,,,,,,,,,,
,,,,,Binance,ETHFI/USDT:USDT,LONG,2025-06-11 12:15:00+00:00,1.3474526285714286,1.3118539285714286,1.4898474285714285,1.5253842857142856,1.5609211428571428,敗,原停損,2025-06-11 19:30:00+00:00,,,,,,10.0,,,45.00838137859336,,4.0,,,,,ETHFI,V96強勢突破延續_驗證型,,V84,壓縮早突破,小幣,2025-06-11 12:00:00+00:00,0.0355986999999999,0.0264192590115333,1.1482176360225305,2.013321223130493,2.490077273259378,1.6049058386904718,3.1725571725571924,0.1013970681986954,8.714895601347495,45.00838137859336,4.473957560468889,False,5.783538718523672,4.0,1.3118539285714286,-1.0,-1.066752803370296,-10.66752803370296,2025-06-11 12:15:00+00:00,,,1,八根已追高,,,,只限BTCETH加大尾單,LONG,10,進場前歷史：10日均線持有品質較高,進場前歷史：10日均線持有品質較高,0,0,,False,一般配置,0.5,0.2,0.15,0.15,-0.0650396237007518,-0.0536871981398285,,,,,2025-06-11 19:30:00+00:00,1.3118539285714286,原停損,0.0,-1.0,-1.0672321152578204,-10.66752803370296,0.0,0.0,LOSS,2025-07-31 23:45:00+00:00,1.0616,已平倉,,新增,,,,,CORE,45.00838137859336,eb5cd3688a7e13ca64d39e168925ca4c522eb8b79f54b42cee6028f60339077a,2025-06-11 12:15:00+00:00,2025-06-11 12:00:00+00:00,0,,,-10.87951834837203,1.3477,1.3474526285714286,2025-06-11 12:15:00+00:00,2025-06-11 12:15:00+00:00,1.3121631428571428,1.3134,2025-06-11 10:00:00+00:00,0.0103071428571428,0.15,1.3118539285714286,0.1740245539841423,1.4898474285714285,4.0,1.3474526285714286,等回踩重新定價
,,,,,Binance,ZK/USDT:USDT,LONG,2025-06-14 10:45:00+00:00,0.05198,0.0503952571428571,0.0583189714285714,0.0599037142857142,0.0614884571428571,敗,原停損,2025-06-14 20:15:00+00:00,,,,,,10.0,,,47.91166123652071,,3.999999999999877,,,,,ZK,V96強勢突破延續_驗證型,,V84,壓縮早突破,小幣,2025-06-14 10:30:00+00:00,0.0015847428571428,0.0304875501566544,1.049766718507006,0.8732777023093385,2.825690194291108,1.5934368282894464,3.969348659003841,0.897394208814742,13.800346158006713,47.91166123652071,1.5198153135821402,False,3.073360787344537,4.0,0.0503952571428571,-1.0,-1.057613656196418,-10.57613656196418,2025-06-14 10:45:00+00:00,,,1,八根已追高,,,,只限BTCETH加大尾單,LONG,10,進場前歷史：10日均線持有品質較高,進場前歷史：10日均線持有品質較高,0,0,,False,一般配置,0.5,0.2,0.15,0.15,-0.1682082744389607,-0.147063345601237,,,,,2025-06-14 20:15:00+00:00,0.0503952571428571,原停損,0.0,-1.0,-1.058140493275158,-10.576136561964164,0.0,0.0,LOSS,2025-07-31 23:45:00+00:00,0.05171,已平倉,,,,,LONG連敗冷卻中,新增,CORE,47.91166123652071,88764329f44e6f9ebe59d8597e5bfa2d6c4aa4bc4269fb525e0dd39a256df11b,2025-06-14 10:45:00+00:00,2025-06-14 10:30:00+00:00,0,,,-10.671716451446564,,,,,,,,,,,,,,,
,,,,,Binance,1000RATS/USDT:USDT,LONG,2025-06-14 21:30:00+00:00,0.02394,0.0230848857142857,0.0273604571428571,0.0282155714285714,0.0290706857142857,敗,原停損,2025-06-15 09:00:00+00:00,,,,,,10.0,,,46.59520008838971,,3.9999999999998814,,,,,RATS,V96強勢突破延續_驗證型,,V84,壓縮早突破,小幣,2025-06-14 21:15:00+00:00,0.0008551142857142,0.0357190595536466,1.959114139693341,1.3118916631400743,2.25176196632569,1.7749757015061285,3.488054607508533,0.3411139565137476,7.028300310735405,46.59520008838971,0.1253132832080394,False,4.970757507744043,4.0,0.0230848857142857,-1.0,-1.0490447834007297,-10.490447834007297,2025-06-14 21:30:00+00:00,,,3,量能堆積過頭、八根已追高、停損太寬,,,,只限BTCETH加大尾單,LONG,10,進場前歷史：10日均線持有品質較高,進場前歷史：10日均線持有品質較高,0,0,,False,一般配置,0.5,0.2,0.15,0.15,-0.0418143483133752,-0.0273262662053182,,,,,2025-06-15 09:00:00+00:00,0.0230848857142857,原停損,0.0,-1.0,-1.0494932640582704,-10.490447834007286,0.0,0.0,LOSS,2025-07-31 23:45:00+00:00,0.01763,已平倉,,,,,LONG連敗冷卻中,新增,CORE,46.59520008838971,60726a1e806c8c29a01e9446981457e3e066dd141baefb9ea11c1fc446ee1a2a,2025-06-14 21:30:00+00:00,2025-06-14 21:15:00+00:00,0,,,-10.472507179258876,,,,,,,,,,,,,,,
,,,,,Binance,TUT/USDT:USDT,LONG,2025-06-18 20:30:00+00:00,0.03541,0.0343962285714285,0.0394650857142857,0.0404788571428571,0.0414926285714285,勝,含成本保本,2025-06-22 13:30:00+00:00,,,,,,10.0,,,45.87820477731928,,3.999999999999726,,,,,TUT,V96強勢突破延續_驗證型,,V84,壓縮早突破,小幣,2025-06-18 20:15:00+00:00,0.0010137714285714,0.0286295235405674,0.940438871473348,1.3447782546494924,2.214198545145105,1.4506032707856724,2.9847715736040583,0.8673040023502023,inf,45.87820477731928,2.4844720496894457,False,3.499236415140871,4.0,0.0354737954158742,4.0,3.934130173519429,39.34130173519429,2025-06-18 20:30:00+00:00,,,1,八根已追高,,,,只限BTCETH加大尾單,LONG,5,進場前歷史：5日均線持有品質較高,趨勢完整且順暢（效率0.75），使用10日線,0,1,,False,一般配置,0.5,0.2,0.15,0.15,-0.1026390604329894,-0.2632866118265849,2025-06-21 01:15:00+00:00,,,,2025-06-22 13:30:00+00:00,0.0354737954158742,含成本保本,0.0,1.999999999999863,1.9667639197338136,19.35913862912208,0.0,0.0,WIN,2025-07-31 23:45:00+00:00,0.0599,已平倉,,,,,LONG連敗冷卻中,新增,CORE,45.87820477731928,571778b90815bace88654971f978bc72b3bcee73280d2f864baaab3413ab488b,2025-06-18 20:30:00+00:00,2025-06-18 20:15:00+00:00,10,趨勢完整且順暢（效率1.00），使用10日線,,19.419644100741078,,,,,,,,,,,,,,,
,,,,,Binance,JUP/USDT:USDT,LONG,2025-06-28 02:45:00+00:00,0.4103538857142856,0.4027117857142857,0.4409222857142855,0.4485528571428568,0.4561834285714282,勝,TP3賣全部剩餘,2025-06-28 22:00:00+00:00,,,,,,10.0,,,46.179024798814105,,4.000000000000014,,,,,JUP,V96強勢突破延續_驗證型,,V84,壓縮早突破,小幣,2025-06-28 02:30:00+00:00,0.0076420999999999,0.0186231939456297,1.2580167735569692,1.2830002467308033,2.281434712040951,1.4476885789422576,2.9144981412639392,0.6722921558650401,26.315198262627955,46.179024798814105,5.018270401948843,True,3.1762190282142493,4.000000000000014,0.4561834285714282,4.0,3.900499291226597,39.00499291226597,2025-06-28 02:45:00+00:00,,,2,八根已追高、空間數值異常,,,,只限BTCETH加大尾單,LONG,5,進場前歷史：5日均線持有品質較高,短線轉弱或趨勢不夠順（效率0.28），使用5日線,1,3,5.0,False,一般配置,0.5,0.2,0.15,0.15,-0.0411462563891597,-0.0815274726560326,2025-06-28 17:45:00+00:00,2025-06-28 19:00:00+00:00,2025-06-28 22:00:00+00:00,2025-07-02 00:00:00+00:00,2025-06-28 22:00:00+00:00,0.4561834285714282,TP3賣全部剩餘,0.0,4.185037630583742,4.647940930036072,40.85371896980859,0.0,0.0,WIN,2025-07-31 23:45:00+00:00,0.4825,已平倉,,,,,LONG連敗冷卻中,新增,CORE,46.179024798814105,5b0076d68dbbb976f18945ce75bb281ff886c5bb748d2728d4c0ef5afbc913ca,2025-06-28 02:45:00+00:00,2025-06-28 02:30:00+00:00,5,短線轉弱或趨勢不夠順（效率0.55），使用5日線,,46.79595022805856,0.4104,0.4103538857142856,2025-06-28 02:45:00+00:00,2025-06-28 02:45:00+00:00,0.4027694285714286,0.403,2025-06-28 01:30:00+00:00,0.0019214285714285,0.15,0.4027117857142857,0.1510839854717449,0.4409222857142855,4.000000000000014,0.4103538857142856,等回踩重新定價
,,,,,Binance,RIF/USDT:USDT,LONG,2025-06-28 12:15:00+00:00,0.05233,0.0517051714285714,0.0548293142857142,0.0554541428571428,0.0560789714285714,勝,含成本保本,2025-07-01 05:00:00+00:00,,,,,,10.0,,,48.143617650003904,,3.999999999999678,,,,,RIF,V96強勢突破延續_驗證型,,V84,壓縮早突破,小幣,2025-06-28 12:00:00+00:00,0.0006248285714285,0.0119401599737932,0.383582662063664,0.7119492014623807,3.184080411825747,1.700242808988002,4.289017341040422,0.7799274650451905,8.546344140106989,48.143617650003904,3.095147115017194,True,2.0589426605683787,4.0,0.0524242788509658,4.0,3.847046901355596,38.47046901355596,2025-06-28 12:15:00+00:00,,,2,成交量瞬間過熱、八根已追高,,,,只限BTCETH加大尾單,LONG,10,進場前歷史：10日均線持有品質較高,趨勢完整且順暢（效率0.57），使用10日線,0,1,,False,一般配置,0.5,0.2,0.15,0.15,-0.0744566954829257,-0.0533330678423914,2025-06-30 19:30:00+00:00,,,,2025-07-01 05:00:00+00:00,0.0524242788509658,含成本保本,0.0,1.999999999999839,1.9228241254742533,18.488305907483536,0.0,0.0,WIN,2025-07-31 23:45:00+00:00,0.05617,已平倉,,,,,LONG連敗冷卻中,新增,CORE,48.143617650003904,a4692c9f64c8d77f9229216144fbc04850db11db842e5aee0fe5da8c45869447,2025-06-28 12:15:00+00:00,2025-06-28 12:00:00+00:00,10,趨勢完整且順暢（效率0.41），使用10日線,,19.34983657430915,,,,,,,,,,,,,,,
,,,,,Binance,KMNO/USDT:USDT,LONG,2025-07-01 11:45:00+00:00,0.05957,0.0584661999999999,0.0639852,0.065089,0.0661928,敗,原停損,2025-07-01 14:30:00+00:00,,,,,,,,,0.1887760559559647,,3.999999999999648,,,,,KMNO,V85暴漲前布局,False,V84,壓縮早突破,小幣,2025-07-01 11:30:00+00:00,0.0011038,0.0185294611381584,1.1544991511035718,0.7610350076103556,1.6802902708834777,1.4858547965322753,2.876712328767124,0.2113968419589693,14.178293169052337,41.584021606236725,0.4028197381671594,False,4.424834976293786,4.0,0.0584661999999999,-1.0,-1.0953705009601358,-10.953705009601356,2025-07-01 11:45:00+00:00,2025-07,0.1887760559559647,2,結構太窄、八根已追高,False,False,-10.953705009601356,只限BTCETH加大尾單,LONG,10,進場前歷史：10日均線持有品質較高,進場前歷史：10日均線持有品質較高,0,0,,False,一般配置,0.5,0.2,0.15,0.15,-0.02885933722812,0.06235815973446,,,,,2025-07-01 14:30:00+00:00,0.0584661999999999,原停損,0.0,-1.0,-1.096242598296784,-10.953705009601274,0.0,0.0,LOSS,2025-07-31 23:45:00+00:00,0.05202,已平倉,保留V94核心,核心,,,,,CORE,0.1887760559559647,e071af93639ced9a2cf75b9bbac610606c1c0ccf1840b6938d5fc5d327286bf1,2025-07-01 11:45:00+00:00,2025-07-01 11:30:00+00:00,0,,,-11.762202204970352,,,,,,,,,,,,,,,
,,,,,Binance,AIOT/USDT:USDT,LONG,2025-07-01 15:30:00+00:00,0.15869,0.1543077428571428,0.1762190285714285,0.1806012857142857,0.1849835428571428,敗,原停損,2025-07-04 06:15:00+00:00,,,,,,10.0,,,45.43629582599189,,3.9999999999999294,,,,,AIOT,V96強勢突破延續_驗證型,,V84,壓縮早突破,小幣,2025-07-01 15:15:00+00:00,0.0043822571428571,0.0276152066472821,2.3236300264635634,1.5436843453753513,2.691895970686601,1.5133702948179315,3.030460142579384,0.3404500761608445,6.640413615944819,45.43629582599189,6.200719106793673,True,4.869224966230788,4.0,0.1543077428571428,-1.0,-1.063698995259732,-10.63698995259732,2025-07-01 15:30:00+00:00,,,1,八根已追高,,,,只限BTCETH加大尾單,LONG,10,進場前歷史：10日均線持有品質較高,進場前歷史：10日均線持有品質較高,0,0,,False,一般配置,0.5,0.2,0.15,0.15,-0.1401116481965038,-0.0680437374247976,,,,,2025-07-04 06:15:00+00:00,0.1543077428571428,原停損,0.0,-1.0,-1.0642814785596455,-10.636989952597313,0.0,0.0,LOSS,2025-07-31 23:45:00+00:00,0.40577,已平倉,,,,,LONG連敗冷卻中,新增,CORE,45.43629582599189,b49e203b917f2f97d01adf503df50f98e00d0ba378a0f27c0d9cf9372783e386,2025-07-01 15:30:00+00:00,2025-07-01 15:15:00+00:00,0,,,-11.29409047062924,,,,,,,,,,,,,,,
,,,,,Binance,BROCCOLIF3B/USDT:USDT,LONG,2025-07-04 03:30:00+00:00,0.00957,0.0094311114285714,0.0101255542857142,0.0102644428571428,0.0104033314285714,敗,原停損,2025-07-04 03:45:00+00:00,,,,,,,,,0.2158749566662641,,3.9999999999985385,,,,,BROCCOLIF3B,V85暴漲前布局,False,V84,壓縮早突破,小幣,2025-07-04 03:15:00+00:00,0.0001388885714285,0.0145129123749844,0.9709762532981614,0.800758613423258,1.4957921734952069,1.3459331288093828,2.934497816593886,0.4574238264611887,23.60165394663731,40.07347971523219,0.16724155952752,False,3.307039739765861,4.0,0.0094311114285714,-1.0,-1.122011770155274,-11.22011770155274,2025-07-04 03:30:00+00:00,2025-07,0.2158749566662641,2,八根已追高、空間數值異常,False,False,-11.22011770155274,只限BTCETH加大尾單,LONG,10,進場前歷史：10日均線持有品質較高,進場前歷史：10日均線持有品質較高,0,0,,False,一般配置,0.5,0.2,0.15,0.15,0.0116901412186643,0.0429298162686436,,,,,2025-07-04 03:45:00+00:00,0.0094311114285714,原停損,0.0,-1.0,-1.1231274834913647,-11.220117701552496,0.0,0.0,LOSS,2025-07-31 23:45:00+00:00,0.008877,已平倉,保留V94核心,,,,LONG連敗冷卻中,核心,CORE,0.2158749566662641,6e04b66ba4e6d47707aeccd8c840f6e54de7bcc994b474518d49d55430555292,2025-07-04 03:30:00+00:00,2025-07-04 03:15:00+00:00,0,,,-11.914676357185757,,,,,,,,,,,,,,,
,,,,,Binance,BTCDOM/USDT:USDT,LONG,2025-07-04 15:45:00+00:00,5530.039085714287,5480.169285714286,5729.518285714287,5779.322857142859,5829.127428571431,敗,原停損,2025-07-06 13:15:00+00:00,,,,,,10.0,,,45.50134331723273,,3.999999999999982,,,,,BTCDOM,V96強勢突破延續_驗證型,,V84,壓縮早突破,小幣,2025-07-04 15:15:00+00:00,49.8698000000004,0.0090179832777002,0.3647780479837381,0.479659877541394,2.3360051006466893,1.6224003400431255,3.762155059132692,0.6589409114749367,5.720358429518759,45.50134331723273,0.692548324684017,False,1.2,3.999999999999982,5480.169285714286,-1.0,-1.1971690394086578,-11.97169039408658,2025-07-04 15:30:00+00:00,,,1,八根已追高,,,,只限BTCETH加大尾單,LONG,10,進場前歷史：10日均線持有品質較高,進場前歷史：10日均線持有品質較高,0,0,,False,一般配置,0.5,0.2,0.15,0.15,-0.0138175943083092,0.0982949054566485,,,,,2025-07-06 13:15:00+00:00,5480.169285714286,原停損,0.0,-1.0,-1.1987011685285611,-11.97169039408658,0.0,0.0,LOSS,2025-07-31 23:45:00+00:00,4463.8,已平倉,,新增,,,,,CORE,45.50134331723273,586e853add3b61b3f5a8974218f00c7da5ebc150250a99d75115f6a8bc797bda,2025-07-04 15:45:00+00:00,2025-07-04 15:15:00+00:00,0,,低追價窄停損早期趨勢,-12.442340304921778,5530.3,5530.039085714287,2025-07-04 15:30:00+00:00,2025-07-04 15:45:00+00:00,5480.495428571428,5481.8,2025-07-04 13:00:00+00:00,10.871428571428558,0.15,5480.169285714286,0.1309690447234945,5729.518285714287,3.999999999999982,5530.039085714287,等回踩重新定價
,,,,,Binance,FLUX/USDT:USDT,LONG,2025-07-09 05:00:00+00:00,0.2076799428571428,0.2042746428571428,0.2213011428571428,0.2247014285714285,0.2281017142857143,勝,TP3賣全部剩餘,2025-07-10 21:00:00+00:00,,,,,,,,,0.2010044920179136,,4.000000000000025,,,,,FLUX,V85暴漲前布局,False,V84,壓縮早突破,小幣,2025-07-09 04:45:00+00:00,0.0034052999999999,0.0163968650662735,0.6786233640329487,1.0705596107055904,1.606181038539978,2.408800920357685,3.709401709401703,0.5797696106762055,9.028653054365174,48.34540654092276,2.3591718825228813,False,2.623475057381241,4.000000000000025,0.2281017142857143,4.0,3.8874793396263176,38.87479339626318,2025-07-09 05:00:00+00:00,2025-07,0.2010044920179136,2,量能堆積過頭、八根已追高,False,False,38.87479339626318,只限BTCETH加大尾單,LONG,10,進場前歷史：10日均線持有品質較高,短線轉弱或趨勢不夠順（效率-0.10），使用5日線,1,13,5.0,False,一般配置,0.5,0.2,0.15,0.15,-0.0479013899007325,-0.0389377125212041,2025-07-10 17:30:00+00:00,2025-07-10 20:00:00+00:00,2025-07-10 21:00:00+00:00,2025-07-24 00:00:00+00:00,2025-07-10 21:00:00+00:00,0.2281017142857143,TP3賣全部剩餘,0.0,5.889538694227219,4.634844541072562,57.75332858790344,0.0,0.0,WIN,2025-07-31 23:45:00+00:00,0.2146,已平倉,保留V94核心,核心,,,,,CORE,0.2010044920179136,a0789658e295229bbc999153fbae3c04ab08e1e6ba161d1f585a41b02ee79d1e,2025-07-09 05:00:00+00:00,2025-07-09 04:45:00+00:00,10,趨勢完整且順暢（效率1.00），使用10日線,單標的量能堆積加高結構分,47.53231563800705,0.2077,0.2076799428571428,2025-07-09 05:00:00+00:00,2025-07-09 05:00:00+00:00,0.2042997142857142,0.2044,2025-07-09 02:15:00+00:00,0.0008357142857142,0.15,0.2042746428571428,0.147466599442092,0.2213011428571428,4.000000000000025,0.2076799428571428,等回踩重新定價
,,,,,Binance,ARPA/USDT:USDT,LONG,2025-07-10 07:00:00+00:00,0.02066,0.0203303142857142,0.0219787428571428,0.0223084285714285,0.0226381142857142,勝,TP3賣全部剩餘,2025-07-11 17:45:00+00:00,,,,,,,,,0.1901861631569183,,3.999999999998779,,,,,ARPA,V85暴漲前布局,False,V84,壓縮早突破,小幣,2025-07-10 06:45:00+00:00,0.0003296857142857,0.015957682201636,1.076847772883016,0.4377431906614992,2.2433577222610586,3.023017856904454,3.345132743362817,0.4359536007347083,13.01239275500479,56.57243435071201,0.2905569007263908,False,2.8874487895717045,4.0,0.0226381142857142,4.0,3.884656401436518,38.84656401436518,2025-07-10 07:00:00+00:00,2025-07,0.1901861631569183,2,量能堆積過頭、八根已追高,False,False,38.84656401436518,只限BTCETH加大尾單,LONG,5,進場前歷史：5日均線持有品質較高,短線轉弱或趨勢不夠順（效率0.09），使用5日線,2,11,5.0,False,一般配置,0.5,0.2,0.15,0.15,-0.0388066837476243,-0.0926053802759088,2025-07-11 04:45:00+00:00,2025-07-11 05:00:00+00:00,2025-07-11 17:45:00+00:00,2025-07-24 00:00:00+00:00,2025-07-11 17:45:00+00:00,0.0226381142857142,TP3賣全部剩餘,0.0,5.178490337116076,4.632926663920932,50.620957081956426,0.0,0.0,WIN,2025-07-31 23:45:00+00:00,0.02143,已平倉,保留V94核心,核心,,,,,CORE,0.1901861631569183,c27fbd2ff3f2ebc05c1b769e78ad830c56c6d1e40658324858d2670a2811e77c,2025-07-10 07:00:00+00:00,2025-07-10 06:45:00+00:00,5,短線轉弱或趨勢不夠順（效率0.74），使用5日線,單標的量能堆積加高結構分,47.486567987779374,,,,,,,,,,,,,,,
,,,,,Binance,MOCA/USDT:USDT,LONG,2025-07-14 22:30:00+00:00,0.0827782914285714,0.0804268214285714,0.0921841714285714,0.0945327142857142,0.0968812571428571,敗,原停損,2025-07-15 03:00:00+00:00,,,,,,10.0,,,45.32688204462812,,4.0,,,,,MOCA,V96強勢突破延續_驗證型,,V84,壓縮早突破,小幣,2025-07-14 22:15:00+00:00,0.0023514699999999,0.0284068438647233,1.1359472334188323,1.857547053758157,2.9696365055955583,1.738737047013817,4.345534407027819,0.1645199721906183,14.489835642769403,45.32688204462812,2.379227053140087,False,3.6463336958187633,4.0,0.0804268214285714,-1.0,-1.0619861412811158,-10.619861412811158,2025-07-14 22:30:00+00:00,,,3,成交量瞬間過熱、量能堆積過頭、八根已追高,,,,只限BTCETH加大尾單,LONG,5,進場前歷史：5日均線持有品質較高,進場前歷史：5日均線持有品質較高,0,0,,False,一般配置,0.5,0.2,0.15,0.15,-0.1190827290980115,-0.1279138736806282,,,,,2025-07-15 03:00:00+00:00,0.0804268214285714,原停損,0.0,-1.0,-1.0624650119165582,-10.619861412811142,0.0,0.0,LOSS,2025-07-31 23:45:00+00:00,0.07804,已平倉,,新增,,,,,CORE,45.32688204462812,7ad6d4ccb0c432b0be5b6e08e3bd1963502507bd9a9e0a00c34437e0c96885f7,2025-07-14 22:30:00+00:00,2025-07-14 22:15:00+00:00,0,,,-11.905576090426186,0.08279,0.0827782914285714,2025-07-14 22:30:00+00:00,2025-07-14 22:30:00+00:00,0.0804414571428571,0.0805,2025-07-14 20:15:00+00:00,0.0004878571428571,0.15,0.0804268214285714,0.1246365527537429,0.0921841714285714,4.0,0.0827782914285714,等回踩重新定價
,,,,,Binance,BTCDOM/USDT:USDT,LONG,2025-07-31 22:45:00+00:00,4470.0,4434.004000000001,4613.983999999997,4649.979999999996,4685.975999999995,未平,資料結束仍持有,2025-07-31 23:45:00+00:00,,,,,,,,,0.22218512289292,,4.0,,,,,BTCDOM,V85暴漲前布局,False,V84,壓縮早突破,小幣,2025-07-31 22:30:00+00:00,35.995999999999185,0.0080527964205814,0.546558704453437,0.5669163798339705,1.7825361010830325,1.2659296028880938,2.368421052631616,0.4227327167071364,31.259028780976365,40.95436004748187,0.1051383576046394,False,1.3710217136686604,4.0,4463.8,-0.1722413601511267,-0.3935871249360237,-3.935871249360238,2025-07-31 22:45:00+00:00,2025-07,0.22218512289292,3,結構太窄、八根已追高、空間數值異常,False,False,0.0,只限BTCETH加大尾單,LONG,10,進場前歷史：10日均線持有品質較高,進場前歷史：10日均線持有品質較高,0,0,,False,一般配置,0.5,0.2,0.15,0.15,-0.0906534239565137,0.0821779155546103,,,,,,,資料結束仍持有,100.0,0.0,-0.1117624180464521,-1.107496886642291,-0.2838487609734429,-2.8283743627179474,OPEN,2025-07-31 23:45:00+00:00,4463.8,仍持有,保留V94核心,,,,LONG連敗冷卻中,核心,CORE,0.22218512289292,3b970f2ed0ea8b61eeaeee204af1115a998237da0d856d2f85d2be72a166dc8b,2025-07-31 22:45:00+00:00,2025-07-31 22:30:00+00:00,0,,,-1.2390609014726697,,,,,,,,,,,,,,,
