variant,source_candidate_id,router_key,exchange,symbol,direction,entry_mode,original_signal_time,original_entry_time,routed,router_action,router_status,token_extension,btc_extension,breakout_level,retest_time,reclaim_time,new_entry_time,new_entry
CONTROL,be25b32a2014e47de19787be99f0ca94917d2945c440d07ce9a0a9edf78b957b,Binance|1000PEPE/USDT:USDT|2023-08-11T03:30:00+00:00,Binance,1000PEPE/USDT:USDT,LONG,壓縮早突破,2023-08-11 03:15:00+00:00,2023-08-11 03:30:00+00:00,False,UNCHANGED,CONTROL_UNCHANGED,,,,,,2023-08-11 03:30:00+00:00,0.0012669
CONTROL,7ee7e59daeaa02b8a487192e0696f5ec2bfe947c36967764abdf2e390f05673f,Binance|KNC/USDT:USDT|2023-08-11T19:00:00+00:00,Binance,KNC/USDT:USDT,LONG,壓縮早突破,2023-08-11 18:45:00+00:00,2023-08-11 19:00:00+00:00,False,UNCHANGED,CONTROL_UNCHANGED,,,,,,2023-08-11 19:00:00+00:00,0.6473
CONTROL,e20428a2d66cbe11ceb2ca690544b193e402c00c3cff1dbecf04baa8141d4a38,Binance|ARKM/USDT:USDT|2023-08-13T00:30:00+00:00,Binance,ARKM/USDT:USDT,LONG,壓縮早突破,2023-08-13 00:15:00+00:00,2023-08-13 00:30:00+00:00,False,UNCHANGED,CONTROL_UNCHANGED,,,,,,2023-08-13 00:30:00+00:00,0.4375
CONTROL,17c00d9ba8872e5a2f2f630cb32cd67764e760699c958b590091d67c2366eaec,Binance|QNT/USDT:USDT|2023-08-16T04:15:00+00:00,Binance,QNT/USDT:USDT,LONG,壓縮早突破,2023-08-16 04:00:00+00:00,2023-08-16 04:15:00+00:00,False,UNCHANGED,CONTROL_UNCHANGED,,,,,,2023-08-16 04:15:00+00:00,101.31
CONTROL,57ca31f390f53c8108cfb3129c86ae80b4134ab34568bce8903fd44fdfd787eb,Binance|GMX/USDT:USDT|2023-08-22T16:00:00+00:00,Binance,GMX/USDT:USDT,SHORT,,,2023-08-22 16:00:00+00:00,False,UNCHANGED,CONTROL_UNCHANGED,,,,,,2023-08-22 16:00:00+00:00,35.99
CONTROL,3877eb9de5882a145153bc47dd7fa623bc3c426551652acddc9388a3cfb7c2eb,Binance|XVG/USDT:USDT|2023-08-28T23:30:00+00:00,Binance,XVG/USDT:USDT,LONG,壓縮早突破,2023-08-28 23:15:00+00:00,2023-08-28 23:30:00+00:00,False,UNCHANGED,CONTROL_UNCHANGED,,,,,,2023-08-28 23:30:00+00:00,0.003428568
CONTROL,36ab0f9fb5c3f95b520de690f91fba7c2c2825c19bebe09dbcf77653e3b962d5,Binance|APE/USDT:USDT|2023-08-29T22:15:00+00:00,Binance,APE/USDT:USDT,LONG,壓縮早突破,2023-08-29 22:00:00+00:00,2023-08-29 22:15:00+00:00,False,UNCHANGED,CONTROL_UNCHANGED,,,,,,2023-08-29 22:15:00+00:00,1.503765142857143
CONTROL,4516ce2fd5ea047db63b11d0cc3146eff3d110a0b6be8a373c6f16e309880ebe,Binance|DEFI/USDT:USDT|2023-08-31T09:45:00+00:00,Binance,DEFI/USDT:USDT,LONG,壓縮早突破,2023-08-31 09:30:00+00:00,2023-08-31 09:45:00+00:00,False,UNCHANGED,CONTROL_UNCHANGED,,,,,,2023-08-31 09:45:00+00:00,443.2
CONTROL,66d92527c3dd10ead23a5a34bacdde743f770c9bc547cfe162a1a2983b58b5c4,Binance|DOGE/USDT:USDT|2023-09-05T05:15:00+00:00,Binance,DOGE/USDT:USDT,LONG,壓縮早突破,2023-09-05 05:00:00+00:00,2023-09-05 05:15:00+00:00,False,UNCHANGED,CONTROL_UNCHANGED,,,,,,2023-09-05 05:15:00+00:00,0.06366
CONTROL,a7f66211c8fd753a661359d719954c83bdc50033e5d7a2b65e02e4c09187b863,Binance|ARPA/USDT:USDT|2023-09-06T18:00:00+00:00,Binance,ARPA/USDT:USDT,LONG,壓縮早突破,2023-09-06 17:45:00+00:00,2023-09-06 18:00:00+00:00,False,UNCHANGED,CONTROL_UNCHANGED,,,,,,2023-09-06 18:00:00+00:00,0.0453
CONTROL,1a0667aec090a3da8608a8b9656d5fbe06b6535a625cca199ef4cd46fd80c63f,Binance|TOMO/USDT:USDT|2023-09-19T01:45:00+00:00,Binance,TOMO/USDT:USDT,LONG,壓縮早突破,2023-09-19 01:30:00+00:00,2023-09-19 01:45:00+00:00,False,UNCHANGED,CONTROL_UNCHANGED,,,,,,2023-09-19 01:45:00+00:00,1.2224614857142857
CONTROL,8fcace33616cfee295aa0c9d88ed46b4e97bb45eb3aafc6da3342b9d8994f396,Binance|CTK/USDT:USDT|2023-10-01T02:15:00+00:00,Binance,CTK/USDT:USDT,LONG,壓縮早突破,2023-10-01 02:00:00+00:00,2023-10-01 02:15:00+00:00,False,UNCHANGED,CONTROL_UNCHANGED,,,,,,2023-10-01 02:15:00+00:00,0.4513
CONTROL,7d9568ca5aec03211bfecab32c818a848b59950e772761d4555c3961df45424c,Binance|LPT/USDT:USDT|2023-10-02T14:15:00+00:00,Binance,LPT/USDT:USDT,LONG,壓縮早突破,2023-10-02 14:00:00+00:00,2023-10-02 14:15:00+00:00,False,UNCHANGED,CONTROL_UNCHANGED,,,,,,2023-10-02 14:15:00+00:00,6.525957714285714
CONTROL,dae41fc6cc1ce86db6074303bdae5310428e72187bf6adc342e847a148e3d3e4,Binance|API3/USDT:USDT|2023-10-11T02:15:00+00:00,Binance,API3/USDT:USDT,LONG,壓縮早突破,2023-10-11 02:00:00+00:00,2023-10-11 02:15:00+00:00,False,UNCHANGED,CONTROL_UNCHANGED,,,,,,2023-10-11 02:15:00+00:00,1.0484
CONTROL,8f769181a110ab6a35ffaf0c7660717316744b50e8f17613b958db5271f61025,Binance|IOTA/USDT:USDT|2023-10-16T05:15:00+00:00,Binance,IOTA/USDT:USDT,LONG,壓縮早突破,2023-10-16 05:00:00+00:00,2023-10-16 05:15:00+00:00,False,UNCHANGED,CONTROL_UNCHANGED,,,,,,2023-10-16 05:15:00+00:00,0.1454
CONTROL,8433b6bf8cdfa8294143f44ae098984a1a369359fcadc8171f417d65778111fb,Binance|FOOTBALL/USDT:USDT|2023-10-17T09:45:00+00:00,Binance,FOOTBALL/USDT:USDT,LONG,壓縮早突破,2023-10-17 09:30:00+00:00,2023-10-17 09:45:00+00:00,False,UNCHANGED,CONTROL_UNCHANGED,,,,,,2023-10-17 09:45:00+00:00,343.37
CONTROL,1b6599774299e32b65c6c8e82e4e87206a69ca8926cf2ecb2899769d50aa0307,Binance|ADA/USDT:USDT|2023-10-19T23:45:00+00:00,Binance,ADA/USDT:USDT,LONG,壓縮早突破,2023-10-19 23:30:00+00:00,2023-10-19 23:45:00+00:00,False,UNCHANGED,CONTROL_UNCHANGED,,,,,,2023-10-19 23:45:00+00:00,0.2467
CONTROL,10b0ea3b07222282f7bc9a2ecafeb5fdeab7755f7a932171d7307b8744f2f07d,Binance|CRV/USDT:USDT|2023-11-04T16:15:00+00:00,Binance,CRV/USDT:USDT,LONG,壓縮早突破,2023-11-04 16:00:00+00:00,2023-11-04 16:15:00+00:00,False,UNCHANGED,CONTROL_UNCHANGED,,,,,,2023-11-04 16:15:00+00:00,0.5498971428571429
CONTROL,256765593fb28fa73294ca2067e0a083fb3913622d7e16d967727ef8dec7ad55,Binance|RIF/USDT:USDT|2023-11-09T13:30:00+00:00,Binance,RIF/USDT:USDT,LONG,壓縮早突破,2023-11-09 13:15:00+00:00,2023-11-09 13:30:00+00:00,False,UNCHANGED,CONTROL_UNCHANGED,,,,,,2023-11-09 13:30:00+00:00,0.12715
CONTROL,6fc7e1286bea1b5ca88c9cd830fc7ef8e3a42f3cff2f69cfc628f964af7a4bac,Binance|MAGIC/USDT:USDT|2023-11-19T17:15:00+00:00,Binance,MAGIC/USDT:USDT,LONG,壓縮早突破,2023-11-19 17:00:00+00:00,2023-11-19 17:15:00+00:00,False,UNCHANGED,CONTROL_UNCHANGED,,,,,,2023-11-19 17:15:00+00:00,0.6184
CONTROL,76565bf5f5ac3606093050148a65e157e7cf9634b3aa6b99b1d6387f9321566c,Binance|PENDLE/USDT:USDT|2023-11-22T16:15:00+00:00,Binance,PENDLE/USDT:USDT,LONG,壓縮早突破,2023-11-22 16:00:00+00:00,2023-11-22 16:15:00+00:00,False,UNCHANGED,CONTROL_UNCHANGED,,,,,,2023-11-22 16:15:00+00:00,1.0799973714285716
CONTROL,75559e79b3d36d26a76bc5127d4339574cadc1ea1cc2d684d9c543dda3a5c11c,Binance|ROSE/USDT:USDT|2023-11-27T05:00:00+00:00,Binance,ROSE/USDT:USDT,LONG,壓縮早突破,2023-11-27 04:45:00+00:00,2023-11-27 05:00:00+00:00,False,UNCHANGED,CONTROL_UNCHANGED,,,,,,2023-11-27 05:00:00+00:00,0.08362
CONTROL,7a1b979c532af4d0ed1d2c472493107f07c832d09427ea46c3c6e47017fd9fc4,Binance|SNX/USDT:USDT|2023-12-03T15:45:00+00:00,Binance,SNX/USDT:USDT,LONG,壓縮早突破,2023-12-03 15:30:00+00:00,2023-12-03 15:45:00+00:00,False,UNCHANGED,CONTROL_UNCHANGED,,,,,,2023-12-03 15:45:00+00:00,3.937
CONTROL,3cd76aee8d8588be005e3e19b17e261b3438352860e9508f1e55cc1a3996cc44,Binance|DENT/USDT:USDT|2023-12-08T04:00:00+00:00,Binance,DENT/USDT:USDT,LONG,壓縮早突破,2023-12-08 03:45:00+00:00,2023-12-08 04:00:00+00:00,False,UNCHANGED,CONTROL_UNCHANGED,,,,,,2023-12-08 04:00:00+00:00,0.000945
CONTROL,f8f2b916a3657f9dc4f072fa17c0c6d42b49114aeb1d786d08180335e7b8af56,Binance|GMT/USDT:USDT|2023-12-09T23:15:00+00:00,Binance,GMT/USDT:USDT,LONG,壓縮早突破,2023-12-09 23:00:00+00:00,2023-12-09 23:15:00+00:00,False,UNCHANGED,CONTROL_UNCHANGED,,,,,,2023-12-09 23:15:00+00:00,0.30374325714285716
CONTROL,2627a46527ff83df6bf6283ebe314dcb95c5b0123e961cdfaf41fa5a82aaa351,Binance|IOTA/USDT:USDT|2023-12-29T04:00:00+00:00,Binance,IOTA/USDT:USDT,LONG,壓縮早突破,2023-12-29 03:00:00+00:00,2023-12-29 04:00:00+00:00,False,UNCHANGED,CONTROL_UNCHANGED,,,,,,2023-12-29 04:00:00+00:00,0.2906175595238095
CONTROL,49c6d02c0f56f12e0fb764c5b2fb658048f08382c2620f99226a28b7a80c9b0e,Binance|POLYX/USDT:USDT|2024-01-19T23:45:00+00:00,Binance,POLYX/USDT:USDT,LONG,均線假跌破站回,2024-01-19 23:30:00+00:00,2024-01-19 23:45:00+00:00,False,UNCHANGED,CONTROL_UNCHANGED,,,,,,2024-01-19 23:45:00+00:00,0.1659
CONTROL,eb621fa2c18a1e404f734b809be773d7321abadba24b21e9133c4b95c952d03e,Binance|MKR/USDT:USDT|2024-02-04T06:45:00+00:00,Binance,MKR/USDT:USDT,LONG,壓縮早突破,2024-02-04 06:30:00+00:00,2024-02-04 06:45:00+00:00,False,UNCHANGED,CONTROL_UNCHANGED,,,,,,2024-02-04 06:45:00+00:00,2017.5
CONTROL,d470a8e908bccf5ebfba36e8048da92013a7d257ffa836a67588a4f1d8c9f086,Binance|FXS/USDT:USDT|2024-02-19T15:15:00+00:00,Binance,FXS/USDT:USDT,LONG,壓縮早突破,2024-02-19 15:00:00+00:00,2024-02-19 15:15:00+00:00,False,UNCHANGED,CONTROL_UNCHANGED,,,,,,2024-02-19 15:15:00+00:00,9.234
CONTROL,8a7a6f6292bff7958520857b374d4a2ded794e96c19da97c1ce99ed370a9ff80,Binance|BTCDOM/USDT:USDT|2024-02-21T18:30:00+00:00,Binance,BTCDOM/USDT:USDT,LONG,均線假跌破站回,2024-02-21 18:15:00+00:00,2024-02-21 18:30:00+00:00,False,UNCHANGED,CONTROL_UNCHANGED,,,,,,2024-02-21 18:30:00+00:00,2162.071942857143
CONTROL,fdc6982d8e2c47faa8b23fbe2cf787c21c3b39c42826c70d926cbb056793db02,Binance|LINA/USDT:USDT|2024-03-06T21:45:00+00:00,Binance,LINA/USDT:USDT,LONG,壓縮早突破,2024-03-06 21:30:00+00:00,2024-03-06 21:45:00+00:00,False,UNCHANGED,CONTROL_UNCHANGED,,,,,,2024-03-06 21:45:00+00:00,0.01255
CONTROL,757a9bd5343d346a7a2ecd4c29a083a19ff445f6c16fa53c286af4c99580088b,Binance|BTCDOM/USDT:USDT|2024-03-12T06:15:00+00:00,Binance,BTCDOM/USDT:USDT,LONG,均線假跌破站回,2024-03-12 06:00:00+00:00,2024-03-12 06:15:00+00:00,False,UNCHANGED,CONTROL_UNCHANGED,,,,,,2024-03-12 06:15:00+00:00,2187.0
CONTROL,b0aafa1b73da347fbed907cbc13bb29d464f8d15e99378060ea93af540084345,Binance|RNDR/USDT:USDT|2024-03-26T03:15:00+00:00,Binance,RNDR/USDT:USDT,LONG,壓縮早突破,2024-03-26 03:00:00+00:00,2024-03-26 03:15:00+00:00,False,UNCHANGED,CONTROL_UNCHANGED,,,,,,2024-03-26 03:15:00+00:00,11.3024
CONTROL,3154c3c9db1ad96f8efaa9089869d28ebfa36a187c032ee0700dbbdbd54cc471,Binance|1000FLOKI/USDT:USDT|2024-03-30T08:00:00+00:00,Binance,1000FLOKI/USDT:USDT,LONG,壓縮早突破,2024-03-30 07:45:00+00:00,2024-03-30 08:00:00+00:00,False,UNCHANGED,CONTROL_UNCHANGED,,,,,,2024-03-30 08:00:00+00:00,0.24379
CONTROL,9192200cf44f9544b6feb816894b12b91104b654d5ae0a05c6b1345a2ad03f57,Binance|XMR/USDT:USDT|2024-04-16T00:15:00+00:00,Binance,XMR/USDT:USDT,LONG,壓縮早突破,2024-04-16 00:00:00+00:00,2024-04-16 00:15:00+00:00,False,UNCHANGED,CONTROL_UNCHANGED,,,,,,2024-04-16 00:15:00+00:00,123.78492000000001
CONTROL,c7d91f4a15e0ed790e40125108f5630ab33fbdd9fdfa92ee214a1f33c9883599,Binance|DYM/USDT:USDT|2024-04-27T07:15:00+00:00,Binance,DYM/USDT:USDT,LONG,壓縮早突破,2024-04-27 07:00:00+00:00,2024-04-27 07:15:00+00:00,False,UNCHANGED,CONTROL_UNCHANGED,,,,,,2024-04-27 07:15:00+00:00,3.684
CONTROL,692160a8609839ebf21970369053d83ac2c54e442745c066312c3826e2418f41,Binance|WLD/USDT:USDT|2024-05-01T18:15:00+00:00,Binance,WLD/USDT:USDT,LONG,壓縮早突破,2024-05-01 18:00:00+00:00,2024-05-01 18:15:00+00:00,False,UNCHANGED,CONTROL_UNCHANGED,,,,,,2024-05-01 18:15:00+00:00,4.5906
CONTROL,29cc460c8bfa7b32e6f133721d05fe55b5bf0b2bec58fe28c74147dd516a4c4b,Binance|FRONT/USDT:USDT|2024-05-19T18:15:00+00:00,Binance,FRONT/USDT:USDT,LONG,壓縮早突破,2024-05-19 18:00:00+00:00,2024-05-19 18:15:00+00:00,False,UNCHANGED,CONTROL_UNCHANGED,,,,,,2024-05-19 18:15:00+00:00,1.2144
CONTROL,d50907f827ab8cfff7bfd69e4f241127c86b981e91e6ac94cf7bd23e1fb9f560,Binance|COMBO/USDT:USDT|2024-06-15T04:15:00+00:00,Binance,COMBO/USDT:USDT,LONG,均線假跌破站回,2024-06-15 04:00:00+00:00,2024-06-15 04:15:00+00:00,False,UNCHANGED,CONTROL_UNCHANGED,,,,,,2024-06-15 04:15:00+00:00,0.7380846285714285
CONTROL,9cb16ca8c6215b5401109deedb1ee5737bfb443526b0aa054de20d6db9c3d11a,Binance|1000PEPE/USDT:USDT|2024-06-16T19:15:00+00:00,Binance,1000PEPE/USDT:USDT,LONG,壓縮早突破,2024-06-16 19:00:00+00:00,2024-06-16 19:15:00+00:00,False,UNCHANGED,CONTROL_UNCHANGED,,,,,,2024-06-16 19:15:00+00:00,0.0123503
CONTROL,b6c3c4aa8e3ab7b2aba6d9d76e0e4afe22f4206593b71ef537a7f687f33a416f,Binance|BTCDOM/USDT:USDT|2024-06-18T11:30:00+00:00,Binance,BTCDOM/USDT:USDT,LONG,壓縮早突破,2024-06-18 11:15:00+00:00,2024-06-18 11:30:00+00:00,False,UNCHANGED,CONTROL_UNCHANGED,,,,,,2024-06-18 11:30:00+00:00,2519.2
CONTROL,600538e468fbe0a7c6ec36d830236a9eb0f929be8fd99a1de032110dfd08bb86,Binance|W/USDT:USDT|2024-06-30T15:15:00+00:00,Binance,W/USDT:USDT,LONG,壓縮早突破,2024-06-30 15:00:00+00:00,2024-06-30 15:15:00+00:00,False,UNCHANGED,CONTROL_UNCHANGED,,,,,,2024-06-30 15:15:00+00:00,0.3542324571428571
CONTROL,c818c22c5de813021888d3a1debc9e0535bd1838365a82f509ebaf95c40a755b,Binance|LIT/USDT:USDT|2024-07-31T01:00:00+00:00,Binance,LIT/USDT:USDT,LONG,均線假跌破站回,2024-07-31 00:45:00+00:00,2024-07-31 01:00:00+00:00,False,UNCHANGED,CONTROL_UNCHANGED,,,,,,2024-07-31 01:00:00+00:00,0.753
CONTROL,baf8ea41a71e569d1e82b07eebbe32ce06f2ea52c85dfb7974641b59be69abcb,Binance|EOS/USDT:USDT|2024-07-31T01:15:00+00:00,Binance,EOS/USDT:USDT,LONG,均線假跌破站回,2024-07-31 01:00:00+00:00,2024-07-31 01:15:00+00:00,False,UNCHANGED,CONTROL_UNCHANGED,,,,,,2024-07-31 01:15:00+00:00,0.5769057142857142
CONTROL,52dda4a93301ab2706450a864123c32d69965d1d15f9d9a3d4ffd23d85eef62e,Binance|RVN/USDT:USDT|2023-11-28T08:15:00+00:00,Binance,RVN/USDT:USDT,LONG,壓縮早突破,2023-11-28 08:00:00+00:00,2023-11-28 08:15:00+00:00,False,UNCHANGED,CONTROL_UNCHANGED,,,,,,2023-11-28 08:15:00+00:00,0.01849
CONTROL,6cf1ddbd2ced6f872bae08402741dbba9c4d814754ec5d5de46a237724b5f619,Binance|BNB/USDT:USDT|2023-12-12T12:15:00+00:00,Binance,BNB/USDT:USDT,LONG,壓縮早突破,2023-12-12 12:00:00+00:00,2023-12-12 12:15:00+00:00,False,UNCHANGED,CONTROL_UNCHANGED,,,,,,2023-12-12 12:15:00+00:00,251.68
CONTROL,84dddda4ca34d7e47215c6225dd41ecdbcdb4606af7bbbab7dff7af8e2cb2a7c,Binance|BLUEBIRD/USDT:USDT|2024-03-02T07:15:00+00:00,Binance,BLUEBIRD/USDT:USDT,LONG,均線假跌破站回,2024-03-02 07:00:00+00:00,2024-03-02 07:15:00+00:00,False,UNCHANGED,CONTROL_UNCHANGED,,,,,,2024-03-02 07:15:00+00:00,12.287
CONTROL,51ca921451a8d82c6a9b98812b05cecb58a91a7a35344253ca876055f8909d5c,Binance|GAS/USDT:USDT|2024-04-10T05:00:00+00:00,Binance,GAS/USDT:USDT,LONG,壓縮早突破,2024-04-10 04:45:00+00:00,2024-04-10 05:00:00+00:00,False,UNCHANGED,CONTROL_UNCHANGED,,,,,,2024-04-10 05:00:00+00:00,6.601
CONTROL,e2f5f06cd36edef4e7ebca805bbcec735662805c8d214f1236ed7b394b7cbc77,Binance|KSM/USDT:USDT|2024-04-29T15:15:00+00:00,Binance,KSM/USDT:USDT,LONG,壓縮早突破,2024-04-29 15:00:00+00:00,2024-04-29 15:15:00+00:00,False,UNCHANGED,CONTROL_UNCHANGED,,,,,,2024-04-29 15:15:00+00:00,29.7
CONTROL,787796769ca2f0ec3ba26d7cc37ed294cb8211413319d24609343f2bcea5d5e9,Binance|XRP/USDT:USDT|2024-06-17T05:30:00+00:00,Binance,XRP/USDT:USDT,LONG,均線假跌破站回,2024-06-17 05:15:00+00:00,2024-06-17 05:30:00+00:00,False,UNCHANGED,CONTROL_UNCHANGED,,,,,,2024-06-17 05:30:00+00:00,0.4915
CONTROL,165de1cdbe1aeff119c743de6cf7745087520a152179bf13a430ec88dcf95369,Binance|TAO/USDT:USDT|2024-07-14T06:15:00+00:00,Binance,TAO/USDT:USDT,LONG,壓縮早突破,2024-07-14 06:00:00+00:00,2024-07-14 06:15:00+00:00,False,UNCHANGED,CONTROL_UNCHANGED,,,,,,2024-07-14 06:15:00+00:00,264.78
CONTROL,dfa1efb30a71c460343a08ed00376e35db07369c9867522fa46c1726bf391925,Binance|BICO/USDT:USDT|2024-08-18T13:00:00+00:00,Binance,BICO/USDT:USDT,LONG,壓縮早突破,2024-08-18 12:45:00+00:00,2024-08-18 13:00:00+00:00,False,UNCHANGED,CONTROL_UNCHANGED,,,,,,2024-08-18 13:00:00+00:00,0.2529
CONTROL,2590289e192452aa3423755f125d0a6ec89e7086cf346266e580d9243b598b61,Binance|ZRX/USDT:USDT|2024-08-22T23:45:00+00:00,Binance,ZRX/USDT:USDT,LONG,壓縮早突破,2024-08-22 23:30:00+00:00,2024-08-22 23:45:00+00:00,False,UNCHANGED,CONTROL_UNCHANGED,,,,,,2024-08-22 23:45:00+00:00,0.3296
CONTROL,0fa5244fc946cf79bfbe4bf4964806a10ee6dc6b7b6be6902c0fc5989e5ad256,Binance|TRX/USDT:USDT|2024-08-27T14:45:00+00:00,Binance,TRX/USDT:USDT,LONG,壓縮早突破,2024-08-27 14:30:00+00:00,2024-08-27 14:45:00+00:00,False,UNCHANGED,CONTROL_UNCHANGED,,,,,,2024-08-27 14:45:00+00:00,0.16177
CONTROL,704d7d99c1a106a4126beb578536f25b65efc0771967beeea52e8113a6cf57f9,Binance|TRX/USDT:USDT|2024-09-06T20:00:00+00:00,Binance,TRX/USDT:USDT,SHORT,,,2024-09-06 20:00:00+00:00,False,UNCHANGED,CONTROL_UNCHANGED,,,,,,2024-09-06 20:00:00+00:00,0.14761
CONTROL,693db2f72ceaa9366765621561037b06a9942ba6f1b606581c2de426cb9ecabe,Binance|BB/USDT:USDT|2024-09-07T05:15:00+00:00,Binance,BB/USDT:USDT,LONG,壓縮早突破,2024-09-07 05:00:00+00:00,2024-09-07 05:15:00+00:00,False,UNCHANGED,CONTROL_UNCHANGED,,,,,,2024-09-07 05:15:00+00:00,0.29074531428571426
CONTROL,ba7283553d938dbf1664681e0de17ad5865deda083de64d20fddae52987563af,Binance|AXL/USDT:USDT|2024-09-18T02:30:00+00:00,Binance,AXL/USDT:USDT,LONG,壓縮早突破,2024-09-18 02:15:00+00:00,2024-09-18 02:30:00+00:00,False,UNCHANGED,CONTROL_UNCHANGED,,,,,,2024-09-18 02:30:00+00:00,0.5059
CONTROL,3e8113fd341e6e514bafebaad98d3c71df93accb8d799d6845cbf16788c25f25,Binance|BICO/USDT:USDT|2024-10-24T17:45:00+00:00,Binance,BICO/USDT:USDT,LONG,壓縮早突破,2024-10-24 17:30:00+00:00,2024-10-24 17:45:00+00:00,False,UNCHANGED,CONTROL_UNCHANGED,,,,,,2024-10-24 17:45:00+00:00,0.2012
CONTROL,b04b6c9c3b9835f2487ba14a64594064e10ef6ff1729788df2854d4a551556d6,Binance|BTCDOM/USDT:USDT|2024-11-21T11:15:00+00:00,Binance,BTCDOM/USDT:USDT,LONG,壓縮早突破,2024-11-21 11:00:00+00:00,2024-11-21 11:15:00+00:00,False,UNCHANGED,CONTROL_UNCHANGED,,,,,,2024-11-21 11:15:00+00:00,3454.6
CONTROL,5ecf990c6787c8ed555fdd752bae4c6e33b44ddad14bef3143c9c8fd607ee894,Binance|YFI/USDT:USDT|2024-11-21T12:15:00+00:00,Binance,YFI/USDT:USDT,LONG,壓縮早突破,2024-11-21 12:00:00+00:00,2024-11-21 12:15:00+00:00,False,UNCHANGED,CONTROL_UNCHANGED,,,,,,2024-11-21 12:15:00+00:00,6394.866857142857
CONTROL,eb2b4fa97be6964f02d9f522a09ff99a8e41b7fecf384b0353101d80cbcc586a,Binance|DOT/USDT:USDT|2024-11-27T00:15:00+00:00,Binance,DOT/USDT:USDT,LONG,壓縮早突破,2024-11-27 00:00:00+00:00,2024-11-27 00:15:00+00:00,False,UNCHANGED,CONTROL_UNCHANGED,,,,,,2024-11-27 00:15:00+00:00,8.168
CONTROL,b648618cfb5a760105ef733d7aec38109dcb002f9a9ccedb9223cf7a642e1519,Binance|CKB/USDT:USDT|2024-12-06T08:45:00+00:00,Binance,CKB/USDT:USDT,LONG,壓縮早突破,2024-12-06 08:30:00+00:00,2024-12-06 08:45:00+00:00,False,UNCHANGED,CONTROL_UNCHANGED,,,,,,2024-12-06 08:45:00+00:00,0.017367
CONTROL,47c5ae8fca1e7314ac39bdd65cbe6745a6780bd48e59ab1ab210e3022b6a2703,Binance|1000LUNC/USDT:USDT|2025-01-14T03:30:00+00:00,Binance,1000LUNC/USDT:USDT,LONG,壓縮早突破,2025-01-14 03:15:00+00:00,2025-01-14 03:30:00+00:00,False,UNCHANGED,CONTROL_UNCHANGED,,,,,,2025-01-14 03:30:00+00:00,0.10077
CONTROL,20c5f60fe6c38e0a7178c4ae6ef05f902e9f29468fe264dde8ae7e2e66a5058a,Bitget|BGB/USDT:USDT|2025-01-23T15:00:00+00:00,Bitget,BGB/USDT:USDT,LONG,壓縮早突破,2025-01-23 14:45:00+00:00,2025-01-23 15:00:00+00:00,False,UNCHANGED,CONTROL_UNCHANGED,,,,,,2025-01-23 15:00:00+00:00,7.205
CONTROL,a90d4701f48a387c2e2d034849da2280cf3f7cd65711608a772040ac9b91333e,Binance|KSM/USDT:USDT|2025-02-23T07:15:00+00:00,Binance,KSM/USDT:USDT,LONG,壓縮早突破,2025-02-23 07:00:00+00:00,2025-02-23 07:15:00+00:00,False,UNCHANGED,CONTROL_UNCHANGED,,,,,,2025-02-23 07:15:00+00:00,20.474
CONTROL,349e5776da094a690d370741d93af50a5feb30ff4d52e8372a6c98599c9c774b,Binance|1000SHIB/USDT:USDT|2025-03-14T22:00:00+00:00,Binance,1000SHIB/USDT:USDT,LONG,壓縮早突破,2025-03-14 21:45:00+00:00,2025-03-14 22:00:00+00:00,False,UNCHANGED,CONTROL_UNCHANGED,,,,,,2025-03-14 22:00:00+00:00,0.012769
CONTROL,98fdc9bb89a021bd0ead46b236e125db80e99d6c94b4cc0a3b95a0a3fc90d8bc,Binance|XLM/USDT:USDT|2025-03-23T19:45:00+00:00,Binance,XLM/USDT:USDT,LONG,均線假跌破站回,2025-03-23 19:30:00+00:00,2025-03-23 19:45:00+00:00,False,UNCHANGED,CONTROL_UNCHANGED,,,,,,2025-03-23 19:45:00+00:00,0.28225
CONTROL,75e55eb6db9029c2bbc39f71defd38747b7fb6b78dda128fb92d6e295345c488,Binance|TRUMP/USDT:USDT|2025-03-26T01:00:00+00:00,Binance,TRUMP/USDT:USDT,LONG,壓縮早突破,2025-03-26 00:45:00+00:00,2025-03-26 01:00:00+00:00,False,UNCHANGED,CONTROL_UNCHANGED,,,,,,2025-03-26 01:00:00+00:00,11.692
CONTROL,cfdf70efdce02f2a6be52769d17adb643d8785d1aa47c09d5c55137b87f307f0,Binance|CFX/USDT:USDT|2025-04-02T10:30:00+00:00,Binance,CFX/USDT:USDT,LONG,壓縮早突破,2025-04-02 10:15:00+00:00,2025-04-02 10:30:00+00:00,False,UNCHANGED,CONTROL_UNCHANGED,,,,,,2025-04-02 10:30:00+00:00,0.08286
CONTROL,21512f46116e2df9502f15f98a0841809216b7efb1f78f1e00d7fb2ffbad0685,Binance|KAIA/USDT:USDT|2025-04-03T05:30:00+00:00,Binance,KAIA/USDT:USDT,LONG,均線假跌破站回,2025-04-03 05:15:00+00:00,2025-04-03 05:30:00+00:00,False,UNCHANGED,CONTROL_UNCHANGED,,,,,,2025-04-03 05:30:00+00:00,0.10668645714285714
CONTROL,af0979958ab2bda62ee56445dc224930680fe08b3b114ae9f6ab6f1f4fb3c73c,Binance|TRX/USDT:USDT|2025-04-13T23:45:00+00:00,Binance,TRX/USDT:USDT,LONG,均線假跌破站回,2025-04-13 23:30:00+00:00,2025-04-13 23:45:00+00:00,False,UNCHANGED,CONTROL_UNCHANGED,,,,,,2025-04-13 23:45:00+00:00,0.2539833885714286
CONTROL,8a6789270bea2c1a9031ccbe5bc8484c71f903d0a9f542bde7ba87193ac453ee,Binance|EGLD/USDT:USDT|2025-04-15T12:15:00+00:00,Binance,EGLD/USDT:USDT,LONG,壓縮早突破,2025-04-15 12:00:00+00:00,2025-04-15 12:15:00+00:00,False,UNCHANGED,CONTROL_UNCHANGED,,,,,,2025-04-15 12:15:00+00:00,14.21
CONTROL,48aab0cb99ae52a82ce43c7eae88c9b700fc2d53787d91abdaa487e239999611,Binance|FORM/USDT:USDT|2025-05-04T11:15:00+00:00,Binance,FORM/USDT:USDT,LONG,均線假跌破站回,2025-05-04 11:00:00+00:00,2025-05-04 11:15:00+00:00,False,UNCHANGED,CONTROL_UNCHANGED,,,,,,2025-05-04 11:15:00+00:00,2.168418457142857
CONTROL,b7486346ddd069554fd58fa578733886591ff90b5d337d5c33b71ccf4bfd41a8,Binance|RIF/USDT:USDT|2025-05-06T09:30:00+00:00,Binance,RIF/USDT:USDT,LONG,壓縮早突破,2025-05-06 09:15:00+00:00,2025-05-06 09:30:00+00:00,False,UNCHANGED,CONTROL_UNCHANGED,,,,,,2025-05-06 09:30:00+00:00,0.04482
CONTROL,fb628517f988002ea822ea43e121fbf473bcd8939362dd08be705ef2042d07fb,Binance|ENA/USDT:USDT|2025-05-16T14:00:00+00:00,Binance,ENA/USDT:USDT,LONG,壓縮早突破,2025-05-16 13:45:00+00:00,2025-05-16 14:00:00+00:00,False,UNCHANGED,CONTROL_UNCHANGED,,,,,,2025-05-16 14:00:00+00:00,0.3906
CONTROL,88643f56211b7d7ea44d60ceaef25b69edbb6b89e60310965f794b8b409abda1,Binance|FHE/USDT:USDT|2025-05-19T05:30:00+00:00,Binance,FHE/USDT:USDT,LONG,壓縮早突破,2025-05-19 05:15:00+00:00,2025-05-19 05:30:00+00:00,False,UNCHANGED,CONTROL_UNCHANGED,,,,,,2025-05-19 05:30:00+00:00,0.09694
CONTROL,14e92ca169ab7bbadcc78a782c97535e8f681e9aa11becadc2539c0c171ec908,Binance|AIOT/USDT:USDT|2025-05-30T08:00:00+00:00,Binance,AIOT/USDT:USDT,SHORT,,,2025-05-30 08:00:00+00:00,False,UNCHANGED,CONTROL_UNCHANGED,,,,,,2025-05-30 08:00:00+00:00,0.30445
CONTROL,715a04cf479aa1b40b9df60909d96040c8a2c6b1e6882bf2db02f3c0b39081c8,Binance|BANK/USDT:USDT|2025-05-31T17:15:00+00:00,Binance,BANK/USDT:USDT,LONG,壓縮早突破,2025-05-31 17:00:00+00:00,2025-05-31 17:15:00+00:00,False,UNCHANGED,CONTROL_UNCHANGED,,,,,,2025-05-31 17:15:00+00:00,0.064335
CONTROL,e06927d4cb44440c4a0775cf94620ba5cfe3c9b6b1f5b272b437a6af585bc443,Binance|TST/USDT:USDT|2025-06-06T11:30:00+00:00,Binance,TST/USDT:USDT,LONG,壓縮早突破,2025-06-06 11:15:00+00:00,2025-06-06 11:30:00+00:00,False,UNCHANGED,CONTROL_UNCHANGED,,,,,,2025-06-06 11:30:00+00:00,0.0414
CONTROL,eb5cd3688a7e13ca64d39e168925ca4c522eb8b79f54b42cee6028f60339077a,Binance|ETHFI/USDT:USDT|2025-06-11T12:15:00+00:00,Binance,ETHFI/USDT:USDT,LONG,壓縮早突破,2025-06-11 12:00:00+00:00,2025-06-11 12:15:00+00:00,False,UNCHANGED,CONTROL_UNCHANGED,,,,,,2025-06-11 12:15:00+00:00,1.3474526285714286
CONTROL,e071af93639ced9a2cf75b9bbac610606c1c0ccf1840b6938d5fc5d327286bf1,Binance|KMNO/USDT:USDT|2025-07-01T11:45:00+00:00,Binance,KMNO/USDT:USDT,LONG,壓縮早突破,2025-07-01 11:30:00+00:00,2025-07-01 11:45:00+00:00,False,UNCHANGED,CONTROL_UNCHANGED,,,,,,2025-07-01 11:45:00+00:00,0.05957
CONTROL,586e853add3b61b3f5a8974218f00c7da5ebc150250a99d75115f6a8bc797bda,Binance|BTCDOM/USDT:USDT|2025-07-04T15:45:00+00:00,Binance,BTCDOM/USDT:USDT,LONG,壓縮早突破,2025-07-04 15:15:00+00:00,2025-07-04 15:45:00+00:00,False,UNCHANGED,CONTROL_UNCHANGED,,,,,,2025-07-04 15:45:00+00:00,5530.039085714287
CONTROL,a0789658e295229bbc999153fbae3c04ab08e1e6ba161d1f585a41b02ee79d1e,Binance|FLUX/USDT:USDT|2025-07-09T05:00:00+00:00,Binance,FLUX/USDT:USDT,LONG,壓縮早突破,2025-07-09 04:45:00+00:00,2025-07-09 05:00:00+00:00,False,UNCHANGED,CONTROL_UNCHANGED,,,,,,2025-07-09 05:00:00+00:00,0.20767994285714284
CONTROL,c27fbd2ff3f2ebc05c1b769e78ad830c56c6d1e40658324858d2670a2811e77c,Binance|ARPA/USDT:USDT|2025-07-10T07:00:00+00:00,Binance,ARPA/USDT:USDT,LONG,壓縮早突破,2025-07-10 06:45:00+00:00,2025-07-10 07:00:00+00:00,False,UNCHANGED,CONTROL_UNCHANGED,,,,,,2025-07-10 07:00:00+00:00,0.02066
CONTROL,7ad6d4ccb0c432b0be5b6e08e3bd1963502507bd9a9e0a00c34437e0c96885f7,Binance|MOCA/USDT:USDT|2025-07-14T22:30:00+00:00,Binance,MOCA/USDT:USDT,LONG,壓縮早突破,2025-07-14 22:15:00+00:00,2025-07-14 22:30:00+00:00,False,UNCHANGED,CONTROL_UNCHANGED,,,,,,2025-07-14 22:30:00+00:00,0.08277829142857142
CONTROL,58a2c1db71b7ab367072088bf6708bf40603391224ae2ecedab4333f106cece4,Binance|POWR/USDT:USDT|2025-01-20T23:30:00+00:00,Binance,POWR/USDT:USDT,LONG,壓縮早突破,2025-01-20 23:15:00+00:00,2025-01-20 23:30:00+00:00,False,UNCHANGED,CONTROL_UNCHANGED,,,,,,2025-01-20 23:30:00+00:00,0.2694388
CONTROL,b51440090638a21fdfafb859b8d5d84b4de5941987e00da455ab94ac1d5b8e24,Binance|BNB/USDT:USDT|2025-03-05T01:45:00+00:00,Binance,BNB/USDT:USDT,LONG,均線假跌破站回,2025-03-05 01:30:00+00:00,2025-03-05 01:45:00+00:00,False,UNCHANGED,CONTROL_UNCHANGED,,,,,,2025-03-05 01:45:00+00:00,587.1257085714285
CONTROL,2e079aa090186ec3b232ead6d32c9cbbc9e86339c066bdf07b2d93fc5f60b9b4,Binance|ETC/USDT:USDT|2025-04-01T06:45:00+00:00,Binance,ETC/USDT:USDT,LONG,壓縮早突破,2025-04-01 06:30:00+00:00,2025-04-01 06:45:00+00:00,False,UNCHANGED,CONTROL_UNCHANGED,,,,,,2025-04-01 06:45:00+00:00,16.939
CONTROL,471c249b0d804ab6f898555d3e543d6bedd77aa6c1b6876c3aca92d5e331fc48,Binance|COMP/USDT:USDT|2025-04-03T06:45:00+00:00,Binance,COMP/USDT:USDT,LONG,壓縮早突破,2025-04-03 06:30:00+00:00,2025-04-03 06:45:00+00:00,False,UNCHANGED,CONTROL_UNCHANGED,,,,,,2025-04-03 06:45:00+00:00,46.11
CONTROL,e45c436114f220e925410bfe55b5e99fed883a1c59a9986e53bfd55da3b63f18,Binance|PROM/USDT:USDT|2025-04-04T07:15:00+00:00,Binance,PROM/USDT:USDT,LONG,壓縮早突破,2025-04-04 07:00:00+00:00,2025-04-04 07:15:00+00:00,False,UNCHANGED,CONTROL_UNCHANGED,,,,,,2025-04-04 07:15:00+00:00,6.019535428571428
CONTROL,8967ff647b054c10023c8656cfa7e5bf6d67538890ea68a6538c14129b2d4b73,Binance|NEO/USDT:USDT|2025-04-19T16:30:00+00:00,Binance,NEO/USDT:USDT,LONG,壓縮早突破,2025-04-19 16:15:00+00:00,2025-04-19 16:30:00+00:00,False,UNCHANGED,CONTROL_UNCHANGED,,,,,,2025-04-19 16:30:00+00:00,5.578
CONTROL,97b334c40ffff810a4dc15174ca0f69fe44959eec325f8f023a0b4187261a1c7,Binance|APT/USDT:USDT|2025-04-20T11:45:00+00:00,Binance,APT/USDT:USDT,LONG,均線假跌破站回,2025-04-20 11:30:00+00:00,2025-04-20 11:45:00+00:00,False,UNCHANGED,CONTROL_UNCHANGED,,,,,,2025-04-20 11:45:00+00:00,4.9383
CONTROL,6dfc953e87096297daebe655b851de041a904b226b8b9553bc265c205c8bec3f,Binance|BIO/USDT:USDT|2025-05-01T07:30:00+00:00,Binance,BIO/USDT:USDT,LONG,壓縮早突破,2025-05-01 07:15:00+00:00,2025-05-01 07:30:00+00:00,False,UNCHANGED,CONTROL_UNCHANGED,,,,,,2025-05-01 07:30:00+00:00,0.07365
CONTROL,bff2408b1adf1808b6289f733ad59498de0b84bd3cce1241a4f6a2a945415561,Binance|BTCDOM/USDT:USDT|2025-05-17T17:15:00+00:00,Binance,BTCDOM/USDT:USDT,LONG,均線假跌破站回,2025-05-17 16:15:00+00:00,2025-05-17 17:15:00+00:00,False,UNCHANGED,CONTROL_UNCHANGED,,,,,,2025-05-17 17:15:00+00:00,5018.180857142857
CONTROL,4feb87d3b655f7742b98a878abe859360f034fcffc893e9e257fea723b7cf18f,Binance|KAVA/USDT:USDT|2025-06-02T04:00:00+00:00,Binance,KAVA/USDT:USDT,LONG,均線假跌破站回_延後一根確認,2025-06-02 03:45:00+00:00,2025-06-02 04:00:00+00:00,False,UNCHANGED,CONTROL_UNCHANGED,,,,,,2025-06-02 04:00:00+00:00,0.4207
CONTROL,b2ccd1f4d2b1414226de9e887d0178677a466d73af3854b71de822fd82185e77,Binance|BCH/USDT:USDT|2025-06-12T13:45:00+00:00,Binance,BCH/USDT:USDT,LONG,均線假跌破站回,2025-06-12 13:30:00+00:00,2025-06-12 13:45:00+00:00,False,UNCHANGED,CONTROL_UNCHANGED,,,,,,2025-06-12 13:45:00+00:00,432.7694571428572
CONTROL,88764329f44e6f9ebe59d8597e5bfa2d6c4aa4bc4269fb525e0dd39a256df11b,Binance|ZK/USDT:USDT|2025-06-14T10:45:00+00:00,Binance,ZK/USDT:USDT,LONG,壓縮早突破,2025-06-14 10:30:00+00:00,2025-06-14 10:45:00+00:00,False,UNCHANGED,CONTROL_UNCHANGED,,,,,,2025-06-14 10:45:00+00:00,0.05198
CONTROL,60726a1e806c8c29a01e9446981457e3e066dd141baefb9ea11c1fc446ee1a2a,Binance|1000RATS/USDT:USDT|2025-06-14T21:30:00+00:00,Binance,1000RATS/USDT:USDT,LONG,壓縮早突破,2025-06-14 21:15:00+00:00,2025-06-14 21:30:00+00:00,False,UNCHANGED,CONTROL_UNCHANGED,,,,,,2025-06-14 21:30:00+00:00,0.02394
CONTROL,571778b90815bace88654971f978bc72b3bcee73280d2f864baaab3413ab488b,Binance|TUT/USDT:USDT|2025-06-18T20:30:00+00:00,Binance,TUT/USDT:USDT,LONG,壓縮早突破,2025-06-18 20:15:00+00:00,2025-06-18 20:30:00+00:00,False,UNCHANGED,CONTROL_UNCHANGED,,,,,,2025-06-18 20:30:00+00:00,0.03541
CONTROL,5b0076d68dbbb976f18945ce75bb281ff886c5bb748d2728d4c0ef5afbc913ca,Binance|JUP/USDT:USDT|2025-06-28T02:45:00+00:00,Binance,JUP/USDT:USDT,LONG,壓縮早突破,2025-06-28 02:30:00+00:00,2025-06-28 02:45:00+00:00,False,UNCHANGED,CONTROL_UNCHANGED,,,,,,2025-06-28 02:45:00+00:00,0.41035388571428566
CONTROL,a4692c9f64c8d77f9229216144fbc04850db11db842e5aee0fe5da8c45869447,Binance|RIF/USDT:USDT|2025-06-28T12:15:00+00:00,Binance,RIF/USDT:USDT,LONG,壓縮早突破,2025-06-28 12:00:00+00:00,2025-06-28 12:15:00+00:00,False,UNCHANGED,CONTROL_UNCHANGED,,,,,,2025-06-28 12:15:00+00:00,0.05233
CONTROL,b49e203b917f2f97d01adf503df50f98e00d0ba378a0f27c0d9cf9372783e386,Binance|AIOT/USDT:USDT|2025-07-01T15:30:00+00:00,Binance,AIOT/USDT:USDT,LONG,壓縮早突破,2025-07-01 15:15:00+00:00,2025-07-01 15:30:00+00:00,False,UNCHANGED,CONTROL_UNCHANGED,,,,,,2025-07-01 15:30:00+00:00,0.15869
CONTROL,ed199875856c560373ed9a1bbea7e72e194a2fd2ba8cc50641bd5f5ad1c33968,Binance|SANTOS/USDT:USDT|2025-07-02T01:45:00+00:00,Binance,SANTOS/USDT:USDT,LONG,均線假跌破站回,2025-07-02 01:30:00+00:00,2025-07-02 01:45:00+00:00,False,UNCHANGED,CONTROL_UNCHANGED,,,,,,2025-07-02 01:45:00+00:00,1.821789142857143
CONTROL,6e04b66ba4e6d47707aeccd8c840f6e54de7bcc994b474518d49d55430555292,Binance|BROCCOLIF3B/USDT:USDT|2025-07-04T03:30:00+00:00,Binance,BROCCOLIF3B/USDT:USDT,LONG,壓縮早突破,2025-07-04 03:15:00+00:00,2025-07-04 03:30:00+00:00,False,UNCHANGED,CONTROL_UNCHANGED,,,,,,2025-07-04 03:30:00+00:00,0.00957
CONTROL,3e272125655f9c13b768a9254ab76d91ed1a55d49212f1b18e5a4f3f0cd77092,Binance|ASTR/USDT:USDT|2025-07-04T13:45:00+00:00,Binance,ASTR/USDT:USDT,LONG,均線假跌破站回,2025-07-04 13:30:00+00:00,2025-07-04 13:45:00+00:00,False,UNCHANGED,CONTROL_UNCHANGED,,,,,,2025-07-04 13:45:00+00:00,0.023271
CONTROL,3b970f2ed0ea8b61eeaeee204af1115a998237da0d856d2f85d2be72a166dc8b,Binance|BTCDOM/USDT:USDT|2025-07-31T22:45:00+00:00,Binance,BTCDOM/USDT:USDT,LONG,壓縮早突破,2025-07-31 22:30:00+00:00,2025-07-31 22:45:00+00:00,False,UNCHANGED,CONTROL_UNCHANGED,,,,,,2025-07-31 22:45:00+00:00,4470.0
CONTROL,e90fdd4ab988eaa78691c6620eae5b453e040d9df5f5138e5ec8511e87581568,Binance|ETH/USDT:USDT|2025-08-05T23:15:00+00:00,Binance,ETH/USDT:USDT,LONG,均線假跌破站回,2025-08-05 23:00:00+00:00,2025-08-05 23:15:00+00:00,False,UNCHANGED,CONTROL_UNCHANGED,,,,,,2025-08-05 23:15:00+00:00,3607.92
CONTROL,7db3790362bf16222b44ffd1af3b7e6eba2e8cd4329818cc92bd61c4b47f4d53,Binance|BTC/USDT:USDT|2025-08-10T23:00:00+00:00,Binance,BTC/USDT:USDT,LONG,壓縮早突破,2025-08-10 22:45:00+00:00,2025-08-10 23:00:00+00:00,False,UNCHANGED,CONTROL_UNCHANGED,,,,,,2025-08-10 23:00:00+00:00,119046.7
CONTROL,73d2fc7ab32c3e9244e43b0ae198067145f51a93afe54dfe6fda8eed7454cf40,Binance|DEXE/USDT:USDT|2025-08-16T11:15:00+00:00,Binance,DEXE/USDT:USDT,LONG,壓縮早突破,2025-08-16 11:00:00+00:00,2025-08-16 11:15:00+00:00,False,UNCHANGED,CONTROL_UNCHANGED,,,,,,2025-08-16 11:15:00+00:00,7.351
CONTROL,5b758520abacdb8838e12abeaf5a1b17aaed8f3cd3d2b3c37f28f96eeef902e3,Binance|IDOL/USDT:USDT|2025-08-26T08:00:00+00:00,Binance,IDOL/USDT:USDT,LONG,壓縮早突破,2025-08-26 07:45:00+00:00,2025-08-26 08:00:00+00:00,False,UNCHANGED,CONTROL_UNCHANGED,,,,,,2025-08-26 08:00:00+00:00,0.01301
CONTROL,9296dfb1c69e9080c2d3a340551ab1f742a18e33d39413f4bba87465d44651a8,Binance|CHR/USDT:USDT|2025-08-28T00:15:00+00:00,Binance,CHR/USDT:USDT,LONG,壓縮早突破,2025-08-28 00:00:00+00:00,2025-08-28 00:15:00+00:00,False,UNCHANGED,CONTROL_UNCHANGED,,,,,,2025-08-28 00:15:00+00:00,0.1005
CONTROL,e239604307bc8fc15e1142b4659e1795c7b219015df7eb785c4244d9bd19f1c0,Binance|MOVR/USDT:USDT|2025-08-30T14:15:00+00:00,Binance,MOVR/USDT:USDT,LONG,壓縮早突破,2025-08-30 14:00:00+00:00,2025-08-30 14:15:00+00:00,False,UNCHANGED,CONTROL_UNCHANGED,,,,,,2025-08-30 14:15:00+00:00,6.566
CONTROL,4778b08d0982dd251aa35e404dcd72d6859a360982bd50d522a6b236349c8038,Binance|BTCDOM/USDT:USDT|2025-08-31T23:30:00+00:00,Binance,BTCDOM/USDT:USDT,LONG,壓縮早突破,2025-08-31 23:15:00+00:00,2025-08-31 23:30:00+00:00,False,UNCHANGED,CONTROL_UNCHANGED,,,,,,2025-08-31 23:30:00+00:00,3831.0
CONTROL,27de39589b92850f2fdf5f4b045bf0998bc2619d3e5a16845d8c808c8d8fcb79,Binance|ETH/USDT:USDT|2025-09-09T12:30:00+00:00,Binance,ETH/USDT:USDT,LONG,均線假跌破站回,2025-09-09 12:15:00+00:00,2025-09-09 12:30:00+00:00,False,UNCHANGED,CONTROL_UNCHANGED,,,,,,2025-09-09 12:30:00+00:00,4365.09
CONTROL,b6972d4585adaa2c617313077091d35a3bf8bb6934e8af18a17e8bbbfec63ca5,Binance|AVAAI/USDT:USDT|2025-09-14T00:00:00+00:00,Binance,AVAAI/USDT:USDT,LONG,壓縮早突破,2025-09-13 23:45:00+00:00,2025-09-14 00:00:00+00:00,False,UNCHANGED,CONTROL_UNCHANGED,,,,,,2025-09-14 00:00:00+00:00,0.02562
CONTROL,186ebdc7be411d963d6ac0605caa2b902194234e72157817148d9ef4289292a3,Binance|USUAL/USDT:USDT|2025-09-21T14:45:00+00:00,Binance,USUAL/USDT:USDT,LONG,壓縮早突破,2025-09-21 14:30:00+00:00,2025-09-21 14:45:00+00:00,False,UNCHANGED,CONTROL_UNCHANGED,,,,,,2025-09-21 14:45:00+00:00,0.0684
CONTROL,20ad79aacd0fc22546d4db7e992af634cb00f1898419021b2373a5c25719e697,Binance|PROM/USDT:USDT|2025-09-25T16:00:00+00:00,Binance,PROM/USDT:USDT,LONG,壓縮早突破,2025-09-25 15:45:00+00:00,2025-09-25 16:00:00+00:00,False,UNCHANGED,CONTROL_UNCHANGED,,,,,,2025-09-25 16:00:00+00:00,9.785
CONTROL,ed96ca4b3153342e051374558c325be1ef89da6f710e7ef2ad2e9095d2ab4f31,Binance|GPS/USDT:USDT|2025-09-30T13:00:00+00:00,Binance,GPS/USDT:USDT,LONG,壓縮早突破,2025-09-30 12:45:00+00:00,2025-09-30 13:00:00+00:00,False,UNCHANGED,CONTROL_UNCHANGED,,,,,,2025-09-30 13:00:00+00:00,0.01075
CONTROL,877978e9ed72b7608b5cc8edc360ebe1e970ac337f742183ed9628057be38d85,Binance|THETA/USDT:USDT|2025-10-01T08:30:00+00:00,Binance,THETA/USDT:USDT,LONG,壓縮早突破,2025-10-01 08:15:00+00:00,2025-10-01 08:30:00+00:00,False,UNCHANGED,CONTROL_UNCHANGED,,,,,,2025-10-01 08:30:00+00:00,0.7008
CONTROL,1370f620797eeb983c64564fbdfcf638f2c32ed09c33381ba36e70fd71e6212c,Bitget|H/USDT:USDT|2025-10-07T17:15:00+00:00,Bitget,H/USDT:USDT,LONG,壓縮早突破,2025-10-07 17:00:00+00:00,2025-10-07 17:15:00+00:00,False,UNCHANGED,CONTROL_UNCHANGED,,,,,,2025-10-07 17:15:00+00:00,0.06809
CONTROL,3a5aa1b361df47666bf16e1ed2b4cb602254102e06c60907d4e73005ff73f9d8,Binance|GPS/USDT:USDT|2025-10-08T02:15:00+00:00,Binance,GPS/USDT:USDT,LONG,壓縮早突破,2025-10-08 02:00:00+00:00,2025-10-08 02:15:00+00:00,False,UNCHANGED,CONTROL_UNCHANGED,,,,,,2025-10-08 02:15:00+00:00,0.01281
CONTROL,18757a150c58e8dec405ea2a4a2b13113ac4bb74408213369b0be22a5ba146ef,Binance|PROM/USDT:USDT|2025-10-09T14:00:00+00:00,Binance,PROM/USDT:USDT,LONG,壓縮早突破,2025-10-09 13:45:00+00:00,2025-10-09 14:00:00+00:00,False,UNCHANGED,CONTROL_UNCHANGED,,,,,,2025-10-09 14:00:00+00:00,10.277949142857143
CONTROL,d0e08e8eb5f2e481cd24ac16a2b23562fbdf4041438f0158f1413260c358d3df,Binance|IDOL/USDT:USDT|2025-10-21T04:15:00+00:00,Binance,IDOL/USDT:USDT,LONG,壓縮早突破,2025-10-21 04:00:00+00:00,2025-10-21 04:15:00+00:00,False,UNCHANGED,CONTROL_UNCHANGED,,,,,,2025-10-21 04:15:00+00:00,0.02669
CONTROL,767df347d686c509186b0ac6e03cc56d96fcafd27da6b37d3de0933a36f2dac4,Binance|STG/USDT:USDT|2025-10-28T20:00:00+00:00,Binance,STG/USDT:USDT,SHORT,,,2025-10-28 20:00:00+00:00,False,UNCHANGED,CONTROL_UNCHANGED,,,,,,2025-10-28 20:00:00+00:00,0.1485
CONTROL,0be8f58900c85d3968ae89fea9364976760431c3a45231b341c4e5fa5b4652a5,Binance|2Z/USDT:USDT|2025-10-29T08:15:00+00:00,Binance,2Z/USDT:USDT,SHORT,,,2025-10-29 08:15:00+00:00,False,UNCHANGED,CONTROL_UNCHANGED,,,,,,2025-10-29 08:15:00+00:00,0.22114
CONTROL,cb0f6848f204eee4e87a094b2726ef6f38eec7968a3aa38cbdaa53b115612820,Binance|MAV/USDT:USDT|2025-10-30T00:00:00+00:00,Binance,MAV/USDT:USDT,SHORT,,,2025-10-30 00:00:00+00:00,False,UNCHANGED,CONTROL_UNCHANGED,,,,,,2025-10-30 00:00:00+00:00,0.03514
CONTROL,fe07fc5cd974ccca1fe28ee5ff8ce26e73a4308ae4dc0dd159bc84d38e336e7b,Binance|2Z/USDT:USDT|2025-10-30T00:00:00+00:00,Binance,2Z/USDT:USDT,SHORT,,,2025-10-30 00:00:00+00:00,False,UNCHANGED,CONTROL_UNCHANGED,,,,,,2025-10-30 00:00:00+00:00,0.21904
CONTROL,bcb73c45275054bc8b9b3fb9eac9777ab1a639fb4c2be78ca69a6b5e9d1e048f,Binance|INIT/USDT:USDT|2025-10-30T00:00:00+00:00,Binance,INIT/USDT:USDT,SHORT,,,2025-10-30 00:00:00+00:00,False,UNCHANGED,CONTROL_UNCHANGED,,,,,,2025-10-30 00:00:00+00:00,0.1546
CONTROL,35be6ec84c2a298f4749b0c0a8919bfe37f5cd7b1b2ca4cdadbd6e5867da2a0d,Binance|G/USDT:USDT|2025-10-30T08:15:00+00:00,Binance,G/USDT:USDT,SHORT,,,2025-10-30 08:15:00+00:00,False,UNCHANGED,CONTROL_UNCHANGED,,,,,,2025-10-30 08:15:00+00:00,0.006976
CONTROL,6b7f4e184a9e0ad282d7ecb5e4ddc46527545983acf718f880c1baa99c47babf,Binance|BNB/USDT:USDT|2025-11-07T17:30:00+00:00,Binance,BNB/USDT:USDT,LONG,壓縮早突破,2025-11-07 17:15:00+00:00,2025-11-07 17:30:00+00:00,False,UNCHANGED,CONTROL_UNCHANGED,,,,,,2025-11-07 17:30:00+00:00,966.99
CONTROL,a5940765fcd56d590a62d6d0360dd4baf64ac62f0f427760ba4df8b12f9fbdc4,Binance|ASTER/USDT:USDT|2025-11-11T01:15:00+00:00,Binance,ASTER/USDT:USDT,LONG,壓縮早突破,2025-11-11 01:00:00+00:00,2025-11-11 01:15:00+00:00,False,UNCHANGED,CONTROL_UNCHANGED,,,,,,2025-11-11 01:15:00+00:00,1.1056
CONTROL,edb202f822cfa056e7438f12a33bd540cea90c926b788d3e12d420adb8fdaa74,Binance|EDU/USDT:USDT|2025-11-13T00:00:00+00:00,Binance,EDU/USDT:USDT,LONG,均線假跌破站回,2025-11-12 23:45:00+00:00,2025-11-13 00:00:00+00:00,False,UNCHANGED,CONTROL_UNCHANGED,,,,,,2025-11-13 00:00:00+00:00,0.16206845714285711
CONTROL,05555fadada37d0d00f4d795ee4383743f9273262a438c71b621798567d8d873,Binance|PAXG/USDT:USDT|2025-11-14T00:00:00+00:00,Binance,PAXG/USDT:USDT,LONG,壓縮早突破,2025-11-13 23:45:00+00:00,2025-11-14 00:00:00+00:00,False,UNCHANGED,CONTROL_UNCHANGED,,,,,,2025-11-14 00:00:00+00:00,4173.93
CONTROL,620ddc82454bef15fb27a674601f6b32057e363de2330f691105a355e95da917,Binance|BTCDOM/USDT:USDT|2025-11-15T08:30:00+00:00,Binance,BTCDOM/USDT:USDT,LONG,壓縮早突破,2025-11-15 08:15:00+00:00,2025-11-15 08:30:00+00:00,False,UNCHANGED,CONTROL_UNCHANGED,,,,,,2025-11-15 08:30:00+00:00,4494.0368
CONTROL,1d0912a0c56c0a8d3ffd0a38473f092fb98c6d1f177427248eb7d190e4acf3df,Binance|SOPH/USDT:USDT|2025-11-16T13:45:00+00:00,Binance,SOPH/USDT:USDT,SHORT,,,2025-11-16 13:45:00+00:00,False,UNCHANGED,CONTROL_UNCHANGED,,,,,,2025-11-16 13:45:00+00:00,0.019017
CONTROL,581e868cd5361feb832216eaa3d402c2f8c60d4630a47ba6f4dbcc927568ca8a,Binance|SOLV/USDT:USDT|2025-11-16T16:00:00+00:00,Binance,SOLV/USDT:USDT,SHORT,,,2025-11-16 16:00:00+00:00,False,UNCHANGED,CONTROL_UNCHANGED,,,,,,2025-11-16 16:00:00+00:00,0.01411
CONTROL,d515a27f7757a435b2440c83bd635079e0349b7b78f6d6b88683d3bbc9bc9fcc,Binance|SONIC/USDT:USDT|2025-11-16T16:00:00+00:00,Binance,SONIC/USDT:USDT,SHORT,,,2025-11-16 16:00:00+00:00,False,UNCHANGED,CONTROL_UNCHANGED,,,,,,2025-11-16 16:00:00+00:00,0.1008
CONTROL,a5f0736b64ad266aa5b08ed1a30ceff70afeafc99b73bc03162ecf028028fadb,Binance|WAL/USDT:USDT|2025-11-17T16:00:00+00:00,Binance,WAL/USDT:USDT,SHORT,,,2025-11-17 16:00:00+00:00,False,UNCHANGED,CONTROL_UNCHANGED,,,,,,2025-11-17 16:00:00+00:00,0.1865
CONTROL,e9a702ef3f0a442231ab083515af4600fe7ae4c74d9c192f1f41b58db75d3871,Binance|DIA/USDT:USDT|2025-11-18T13:30:00+00:00,Binance,DIA/USDT:USDT,SHORT,,,2025-11-18 13:30:00+00:00,False,UNCHANGED,CONTROL_UNCHANGED,,,,,,2025-11-18 13:30:00+00:00,0.3783
CONTROL,ce01ea2f135a0f4fc26c379e03912e612553437469d668dfd9e6c741b13761a3,Binance|XRP/USDT:USDT|2025-11-20T20:00:00+00:00,Binance,XRP/USDT:USDT,SHORT,,,2025-11-20 20:00:00+00:00,False,UNCHANGED,CONTROL_UNCHANGED,,,,,,2025-11-20 20:00:00+00:00,2.0058
CONTROL,213e5d9157a3a409875d88a399d2cc461c1d0531c188e9b92822e619d1f87d70,Binance|1000CHEEMS/USDT:USDT|2025-11-27T09:15:00+00:00,Binance,1000CHEEMS/USDT:USDT,LONG,壓縮早突破,2025-11-27 09:00:00+00:00,2025-11-27 09:15:00+00:00,False,UNCHANGED,CONTROL_UNCHANGED,,,,,,2025-11-27 09:15:00+00:00,0.0011333
CONTROL,435081995b354757b81822a347a3e82f4949a05deda50b78856660d78d2845ae,Binance|STORJ/USDT:USDT|2025-11-28T08:15:00+00:00,Binance,STORJ/USDT:USDT,LONG,壓縮早突破,2025-11-28 08:00:00+00:00,2025-11-28 08:15:00+00:00,False,UNCHANGED,CONTROL_UNCHANGED,,,,,,2025-11-28 08:15:00+00:00,0.15598645714285714
CONTROL,d63950eac31d7ed80b4ff6ad6c798207f9d73f5d7b2f3ccc8abfa1c750f4e020,Binance|GMT/USDT:USDT|2025-11-30T20:00:00+00:00,Binance,GMT/USDT:USDT,SHORT,,,2025-11-30 20:00:00+00:00,False,UNCHANGED,CONTROL_UNCHANGED,,,,,,2025-11-30 20:00:00+00:00,0.01715
CONTROL,1234edd2dfb470a9dcc9a6b8edd0be1a9016edca7611694829389a8fcd261ae3,Binance|FLOW/USDT:USDT|2025-12-08T16:00:00+00:00,Binance,FLOW/USDT:USDT,SHORT,,,2025-12-08 16:00:00+00:00,False,UNCHANGED,CONTROL_UNCHANGED,,,,,,2025-12-08 16:00:00+00:00,0.211
CONTROL,afd88d9b5a42c0e57c9268bc9114432a988bf6cbe98c2df6ce1eca5fffe48184,Binance|PROVE/USDT:USDT|2025-12-26T14:00:00+00:00,Binance,PROVE/USDT:USDT,LONG,壓縮早突破,2025-12-26 13:45:00+00:00,2025-12-26 14:00:00+00:00,False,UNCHANGED,CONTROL_UNCHANGED,,,,,,2025-12-26 14:00:00+00:00,0.3941
CONTROL,64ad5f607b0d737ad67c16fc29da26947e4b043f8934cd49b4e5a28006e96fff,Binance|LQTY/USDT:USDT|2025-12-29T12:00:00+00:00,Binance,LQTY/USDT:USDT,SHORT,,,2025-12-29 12:00:00+00:00,False,UNCHANGED,CONTROL_UNCHANGED,,,,,,2025-12-29 12:00:00+00:00,0.3586
CONTROL,c6ce58e2653e5ee65a11bc82cf90cea9e19e8c515c5e27348ab6a444d4f395ae,Binance|DOGS/USDT:USDT|2026-01-01T00:00:00+00:00,Binance,DOGS/USDT:USDT,SHORT,,,2026-01-01 00:00:00+00:00,False,UNCHANGED,CONTROL_UNCHANGED,,,,,,2026-01-01 00:00:00+00:00,3.82e-05
CONTROL,201f993342108d7449d9e1ba2e55e6c97b7b7257f19ba63ebc7f52c66b5ca1f6,Binance|IN/USDT:USDT|2026-01-08T00:00:00+00:00,Binance,IN/USDT:USDT,LONG,均線假跌破站回,2026-01-07 23:45:00+00:00,2026-01-08 00:00:00+00:00,False,UNCHANGED,CONTROL_UNCHANGED,,,,,,2026-01-08 00:00:00+00:00,0.07578
CONTROL,d62b50fd788c0cdb5297c6b7543e1d66dbffd44cf999109971602119b0a4579c,Binance|LQTY/USDT:USDT|2026-01-11T04:00:00+00:00,Binance,LQTY/USDT:USDT,LONG,均線假跌破站回,2026-01-11 03:45:00+00:00,2026-01-11 04:00:00+00:00,False,UNCHANGED,CONTROL_UNCHANGED,,,,,,2026-01-11 04:00:00+00:00,0.4041
CONTROL,44047fb3683e698facf145168cd9a26c72e17fe88e7eb9e9c6e5f1092be14e33,Binance|ZKC/USDT:USDT|2026-01-11T11:00:00+00:00,Binance,ZKC/USDT:USDT,LONG,壓縮早突破,2026-01-11 10:45:00+00:00,2026-01-11 11:00:00+00:00,False,UNCHANGED,CONTROL_UNCHANGED,,,,,,2026-01-11 11:00:00+00:00,0.1168
CONTROL,a007152d4835da471e447b0dd2eab21ef196efeeebf8f61e3f7d47757f033dcd,Binance|ASR/USDT:USDT|2026-01-14T03:15:00+00:00,Binance,ASR/USDT:USDT,LONG,壓縮早突破,2026-01-14 03:00:00+00:00,2026-01-14 03:15:00+00:00,False,UNCHANGED,CONTROL_UNCHANGED,,,,,,2026-01-14 03:15:00+00:00,1.6188474285714285
CONTROL,e59c9e949798ca1b70e8ca36c2bfbefde75d0fef2e57881ddc5c781807d154b2,Binance|USTC/USDT:USDT|2026-01-25T00:45:00+00:00,Binance,USTC/USDT:USDT,LONG,壓縮早突破,2026-01-25 00:30:00+00:00,2026-01-25 00:45:00+00:00,False,UNCHANGED,CONTROL_UNCHANGED,,,,,,2026-01-25 00:45:00+00:00,0.006614
CONTROL,32563969136b671fb9c33d8af70548ed6b2ce19ad42b2187c99fdccc52a1f0fe,Binance|KMNO/USDT:USDT|2026-01-25T01:30:00+00:00,Binance,KMNO/USDT:USDT,SHORT,,,2026-01-25 01:30:00+00:00,False,UNCHANGED,CONTROL_UNCHANGED,,,,,,2026-01-25 01:30:00+00:00,0.04539
CONTROL,0b0c0eca63a5bb76a86acf75112ab370e53d95fa57494ed0d543795ca2bc05d0,Binance|STRK/USDT:USDT|2026-01-25T08:00:00+00:00,Binance,STRK/USDT:USDT,SHORT,,,2026-01-25 08:00:00+00:00,False,UNCHANGED,CONTROL_UNCHANGED,,,,,,2026-01-25 08:00:00+00:00,0.0702
CONTROL,5ef8fd682ba8d039c0198e5d03847d9c8a5ac5e26bdff069cfd097b4fbc144f3,Binance|INIT/USDT:USDT|2026-02-09T17:15:00+00:00,Binance,INIT/USDT:USDT,SHORT,,,2026-02-09 17:15:00+00:00,False,UNCHANGED,CONTROL_UNCHANGED,,,,,,2026-02-09 17:15:00+00:00,0.0654
CONTROL,5f44ecda19d659fa8a371408749981ba756c5d53b726d740cbb0c19b5e4c6141,Binance|GUA/USDT:USDT|2026-02-15T17:00:00+00:00,Binance,GUA/USDT:USDT,LONG,壓縮早突破,2026-02-15 16:45:00+00:00,2026-02-15 17:00:00+00:00,False,UNCHANGED,CONTROL_UNCHANGED,,,,,,2026-02-15 17:00:00+00:00,0.14528
CONTROL,08801ffc0074be4078a8b00dc9731fa3e0a7734ad37f12b10548489478f1ad98,Binance|XAG/USDT:USDT|2026-02-18T13:30:00+00:00,Binance,XAG/USDT:USDT,LONG,壓縮早突破,2026-02-18 13:15:00+00:00,2026-02-18 13:30:00+00:00,False,UNCHANGED,CONTROL_UNCHANGED,,,,,,2026-02-18 13:30:00+00:00,76.35093142857143
CONTROL,2763ba507134a64a27bf4e411889419eef52639b4a5da446a9c98e9956e797bd,Binance|BTCDOM/USDT:USDT|2026-02-18T20:15:00+00:00,Binance,BTCDOM/USDT:USDT,LONG,壓縮早突破,2026-02-18 20:00:00+00:00,2026-02-18 20:15:00+00:00,False,UNCHANGED,CONTROL_UNCHANGED,,,,,,2026-02-18 20:15:00+00:00,5068.020171428572
CONTROL,299f8076fa5730b9aa57e9eb92530d07db3fd6bac4ef07e89b385253fdc2669a,Binance|SIGN/USDT:USDT|2026-02-19T12:00:00+00:00,Binance,SIGN/USDT:USDT,SHORT,,,2026-02-19 12:00:00+00:00,False,UNCHANGED,CONTROL_UNCHANGED,,,,,,2026-02-19 12:00:00+00:00,0.02567
CONTROL,a66e954eb2dd154d452581c07f6dc9cfd87114561bc0d60ee4cddcf3405d7088,Binance|TOWNS/USDT:USDT|2026-02-22T16:00:00+00:00,Binance,TOWNS/USDT:USDT,SHORT,,,2026-02-22 16:00:00+00:00,False,UNCHANGED,CONTROL_UNCHANGED,,,,,,2026-02-22 16:00:00+00:00,0.003525
CONTROL,e86fb30a1c6c90777e5a0cc68d12d032eea7d29c1a1cdab619d89dcb45bafe2f,Binance|A/USDT:USDT|2026-02-25T12:00:00+00:00,Binance,A/USDT:USDT,LONG,均線假跌破站回_延後一根確認,2026-02-25 11:45:00+00:00,2026-02-25 12:00:00+00:00,False,UNCHANGED,CONTROL_UNCHANGED,,,,,,2026-02-25 12:00:00+00:00,0.0809928
CONTROL,80c77c816c3f4137e0efde1e710e1198f68f6af2e8d59def6e6ba44dd0cc53b9,Binance|SKYAI/USDT:USDT|2026-02-26T12:15:00+00:00,Binance,SKYAI/USDT:USDT,LONG,壓縮早突破,2026-02-26 12:00:00+00:00,2026-02-26 12:15:00+00:00,False,UNCHANGED,CONTROL_UNCHANGED,,,,,,2026-02-26 12:15:00+00:00,0.04476
CONTROL,1d8c64dc3d5e166bf7969bb17a0b02cbc4ea910fb36a4d6e46d139fd8987ad24,Binance|M/USDT:USDT|2026-03-07T23:15:00+00:00,Binance,M/USDT:USDT,LONG,均線假跌破站回,2026-03-07 23:00:00+00:00,2026-03-07 23:15:00+00:00,False,UNCHANGED,CONTROL_UNCHANGED,,,,,,2026-03-07 23:15:00+00:00,1.5341
CONTROL,2422245811a38c556a2cb61d84524a291e72dc81ac431c14bac39751cd5e278c,Binance|SYN/USDT:USDT|2026-03-08T05:30:00+00:00,Binance,SYN/USDT:USDT,LONG,均線假跌破站回_延後一根確認,2026-03-08 05:15:00+00:00,2026-03-08 05:30:00+00:00,False,UNCHANGED,CONTROL_UNCHANGED,,,,,,2026-03-08 05:30:00+00:00,0.047100005714285756
CONTROL,4b060df5a65403241bfab68b5c61965dd044552356ec495a6c2f4f0cfdfddc8c,Binance|TRUMP/USDT:USDT|2026-03-10T00:00:00+00:00,Binance,TRUMP/USDT:USDT,SHORT,,,2026-03-10 00:00:00+00:00,False,UNCHANGED,CONTROL_UNCHANGED,,,,,,2026-03-10 00:00:00+00:00,2.88
CONTROL,b5c9a7af6c0a4891a2ba3b9c6922552a65858a6b78f91a053b7b3e874942f7ef,Binance|SUPER/USDT:USDT|2026-03-14T17:00:00+00:00,Binance,SUPER/USDT:USDT,LONG,壓縮早突破,2026-03-14 16:45:00+00:00,2026-03-14 17:00:00+00:00,False,UNCHANGED,CONTROL_UNCHANGED,,,,,,2026-03-14 17:00:00+00:00,0.11529279999999997
CONTROL,a243a1ce8ad3a46533e48f17875c0460abdc9c3c99785796708c5089f2fe5510,Binance|XPD/USDT:USDT|2026-03-17T13:45:00+00:00,Binance,XPD/USDT:USDT,LONG,壓縮早突破,2026-03-17 13:30:00+00:00,2026-03-17 13:45:00+00:00,False,UNCHANGED,CONTROL_UNCHANGED,,,,,,2026-03-17 13:45:00+00:00,1631.41
CONTROL,0edb111e3f87defb213f3a1319b0b31409649e3e6aabe9fe74e084abde014c82,Binance|SSV/USDT:USDT|2026-03-22T00:00:00+00:00,Binance,SSV/USDT:USDT,SHORT,,,2026-03-22 00:00:00+00:00,False,UNCHANGED,CONTROL_UNCHANGED,,,,,,2026-03-22 00:00:00+00:00,2.503
CONTROL,51712636bb0abb55d7fbb37f0de3e582551263b827b012b87ae7a1f21c0b175e,Binance|B2/USDT:USDT|2026-03-22T00:30:00+00:00,Binance,B2/USDT:USDT,LONG,壓縮早突破,2026-03-22 00:15:00+00:00,2026-03-22 00:30:00+00:00,False,UNCHANGED,CONTROL_UNCHANGED,,,,,,2026-03-22 00:30:00+00:00,0.7265526857142858
CONTROL,6f34803595188195c62d7a43f71ee218639677af2f12855ce01f015b613d240c,Binance|EDU/USDT:USDT|2026-03-23T00:00:00+00:00,Binance,EDU/USDT:USDT,SHORT,,,2026-03-23 00:00:00+00:00,False,UNCHANGED,CONTROL_UNCHANGED,,,,,,2026-03-23 00:00:00+00:00,0.0753
CONTROL,85799d9c10841c479e31d6e5a0a0973da9b419041defa0f4298bd108884baaab,Binance|BNB/USDT:USDT|2026-04-17T09:15:00+00:00,Binance,BNB/USDT:USDT,LONG,壓縮早突破,2026-04-17 09:00:00+00:00,2026-04-17 09:15:00+00:00,False,UNCHANGED,CONTROL_UNCHANGED,,,,,,2026-04-17 09:15:00+00:00,632.0462628571429
CONTROL,7288a37ceb518abdd11feb32221c95025d759491ab6c2806960d2137b593babc,Binance|SQD/USDT:USDT|2026-04-24T00:15:00+00:00,Binance,SQD/USDT:USDT,LONG,壓縮早突破,2026-04-24 00:00:00+00:00,2026-04-24 00:15:00+00:00,False,UNCHANGED,CONTROL_UNCHANGED,,,,,,2026-04-24 00:15:00+00:00,0.03234
CONTROL,d4296deecdee1ded3f42f084c8d63b91b22f5b36c9d567a92e4f9b858fcad759,Binance|DRIFT/USDT:USDT|2026-04-28T15:15:00+00:00,Binance,DRIFT/USDT:USDT,LONG,壓縮早突破,2026-04-28 15:00:00+00:00,2026-04-28 15:15:00+00:00,False,UNCHANGED,CONTROL_UNCHANGED,,,,,,2026-04-28 15:15:00+00:00,0.0362
CONTROL,c92daabee50f7f27395fe989ed66fc9d698ee8811e69c26a24f2ad87280ee1a9,Binance|HOT/USDT:USDT|2026-04-29T03:30:00+00:00,Binance,HOT/USDT:USDT,LONG,壓縮早突破_延後一根確認,2026-04-29 03:15:00+00:00,2026-04-29 03:30:00+00:00,False,UNCHANGED,CONTROL_UNCHANGED,,,,,,2026-04-29 03:30:00+00:00,0.000446
CONTROL,777a77e102b0c5a81260948383552389ef31e90b487911b5dbd8bcabc0f934c1,Binance|PAYP/USDT:USDT|2026-04-29T17:00:00+00:00,Binance,PAYP/USDT:USDT,LONG,壓縮早突破,2026-04-29 16:45:00+00:00,2026-04-29 17:00:00+00:00,False,UNCHANGED,CONTROL_UNCHANGED,,,,,,2026-04-29 17:00:00+00:00,20.37
CONTROL,31c1de0f5b0fa6f82d64372e0fb4b7bf54b6f7b88c6d26433382695fe3e55565,Binance|BABA/USDT:USDT|2026-05-05T00:15:00+00:00,Binance,BABA/USDT:USDT,LONG,壓縮早突破,2026-05-05 00:00:00+00:00,2026-05-05 00:15:00+00:00,False,UNCHANGED,CONTROL_UNCHANGED,,,,,,2026-05-05 00:15:00+00:00,134.37
CONTROL,24f002a01f10bfc5ff438a67685a495465062c6737b861be2321a3b862d28c86,Binance|EUL/USDT:USDT|2026-05-08T08:15:00+00:00,Binance,EUL/USDT:USDT,LONG,均線假跌破站回,2026-05-08 08:00:00+00:00,2026-05-08 08:15:00+00:00,False,UNCHANGED,CONTROL_UNCHANGED,,,,,,2026-05-08 08:15:00+00:00,1.4219
CONTROL,1877e4cfc79c417b99eed985a2b76c82551d7ad9015674d9747b0cab88b5aaaf,Binance|CL/USDT:USDT|2026-05-12T01:30:00+00:00,Binance,CL/USDT:USDT,LONG,壓縮早突破,2026-05-12 01:15:00+00:00,2026-05-12 01:30:00+00:00,False,UNCHANGED,CONTROL_UNCHANGED,,,,,,2026-05-12 01:30:00+00:00,96.7
CONTROL,3252e00cb593f087394e71c5763250efba258bdbbc6adf933915293b95a9335e,Binance|CL/USDT:USDT|2026-05-15T15:00:00+00:00,Binance,CL/USDT:USDT,LONG,均線假跌破站回,2026-05-15 14:30:00+00:00,2026-05-15 15:00:00+00:00,False,UNCHANGED,CONTROL_UNCHANGED,,,,,,2026-05-15 15:00:00+00:00,100.04990285714285
CONTROL,b0aa097b01586676e42c78543873c89ba267ea6b8d51ca8f6c50fc04d56fd33e,Binance|ARK/USDT:USDT|2026-05-23T06:00:00+00:00,Binance,ARK/USDT:USDT,LONG,壓縮早突破,2026-05-23 05:45:00+00:00,2026-05-23 06:00:00+00:00,False,UNCHANGED,CONTROL_UNCHANGED,,,,,,2026-05-23 06:00:00+00:00,0.1628
CONTROL,594be9489011569e2d51cbdb377929d2e76e3e3f85607790f8489b43573b7dd8,Binance|IDOL/USDT:USDT|2026-05-26T17:15:00+00:00,Binance,IDOL/USDT:USDT,LONG,均線假跌破站回,2026-05-26 17:00:00+00:00,2026-05-26 17:15:00+00:00,False,UNCHANGED,CONTROL_UNCHANGED,,,,,,2026-05-26 17:15:00+00:00,0.02591
CONTROL,6e393fb87ffcea6a96e6b7199ca18d8c7e158d4c83389f98dcd9d1a373e220da,Binance|WAL/USDT:USDT|2026-05-29T02:45:00+00:00,Binance,WAL/USDT:USDT,SHORT,,,2026-05-29 02:45:00+00:00,False,UNCHANGED,CONTROL_UNCHANGED,,,,,,2026-05-29 02:45:00+00:00,0.06137
CONTROL,b90af40ff8ffb0c77fc60605321ff5c8153b09e44fbfab0d159a2004635b6008,Binance|KAIA/USDT:USDT|2026-05-29T20:30:00+00:00,Binance,KAIA/USDT:USDT,LONG,均線假跌破站回,2026-05-29 20:15:00+00:00,2026-05-29 20:30:00+00:00,False,UNCHANGED,CONTROL_UNCHANGED,,,,,,2026-05-29 20:30:00+00:00,0.04903453142857143
CONTROL,175f420fbed5308dc981ce6b1a8f6256f25fd172b561aa5c63f50196950c79d6,Binance|CL/USDT:USDT|2026-06-01T06:15:00+00:00,Binance,CL/USDT:USDT,LONG,均線假跌破站回,2026-06-01 06:00:00+00:00,2026-06-01 06:15:00+00:00,False,UNCHANGED,CONTROL_UNCHANGED,,,,,,2026-06-01 06:15:00+00:00,89.99
CONTROL,a17c5066c6fad2805f20e775ae26cd5549c1e0369ba1d8bf647e78c0cf80d3d6,Binance|JPM/USDT:USDT|2026-06-03T16:45:00+00:00,Binance,JPM/USDT:USDT,LONG,壓縮早突破,2026-06-03 16:30:00+00:00,2026-06-03 16:45:00+00:00,False,UNCHANGED,CONTROL_UNCHANGED,,,,,,2026-06-03 16:45:00+00:00,300.6
CONTROL,3f691bb94be8c2da2bfde31b5a03051d7d3e7600f9f8b05fabd4b837248c73e0,Binance|SONIC/USDT:USDT|2026-06-04T16:30:00+00:00,Binance,SONIC/USDT:USDT,SHORT,,,2026-06-04 16:30:00+00:00,False,UNCHANGED,CONTROL_UNCHANGED,,,,,,2026-06-04 16:30:00+00:00,0.03051
CONTROL,13f4007fbca929d93d03a1da595570a34ca7c714d51d496bf85615808c5ffa1b,Binance|BTCDOM/USDT:USDT|2026-06-04T21:30:00+00:00,Binance,BTCDOM/USDT:USDT,LONG,壓縮早突破,2026-06-04 21:15:00+00:00,2026-06-04 21:30:00+00:00,False,UNCHANGED,CONTROL_UNCHANGED,,,,,,2026-06-04 21:30:00+00:00,5422.62537142857
CONTROL,1af459fa7036ae726438b2a9107745088d85dc3ad9181b8c87d914b1dddefb4f,Binance|USTC/USDT:USDT|2026-06-08T02:45:00+00:00,Binance,USTC/USDT:USDT,LONG,均線假跌破站回,2026-06-08 02:30:00+00:00,2026-06-08 02:45:00+00:00,False,UNCHANGED,CONTROL_UNCHANGED,,,,,,2026-06-08 02:45:00+00:00,0.005914952571428557
CONTROL,f2aedc00bf27f0d254af3de98d95291ccc91aa274926111417b63df98a7e3ee8,Binance|LAYER/USDT:USDT|2026-06-14T12:30:00+00:00,Binance,LAYER/USDT:USDT,LONG,均線假跌破站回,2026-06-14 12:15:00+00:00,2026-06-14 12:30:00+00:00,False,UNCHANGED,CONTROL_UNCHANGED,,,,,,2026-06-14 12:30:00+00:00,0.06721
CONTROL,11d7dab44ff6111c5cd9e8173ae2afcd6515cb298017761ca35394b4530289da,Binance|ZM/USDT:USDT|2026-06-24T00:00:00+00:00,Binance,ZM/USDT:USDT,LONG,壓縮早突破,2026-06-23 23:45:00+00:00,2026-06-24 00:00:00+00:00,False,UNCHANGED,CONTROL_UNCHANGED,,,,,,2026-06-24 00:00:00+00:00,86.44
CONTROL,544c0257dac71b29407138f83f70ee5907f590ae556c2f62fbc35c8957abdd3f,Binance|EWZ/USDT:USDT|2026-06-24T20:45:00+00:00,Binance,EWZ/USDT:USDT,LONG,壓縮早突破,2026-06-24 20:30:00+00:00,2026-06-24 20:45:00+00:00,False,UNCHANGED,CONTROL_UNCHANGED,,,,,,2026-06-24 20:45:00+00:00,34.01
CONTROL,857de4814a691bca90efcf9ed7af63a49c8c6fd59d1036e33e516d949d288c41,Binance|ESP/USDT:USDT|2026-06-25T20:00:00+00:00,Binance,ESP/USDT:USDT,LONG,壓縮早突破,2026-06-25 19:45:00+00:00,2026-06-25 20:00:00+00:00,False,UNCHANGED,CONTROL_UNCHANGED,,,,,,2026-06-25 20:00:00+00:00,0.059508942857142845
CONTROL,47e474c15df9f06a33f366882f0dd35848b5b3b73ded167dbd1b3c3ba42e8e94,Binance|XMR/USDT:USDT|2026-06-26T15:15:00+00:00,Binance,XMR/USDT:USDT,LONG,壓縮早突破,2026-06-26 15:00:00+00:00,2026-06-26 15:15:00+00:00,False,UNCHANGED,CONTROL_UNCHANGED,,,,,,2026-06-26 15:15:00+00:00,316.88
CONTROL,eb5da45c40adefa213864949e561940994550ca2eb2c456b793da9fb4cdc5685,Bitget|QNTSTOCK/USDT:USDT|2026-07-01T13:45:00+00:00,Bitget,QNTSTOCK/USDT:USDT,SHORT,,,2026-07-01 13:45:00+00:00,False,UNCHANGED,CONTROL_UNCHANGED,,,,,,2026-07-01 13:45:00+00:00,77.068
CONTROL,709b7d042dc79313d51cfcdaea2d8849e71b0f57b3fcf8ebafcbd30af87c5d21,BingX|1000CAT/USDT:USDT|2026-07-01T20:45:00+00:00,BingX,1000CAT/USDT:USDT,LONG,均線假跌破站回,2026-07-01 20:30:00+00:00,2026-07-01 20:45:00+00:00,False,UNCHANGED,CONTROL_UNCHANGED,,,,,,2026-07-01 20:45:00+00:00,0.001311813142857134
CONTROL,adf4691435aa6f1fca410d97945dec02492238acaaa3a66398839ccd68077755,Binance|XPD/USDT:USDT|2026-07-02T06:15:00+00:00,Binance,XPD/USDT:USDT,LONG,均線假跌破站回,2026-07-02 06:00:00+00:00,2026-07-02 06:15:00+00:00,False,UNCHANGED,CONTROL_UNCHANGED,,,,,,2026-07-02 06:15:00+00:00,1235.1967542857142
CONTROL,2bf9a46a7f84f915a5e40f0e0d35ca15caeaced6de91c4cc4e5268ca56e15bbd,Binance|GTC/USDT:USDT|2026-07-05T20:30:00+00:00,Binance,GTC/USDT:USDT,LONG,壓縮早突破,2026-07-05 20:15:00+00:00,2026-07-05 20:30:00+00:00,False,UNCHANGED,CONTROL_UNCHANGED,,,,,,2026-07-05 20:30:00+00:00,0.07467293714285712
CONTROL,219bd61b05d99258044a28de7679844eddb6ae5b1c047ac68ab4f9616b982f7f,Binance|IMX/USDT:USDT|2026-07-06T04:30:00+00:00,Binance,IMX/USDT:USDT,LONG,壓縮早突破,2026-07-06 04:15:00+00:00,2026-07-06 04:30:00+00:00,False,UNCHANGED,CONTROL_UNCHANGED,,,,,,2026-07-06 04:30:00+00:00,0.1394
CONTROL,b8f79a9af4496b55368260a843e381c617d3db219529cda21fdd2d7fa8ebd73c,Binance|TSM/USDT:USDT|2026-07-06T12:15:00+00:00,Binance,TSM/USDT:USDT,LONG,均線假跌破站回,2026-07-06 12:00:00+00:00,2026-07-06 12:15:00+00:00,False,UNCHANGED,CONTROL_UNCHANGED,,,,,,2026-07-06 12:15:00+00:00,447.49
CONTROL,750f7befe5488b7ba74e67c89ee84a1cb472201876b4d9f3fdebca1640c08186,Binance|BZ/USDT:USDT|2026-07-06T13:30:00+00:00,Binance,BZ/USDT:USDT,LONG,壓縮早突破,2026-07-06 13:15:00+00:00,2026-07-06 13:30:00+00:00,False,UNCHANGED,CONTROL_UNCHANGED,,,,,,2026-07-06 13:30:00+00:00,72.25
CONTROL,f12eadb7ecd8c7d351b4d2d590fe4647ba1e041b858a3aba463a69ca0bb2b38a,Binance|BZ/USDT:USDT|2026-07-08T17:15:00+00:00,Binance,BZ/USDT:USDT,LONG,均線假跌破站回,2026-07-08 14:00:00+00:00,2026-07-08 17:15:00+00:00,False,UNCHANGED,CONTROL_UNCHANGED,,,,,,2026-07-08 17:15:00+00:00,78.45734857142857
CONTROL,30c9dae71a30b5903928f8df74732cdce5c05ff3301099a822307650063bc9b2,Bitget|INFQ/USDT:USDT|2026-07-13T05:30:00+00:00,Bitget,INFQ/USDT:USDT,SHORT,,,2026-07-13 05:30:00+00:00,False,UNCHANGED,CONTROL_UNCHANGED,,,,,,2026-07-13 05:30:00+00:00,11.052
CONTROL,b3540d3155643259511a901304aa31d71d5bb0b674b119aa966649bb86d2d6c6,Bitget|AXON/USDT:USDT|2026-07-13T16:00:00+00:00,Bitget,AXON/USDT:USDT,SHORT,,,2026-07-13 16:00:00+00:00,False,UNCHANGED,CONTROL_UNCHANGED,,,,,,2026-07-13 16:00:00+00:00,559.6
CONTROL,76f58d5fd0f103610379b2a0aed8e093fa1952311058df3d550a4b79be8369f0,Binance|AIA/USDT:USDT|2026-07-15T13:00:00+00:00,Binance,AIA/USDT:USDT,LONG,均線假跌破站回_延後一根確認,2026-07-15 12:45:00+00:00,2026-07-15 13:00:00+00:00,False,UNCHANGED,CONTROL_UNCHANGED,,,,,,2026-07-15 13:00:00+00:00,0.05446
CONTROL,6b1745b0cbc9e93749a7a9f9c8acce0e07078414cefb1f53f1ad7191a82da627,Bitget|UNH/USDT:USDT|2026-07-17T13:30:00+00:00,Bitget,UNH/USDT:USDT,LONG,均線假跌破站回,2026-07-17 13:15:00+00:00,2026-07-17 13:30:00+00:00,False,UNCHANGED,CONTROL_UNCHANGED,,,,,,2026-07-17 13:30:00+00:00,426.64547428571433
CONTROL,ca3dd94049f9a6fb440b3ec729711c5d880af5603962acaae2a4f18a1d968681,Binance|ACU/USDT:USDT|2026-07-26T12:45:00+00:00,Binance,ACU/USDT:USDT,LONG,均線假跌破站回,2026-07-26 12:30:00+00:00,2026-07-26 12:45:00+00:00,False,UNCHANGED,CONTROL_UNCHANGED,,,,,,2026-07-26 12:45:00+00:00,0.07537
CONTROL,4d1252cbba1c41ac6372de29c0056dd7c79cdf1a7e28264377f9ec3b22fad16e,Binance|BROCCOLIF3B/USDT:USDT|2026-07-27T14:30:00+00:00,Binance,BROCCOLIF3B/USDT:USDT,LONG,均線假跌破站回,2026-07-27 14:15:00+00:00,2026-07-27 14:30:00+00:00,False,UNCHANGED,CONTROL_UNCHANGED,,,,,,2026-07-27 14:30:00+00:00,0.005721
CONTROL,292d907e4288be358b13c7f2217a0bae2db6b5a7b9b81d7fd307d3a7f542fc93,Binance|CLO/USDT:USDT|2026-07-28T22:15:00+00:00,Binance,CLO/USDT:USDT,LONG,均線假跌破站回,2026-07-28 22:00:00+00:00,2026-07-28 22:15:00+00:00,False,UNCHANGED,CONTROL_UNCHANGED,,,,,,2026-07-28 22:15:00+00:00,0.12103
CONTROL,d821960852f884f9a4242fe2c09c75fa6be2084308f4f0bba3a77e2fc63f2144,Binance|ZEST/USDT:USDT|2026-07-30T18:15:00+00:00,Binance,ZEST/USDT:USDT,LONG,壓縮早突破,2026-07-30 18:00:00+00:00,2026-07-30 18:15:00+00:00,False,UNCHANGED,CONTROL_UNCHANGED,,,,,,2026-07-30 18:15:00+00:00,0.25261
CONTROL,be6065e2b8a75a304688b89b2112748f7e178c6e1b19ac8391a0d4410ab4fd5c,Bitget|HUMA/USDT:USDT|2026-08-05T15:15:00+00:00,Bitget,HUMA/USDT:USDT,LONG,均線假跌破站回,2026-08-05 15:00:00+00:00,2026-08-05 15:15:00+00:00,False,UNCHANGED,CONTROL_UNCHANGED,,,,,,2026-08-05 15:15:00+00:00,0.01992
CONTROL,20b223d8815e2593c12fc84967011a636d2337124b0d30c16fda04e7274169ee,Binance|BTC/USDT:USDT|2026-08-13T14:45:00+00:00,Binance,BTC/USDT:USDT,LONG,壓縮早突破,2026-08-13 14:30:00+00:00,2026-08-13 14:45:00+00:00,False,UNCHANGED,CONTROL_UNCHANGED,,,,,,2026-08-13 14:45:00+00:00,63933.1
CONTROL,63386dc32f77f891917cb4da3ed30dad896ca9ad25ea72739913d6883ebfa008,Binance|BTC/USDT:USDT|2026-08-17T01:45:00+00:00,Binance,BTC/USDT:USDT,LONG,壓縮早突破,2026-08-17 01:30:00+00:00,2026-08-17 01:45:00+00:00,False,UNCHANGED,CONTROL_UNCHANGED,,,,,,2026-08-17 01:45:00+00:00,63191.4
CONTROL,d1cc77108a9a39491a7e25f83d13280462d90b6c6b7a326f4c0426ec06e3439f,Binance|ETH/USDT:USDT|2026-08-18T11:30:00+00:00,Binance,ETH/USDT:USDT,LONG,均線假跌破站回,2026-08-18 11:15:00+00:00,2026-08-18 11:30:00+00:00,False,UNCHANGED,CONTROL_UNCHANGED,,,,,,2026-08-18 11:30:00+00:00,1903.84
CONTROL,5be597bf99e7b19acf516bfffe5d45eeeceef8131cdfe6ad32df7702090adce2,Binance|SOLV/USDT:USDT|2025-09-01T02:30:00+00:00,Binance,SOLV/USDT:USDT,LONG,壓縮早突破,2025-09-01 02:15:00+00:00,2025-09-01 02:30:00+00:00,False,UNCHANGED,CONTROL_UNCHANGED,,,,,,2025-09-01 02:30:00+00:00,0.04314676
CONTROL,ebe8ea80d42b94b343567d5e3174ba24f7da32ef968f83c303b8386d12dfc87b,Binance|IDOL/USDT:USDT|2025-09-01T06:15:00+00:00,Binance,IDOL/USDT:USDT,LONG,均線假跌破站回,2025-09-01 06:00:00+00:00,2025-09-01 06:15:00+00:00,False,UNCHANGED,CONTROL_UNCHANGED,,,,,,2025-09-01 06:15:00+00:00,0.016076280000000002
CONTROL,46f7228100c69168331f71cd388d412cd05bff6faaef0274ed2c024686618511,Binance|SIGN/USDT:USDT|2025-10-03T19:15:00+00:00,Binance,SIGN/USDT:USDT,LONG,壓縮早突破,2025-10-03 19:00:00+00:00,2025-10-03 19:15:00+00:00,False,UNCHANGED,CONTROL_UNCHANGED,,,,,,2025-10-03 19:15:00+00:00,0.06921
CONTROL,97fc15ba4b02d3b4dc3a1f4f47c454a0f3e1459aae78f5ff4c30dd534dd03ba4,Binance|BNT/USDT:USDT|2025-10-05T23:15:00+00:00,Binance,BNT/USDT:USDT,LONG,壓縮早突破,2025-10-05 23:00:00+00:00,2025-10-05 23:15:00+00:00,False,UNCHANGED,CONTROL_UNCHANGED,,,,,,2025-10-05 23:15:00+00:00,0.69794
CONTROL,d4e12d10a8cfa6e104871d6707937ca4478dc7ae07b3094216f902d8f1986e62,Binance|SKYAI/USDT:USDT|2025-10-23T03:45:00+00:00,Binance,SKYAI/USDT:USDT,LONG,壓縮早突破,2025-10-23 03:30:00+00:00,2025-10-23 03:45:00+00:00,False,UNCHANGED,CONTROL_UNCHANGED,,,,,,2025-10-23 03:45:00+00:00,0.02411
CONTROL,85bb334168b8bacd483b96ad9d56bf6b1f6ab7c4421bc71f1fe661d5ede81077,Binance|ARIA/USDT:USDT|2025-10-30T13:45:00+00:00,Binance,ARIA/USDT:USDT,LONG,壓縮早突破,2025-10-30 13:30:00+00:00,2025-10-30 13:45:00+00:00,False,UNCHANGED,CONTROL_UNCHANGED,,,,,,2025-10-30 13:45:00+00:00,0.18
CONTROL,83132ffecf5d1783e9132b56cda836f222146667e99aef8b74dfff7b61534d0f,Binance|TRX/USDT:USDT|2025-11-12T02:15:00+00:00,Binance,TRX/USDT:USDT,LONG,壓縮早突破,2025-11-12 02:00:00+00:00,2025-11-12 02:15:00+00:00,False,UNCHANGED,CONTROL_UNCHANGED,,,,,,2025-11-12 02:15:00+00:00,0.2992680228571429
CONTROL,96467427975a38fcf390996243840e56b462929b6717926a3f2910f7cb77aae6,Binance|MAGIC/USDT:USDT|2025-11-17T11:15:00+00:00,Binance,MAGIC/USDT:USDT,LONG,壓縮早突破,2025-11-17 11:00:00+00:00,2025-11-17 11:15:00+00:00,False,UNCHANGED,CONTROL_UNCHANGED,,,,,,2025-11-17 11:15:00+00:00,0.1196
CONTROL,4144d3119affb76c01b53e2f371c1249c509143166d5b08a61efe4e8cd2152b4,Binance|ASR/USDT:USDT|2025-11-17T11:45:00+00:00,Binance,ASR/USDT:USDT,LONG,壓縮早突破,2025-11-17 11:30:00+00:00,2025-11-17 11:45:00+00:00,False,UNCHANGED,CONTROL_UNCHANGED,,,,,,2025-11-17 11:45:00+00:00,1.406
CONTROL,f2c56ee8894efe950d0741f17546659fa6a6d0771db2f8a3fa103bf62941796c,Binance|KNC/USDT:USDT|2025-11-21T20:15:00+00:00,Binance,KNC/USDT:USDT,LONG,壓縮早突破,2025-11-21 20:00:00+00:00,2025-11-21 20:15:00+00:00,False,UNCHANGED,CONTROL_UNCHANGED,,,,,,2025-11-21 20:15:00+00:00,0.2777
CONTROL,092fcea97befb61b3d27caa084ca917608ea83471f11535f09cd98083e0dc5c5,Binance|FIDA/USDT:USDT|2025-11-29T11:45:00+00:00,Binance,FIDA/USDT:USDT,LONG,壓縮早突破,2025-11-29 11:30:00+00:00,2025-11-29 11:45:00+00:00,False,UNCHANGED,CONTROL_UNCHANGED,,,,,,2025-11-29 11:45:00+00:00,0.04834
CONTROL,6b233fb7f623e8724b3704b67994e0fd1afeb4cc072633cf26fea05fb1536655,Binance|SIGN/USDT:USDT|2025-12-10T13:15:00+00:00,Binance,SIGN/USDT:USDT,LONG,壓縮早突破,2025-12-10 13:00:00+00:00,2025-12-10 13:15:00+00:00,False,UNCHANGED,CONTROL_UNCHANGED,,,,,,2025-12-10 13:15:00+00:00,0.03929559428571429
CONTROL,0441dbfa8609c8d9a877a0f87592eb27ca0745141f0c020cfccef079d20e229a,Binance|TRADOOR/USDT:USDT|2025-12-18T02:45:00+00:00,Binance,TRADOOR/USDT:USDT,LONG,壓縮早突破,2025-12-18 02:30:00+00:00,2025-12-18 02:45:00+00:00,False,UNCHANGED,CONTROL_UNCHANGED,,,,,,2025-12-18 02:45:00+00:00,1.221
CONTROL,9987af8717fa103b2b9dcf7b3c0642bdd9946b0f78600b21e41d19b29d3144ba,Binance|NOM/USDT:USDT|2025-12-30T16:15:00+00:00,Binance,NOM/USDT:USDT,LONG,壓縮早突破,2025-12-30 16:00:00+00:00,2025-12-30 16:15:00+00:00,False,UNCHANGED,CONTROL_UNCHANGED,,,,,,2025-12-30 16:15:00+00:00,0.00801
CONTROL,abd8be1ff181ea638de61c1d50f41baf7326ed5916b6052a6e3bbef6c04cd74f,Binance|LIT/USDT:USDT|2026-01-04T19:30:00+00:00,Binance,LIT/USDT:USDT,LONG,壓縮早突破,2026-01-04 19:15:00+00:00,2026-01-04 19:30:00+00:00,False,UNCHANGED,CONTROL_UNCHANGED,,,,,,2026-01-04 19:30:00+00:00,2.67
CONTROL,9659331249cbc9dbe4e33ca3e22df18b089541247faa0a5997db6529655b7a28,Binance|SKY/USDT:USDT|2026-01-11T22:00:00+00:00,Binance,SKY/USDT:USDT,LONG,壓縮早突破,2026-01-11 21:45:00+00:00,2026-01-11 22:00:00+00:00,False,UNCHANGED,CONTROL_UNCHANGED,,,,,,2026-01-11 22:00:00+00:00,0.05879
CONTROL,bbd96273b7a3895142e2e7f8632b3c69d155a43207194a92c139b53823382418,Binance|PARTI/USDT:USDT|2026-01-16T00:15:00+00:00,Binance,PARTI/USDT:USDT,LONG,壓縮早突破,2026-01-16 00:00:00+00:00,2026-01-16 00:15:00+00:00,False,UNCHANGED,CONTROL_UNCHANGED,,,,,,2026-01-16 00:15:00+00:00,0.10454
CONTROL,d11e0cab0c763767e5e7dc5089ecba49aefcc777894e20fccd97cc5327b8b649,Binance|EPIC/USDT:USDT|2026-01-21T10:45:00+00:00,Binance,EPIC/USDT:USDT,LONG,均線假跌破站回,2026-01-21 10:30:00+00:00,2026-01-21 10:45:00+00:00,False,UNCHANGED,CONTROL_UNCHANGED,,,,,,2026-01-21 10:45:00+00:00,0.5951
CONTROL,58442c016b2be354c98c3013a9242a6d3d34f9d5d5165d95a7896d54906cfba7,Binance|PUNDIX/USDT:USDT|2026-02-13T04:00:00+00:00,Binance,PUNDIX/USDT:USDT,LONG,壓縮早突破,2026-02-13 03:45:00+00:00,2026-02-13 04:00:00+00:00,False,UNCHANGED,CONTROL_UNCHANGED,,,,,,2026-02-13 04:00:00+00:00,0.1658
CONTROL,0df6b84296477bef6d3b2b9d43db3928c81fdd1b1b83862fc1b63d54a9ef4a1a,Binance|IO/USDT:USDT|2026-02-20T01:15:00+00:00,Binance,IO/USDT:USDT,LONG,壓縮早突破,2026-02-20 01:00:00+00:00,2026-02-20 01:15:00+00:00,False,UNCHANGED,CONTROL_UNCHANGED,,,,,,2026-02-20 01:15:00+00:00,0.1097
CONTROL,99a9afa2aab167cef9fd4ab442e41f6d12ef504c7b15446ff5a1b4740934c81c,Binance|VELVET/USDT:USDT|2026-02-23T16:15:00+00:00,Binance,VELVET/USDT:USDT,LONG,壓縮早突破,2026-02-23 16:00:00+00:00,2026-02-23 16:15:00+00:00,False,UNCHANGED,CONTROL_UNCHANGED,,,,,,2026-02-23 16:15:00+00:00,0.08075883999999997
CONTROL,8743c499d99c16a21a61519ce39a6b529509d47cf83d0a72ba039360ebf03331,Binance|TWT/USDT:USDT|2026-03-08T14:45:00+00:00,Binance,TWT/USDT:USDT,LONG,壓縮早突破,2026-03-08 14:30:00+00:00,2026-03-08 14:45:00+00:00,False,UNCHANGED,CONTROL_UNCHANGED,,,,,,2026-03-08 14:45:00+00:00,0.4872
CONTROL,0533b278fd3347966c375b452a4649247e3126883fdc8af2a4e183d476bee734,Binance|PROM/USDT:USDT|2026-04-01T02:45:00+00:00,Binance,PROM/USDT:USDT,LONG,壓縮早突破,2026-04-01 02:30:00+00:00,2026-04-01 02:45:00+00:00,False,UNCHANGED,CONTROL_UNCHANGED,,,,,,2026-04-01 02:45:00+00:00,0.988
CONTROL,b442e381e2f88a08fe4c26f2e0aef68f5a3a698fe5a9e772b3b098644d6877c3,Binance|DODOX/USDT:USDT|2026-04-05T15:15:00+00:00,Binance,DODOX/USDT:USDT,LONG,壓縮早突破,2026-04-05 15:00:00+00:00,2026-04-05 15:15:00+00:00,False,UNCHANGED,CONTROL_UNCHANGED,,,,,,2026-04-05 15:15:00+00:00,0.015198059428571423
CONTROL,2c2034580b5ce05973724aa10cd7a7461dae1484817e4f3c1b7ab0de4f3de573,Binance|XMR/USDT:USDT|2026-04-16T15:30:00+00:00,Binance,XMR/USDT:USDT,LONG,壓縮早突破,2026-04-16 15:15:00+00:00,2026-04-16 15:30:00+00:00,False,UNCHANGED,CONTROL_UNCHANGED,,,,,,2026-04-16 15:30:00+00:00,346.05721142857146
CONTROL,e7fa48e0e4355a5c45ffdd97fec6529e8c6791c5fce6d6b650e511d78bc71868,Binance|WAL/USDT:USDT|2026-04-18T12:15:00+00:00,Binance,WAL/USDT:USDT,LONG,壓縮早突破,2026-04-18 12:00:00+00:00,2026-04-18 12:15:00+00:00,False,UNCHANGED,CONTROL_UNCHANGED,,,,,,2026-04-18 12:15:00+00:00,0.07422
CONTROL,bdf93d23b09d7cd07f5f224d78bd7a4e35c4b0281d4657c90cce35e7d4df588e,Binance|ACH/USDT:USDT|2026-04-24T08:30:00+00:00,Binance,ACH/USDT:USDT,LONG,壓縮早突破,2026-04-24 08:15:00+00:00,2026-04-24 08:30:00+00:00,False,UNCHANGED,CONTROL_UNCHANGED,,,,,,2026-04-24 08:30:00+00:00,0.006261
CONTROL,5d4a10f759e40683bf5b4da0c4c2e4101def8b3180115211e94e3eb3a0315fa5,Binance|API3/USDT:USDT|2026-04-28T15:30:00+00:00,Binance,API3/USDT:USDT,LONG,壓縮早突破,2026-04-28 15:15:00+00:00,2026-04-28 15:30:00+00:00,False,UNCHANGED,CONTROL_UNCHANGED,,,,,,2026-04-28 15:30:00+00:00,0.3571
CONTROL,5263ffbadb51f930e2e6e63677dae5b5b8f4c84c670659b5193767f2dec95f4d,Binance|Q/USDT:USDT|2026-04-30T19:45:00+00:00,Binance,Q/USDT:USDT,LONG,壓縮早突破,2026-04-30 19:30:00+00:00,2026-04-30 19:45:00+00:00,False,UNCHANGED,CONTROL_UNCHANGED,,,,,,2026-04-30 19:45:00+00:00,0.010058
CONTROL,1db45633aff8d51d49fc579aee020d42df5c8ffa8bbfd4852a1ffc9b6fdd94ec,Binance|OG/USDT:USDT|2026-05-02T08:45:00+00:00,Binance,OG/USDT:USDT,LONG,壓縮早突破,2026-05-02 08:30:00+00:00,2026-05-02 08:45:00+00:00,False,UNCHANGED,CONTROL_UNCHANGED,,,,,,2026-05-02 08:45:00+00:00,2.9837891428571433
CONTROL,4e6168dda7723565f4b108cd8c71e70a8b426a763fb0a64b81814a637cbe01e1,Binance|GPS/USDT:USDT|2026-05-15T15:15:00+00:00,Binance,GPS/USDT:USDT,LONG,壓縮早突破,2026-05-15 15:00:00+00:00,2026-05-15 15:15:00+00:00,False,UNCHANGED,CONTROL_UNCHANGED,,,,,,2026-05-15 15:15:00+00:00,0.008297
CONTROL,bfd8c2577560455e98794c5170f7d34a3821cb7542a8d86ccea338f73ef2f151,Binance|TA/USDT:USDT|2026-05-16T10:30:00+00:00,Binance,TA/USDT:USDT,LONG,均線假跌破站回,2026-05-16 10:15:00+00:00,2026-05-16 10:30:00+00:00,False,UNCHANGED,CONTROL_UNCHANGED,,,,,,2026-05-16 10:30:00+00:00,0.052531685714285715
CONTROL,c8a66e211350682ed13ef73a2ed0553d759bfa224c5af23c9415840b969f91db,BingX|NCCO7241NATGAS2USD/USDT:USDT|2026-06-13T04:15:00+00:00,BingX,NCCO7241NATGAS2USD/USDT:USDT,LONG,壓縮早突破,2026-06-13 04:00:00+00:00,2026-06-13 04:15:00+00:00,False,UNCHANGED,CONTROL_UNCHANGED,,,,,,2026-06-13 04:15:00+00:00,3.18
CONTROL,4cdcc601760132350b8ee7ea152dff5a350a4544594ee0be11f79930835504b0,Binance|ALPINE/USDT:USDT|2026-07-01T22:00:00+00:00,Binance,ALPINE/USDT:USDT,LONG,壓縮早突破,2026-07-01 21:45:00+00:00,2026-07-01 22:00:00+00:00,False,UNCHANGED,CONTROL_UNCHANGED,,,,,,2026-07-01 22:00:00+00:00,0.32084702857142855
CONTROL,a8148a9b0a6e06379b8d2a26fd601d6b18d4da2b159ae926d331f36cb5393941,Bitget|AMAT/USDT:USDT|2026-07-06T12:00:00+00:00,Bitget,AMAT/USDT:USDT,LONG,壓縮早突破_延後一根確認,2026-07-06 11:45:00+00:00,2026-07-06 12:00:00+00:00,False,UNCHANGED,CONTROL_UNCHANGED,,,,,,2026-07-06 12:00:00+00:00,632.32
CONTROL,c930ecbd653fdfb02c8dfe9126ba9ac91865fb8b217651197e2e1e33058a954d,Binance|ANKR/USDT:USDT|2026-07-13T00:00:00+00:00,Binance,ANKR/USDT:USDT,LONG,均線假跌破站回,2026-07-12 23:45:00+00:00,2026-07-13 00:00:00+00:00,False,UNCHANGED,CONTROL_UNCHANGED,,,,,,2026-07-13 00:00:00+00:00,0.0037
CONTROL,7461ab9a973b9c1345e9f085b9b250715b9701176faf17b1c8ff0ecc94207fff,Binance|BE/USDT:USDT|2026-07-21T13:30:00+00:00,Binance,BE/USDT:USDT,LONG,壓縮早突破,2026-07-21 13:15:00+00:00,2026-07-21 13:30:00+00:00,False,UNCHANGED,CONTROL_UNCHANGED,,,,,,2026-07-21 13:30:00+00:00,211.96
CONTROL,72bba732cf984740bf38d3e0c612868522618001771e5bf9da908c932884dcd7,Bitget|SQQQ/USDT:USDT|2026-07-24T13:30:00+00:00,Bitget,SQQQ/USDT:USDT,LONG,壓縮早突破,2026-07-24 13:15:00+00:00,2026-07-24 13:30:00+00:00,False,UNCHANGED,CONTROL_UNCHANGED,,,,,,2026-07-24 13:30:00+00:00,43.57
CONTROL,4ed968d741fd84e6e240506a0cdf98cf6375174aa8db4f691831286542814bd2,Bitget|TKO/USDT:USDT|2026-07-24T13:45:00+00:00,Bitget,TKO/USDT:USDT,LONG,壓縮早突破,2026-07-24 13:30:00+00:00,2026-07-24 13:45:00+00:00,False,UNCHANGED,CONTROL_UNCHANGED,,,,,,2026-07-24 13:45:00+00:00,180.77
CONTROL,1fd1b5f001a085e97a9358e9c0fa45656d72be7e6153a4dab1c47a30f1b754b4,Bitget|FORM/USDT:USDT|2026-07-28T05:45:00+00:00,Bitget,FORM/USDT:USDT,LONG,均線假跌破站回,2026-07-28 05:30:00+00:00,2026-07-28 05:45:00+00:00,False,UNCHANGED,CONTROL_UNCHANGED,,,,,,2026-07-28 05:45:00+00:00,0.19637274285714285
CONTROL,929f42c7e2c34460485219968275aa5459f6570715ba57436dc467c409877b8f,Binance|GPS/USDT:USDT|2026-07-29T11:30:00+00:00,Binance,GPS/USDT:USDT,LONG,壓縮早突破,2026-07-29 11:15:00+00:00,2026-07-29 11:30:00+00:00,False,UNCHANGED,CONTROL_UNCHANGED,,,,,,2026-07-29 11:30:00+00:00,0.009761673142857134
