year,direction,family,state,tail,n,flagged,symbols,exchanges,loser_rejection,winner_sacrifice,selective_efficiency,TP1,TP1_rate,Loss,Full_Stop,Avg_R,Net
2023,LONG,compression,EXPANDING_ALREADY,NONE,0,14,14,1,0.2972972972972973,0.3333333333333333,-0.036036036036036,3,21.428571428571427,11,11,-0.36316230764455987,-49.73075625437508
2023,LONG,compression,EXPANDING_ALREADY,WINNER,1,14,14,1,0.2972972972972973,0.375,-0.07770270270270269,3,21.428571428571427,11,11,-0.36316230764455987,-49.73075625437508
2023,LONG,compression,EXPANDING_ALREADY,WINNER,3,14,14,1,0.2972972972972973,0.5,-0.2027027027027027,3,21.428571428571427,11,11,-0.36316230764455987,-49.73075625437508
2023,LONG,compression,EXPANDING_ALREADY,WINNER,5,13,13,1,0.2972972972972973,0.5,-0.2027027027027027,2,15.384615384615385,11,11,-0.5995418963581446,-75.3438919208872
2023,LONG,compression,EXPANDING_ALREADY,LOSER,1,14,14,1,0.3055555555555556,0.3333333333333333,-0.027777777777777735,3,21.428571428571427,11,11,-0.36316230764455987,-49.73075625437508
2023,LONG,compression,EXPANDING_ALREADY,LOSER,3,13,13,1,0.29411764705882354,0.3333333333333333,-0.039215686274509776,3,23.076923076923077,10,10,-0.30379117661163046,-37.98192274933384
2023,LONG,compression,EXPANDING_ALREADY,LOSER,5,13,13,1,0.3125,0.3333333333333333,-0.020833333333333315,3,23.076923076923077,10,10,-0.30379117661163046,-37.98192274933384
2023,LONG,compression,MILD_COMPRESSION,NONE,0,31,30,1,0.6756756756756757,0.6666666666666666,0.009009009009009028,6,19.35483870967742,25,24,-0.1170848467206895,-38.02333029667061
2023,LONG,compression,MILD_COMPRESSION,WINNER,1,30,29,1,0.6756756756756757,0.625,0.05067567567567566,5,16.666666666666664,25,24,-0.2755498741574703,-84.38485867289735
2023,LONG,compression,MILD_COMPRESSION,WINNER,3,28,27,1,0.6756756756756757,0.5,0.17567567567567566,3,10.714285714285714,25,24,-0.6243621166692291,-174.91788541628048
2023,LONG,compression,MILD_COMPRESSION,WINNER,5,27,26,1,0.6756756756756757,0.5,0.17567567567567566,2,7.4074074074074066,25,24,-0.8210585614626803,-215.2208905391413
2023,LONG,compression,MILD_COMPRESSION,LOSER,1,30,29,1,0.6666666666666666,0.6666666666666666,0.0,6,20.0,24,23,-0.08075998034205473,-25.67478985616266
2023,LONG,compression,MILD_COMPRESSION,LOSER,3,29,28,1,0.6764705882352942,0.6666666666666666,0.009803921568627527,6,20.689655172413794,23,22,-0.0403719436821854,-13.425023228545442
2023,LONG,compression,MILD_COMPRESSION,LOSER,5,28,28,1,0.6875,0.6666666666666666,0.02083333333333337,6,21.428571428571427,22,21,0.0010430387974900463,-1.6809765495664806
2023,LONG,compression,NO_COMPRESSION,NONE,0,1,1,1,0.02702702702702703,0.0,0.02702702702702703,0,0.0,1,1,-1.147500904538845,-11.707722347848982
2023,LONG,compression,NO_COMPRESSION,WINNER,1,1,1,1,0.02702702702702703,0.0,0.02702702702702703,0,0.0,1,1,-1.147500904538845,-11.707722347848982
2023,LONG,compression,NO_COMPRESSION,WINNER,3,1,1,1,0.02702702702702703,0.0,0.02702702702702703,0,0.0,1,1,-1.147500904538845,-11.707722347848982
2023,LONG,compression,NO_COMPRESSION,WINNER,5,1,1,1,0.02702702702702703,0.0,0.02702702702702703,0,0.0,1,1,-1.147500904538845,-11.707722347848982
2023,LONG,compression,NO_COMPRESSION,LOSER,1,1,1,1,0.027777777777777776,0.0,0.027777777777777776,0,0.0,1,1,-1.147500904538845,-11.707722347848982
2023,LONG,compression,NO_COMPRESSION,LOSER,3,1,1,1,0.029411764705882353,0.0,0.029411764705882353,0,0.0,1,1,-1.147500904538845,-11.707722347848982
2023,LONG,compression,NO_COMPRESSION,LOSER,5,0,0,0,0.0,0.0,0.0,0,,0,0,,0.0
2023,LONG,volume_state,EXHAUSTED_HIGH_VOLUME,NONE,0,2,2,1,0.05405405405405406,0.0,0.05405405405405406,0,0.0,2,2,-1.0622516671897357,-21.586688281376077
2023,LONG,volume_state,EXHAUSTED_HIGH_VOLUME,WINNER,1,2,2,1,0.05405405405405406,0.0,0.05405405405405406,0,0.0,2,2,-1.0622516671897357,-21.586688281376077
2023,LONG,volume_state,EXHAUSTED_HIGH_VOLUME,WINNER,3,2,2,1,0.05405405405405406,0.0,0.05405405405405406,0,0.0,2,2,-1.0622516671897357,-21.586688281376077
2023,LONG,volume_state,EXHAUSTED_HIGH_VOLUME,WINNER,5,2,2,1,0.05405405405405406,0.0,0.05405405405405406,0,0.0,2,2,-1.0622516671897357,-21.586688281376077
2023,LONG,volume_state,EXHAUSTED_HIGH_VOLUME,LOSER,1,2,2,1,0.05555555555555555,0.0,0.05555555555555555,0,0.0,2,2,-1.0622516671897357,-21.586688281376077
2023,LONG,volume_state,EXHAUSTED_HIGH_VOLUME,LOSER,3,2,2,1,0.058823529411764705,0.0,0.058823529411764705,0,0.0,2,2,-1.0622516671897357,-21.586688281376077
2023,LONG,volume_state,EXHAUSTED_HIGH_VOLUME,LOSER,5,2,2,1,0.0625,0.0,0.0625,0,0.0,2,2,-1.0622516671897357,-21.586688281376077
2023,LONG,volume_state,FLAT,NONE,0,7,7,1,0.10810810810810811,0.3333333333333333,-0.2252252252252252,3,42.857142857142854,4,3,1.2566120884269354,81.68549992220119
2023,LONG,volume_state,FLAT,WINNER,1,6,6,1,0.10810810810810811,0.25,-0.14189189189189189,2,33.33333333333333,4,3,0.6932364404343022,35.32397154597441
2023,LONG,volume_state,FLAT,WINNER,3,6,6,1,0.10810810810810811,0.3333333333333333,-0.2252252252252252,2,33.33333333333333,4,3,0.6932364404343022,35.32397154597441
2023,LONG,volume_state,FLAT,WINNER,5,4,4,1,0.10810810810810811,0.0,0.10810810810810811,0,0.0,4,3,-0.8091988989450454,-30.592169243398523
2023,LONG,volume_state,FLAT,LOSER,1,7,7,1,0.1111111111111111,0.3333333333333333,-0.2222222222222222,3,42.857142857142854,4,3,1.2566120884269354,81.68549992220119
2023,LONG,volume_state,FLAT,LOSER,3,7,7,1,0.11764705882352941,0.3333333333333333,-0.2156862745098039,3,42.857142857142854,4,3,1.2566120884269354,81.68549992220119
2023,LONG,volume_state,FLAT,LOSER,5,7,7,1,0.125,0.3333333333333333,-0.20833333333333331,3,42.857142857142854,4,3,1.2566120884269354,81.68549992220119
2023,LONG,volume_state,SUDDEN_SPIKE_ONLY,NONE,0,37,34,1,0.8378378378378378,0.6666666666666666,0.1711711711711712,6,16.216216216216218,31,31,-0.4468428309327875,-159.56062053971976
2023,LONG,volume_state,SUDDEN_SPIKE_ONLY,WINNER,1,37,34,1,0.8378378378378378,0.75,0.08783783783783783,6,16.216216216216218,31,31,-0.4468428309327875,-159.56062053971976
2023,LONG,volume_state,SUDDEN_SPIKE_ONLY,WINNER,3,35,32,1,0.8378378378378378,0.6666666666666666,0.1711711711711712,4,11.428571428571429,31,31,-0.7356807939007841,-250.09364728310285
2023,LONG,volume_state,SUDDEN_SPIKE_ONLY,WINNER,5,35,32,1,0.8378378378378378,1.0,-0.16216216216216217,4,11.428571428571429,31,31,-0.7356807939007841,-250.09364728310285
2023,LONG,volume_state,SUDDEN_SPIKE_ONLY,LOSER,1,36,33,1,0.8333333333333334,0.6666666666666666,0.16666666666666674,6,16.666666666666664,30,30,-0.4257320529564833,-147.21208009921185
2023,LONG,volume_state,SUDDEN_SPIKE_ONLY,LOSER,3,34,31,1,0.8235294117647058,0.6666666666666666,0.1568627450980392,6,17.647058823529413,28,28,-0.38056923093772044,-123.21347996655338
2023,LONG,volume_state,SUDDEN_SPIKE_ONLY,LOSER,5,32,30,1,0.8125,0.6666666666666666,0.14583333333333337,6,18.75,26,26,-0.3309956716947047,-99.76171093972542
2023,LONG,quality,CLEAN_EXPANSION,NONE,0,21,20,1,0.40540540540540543,0.6666666666666666,-0.2612612612612612,6,28.57142857142857,15,14,0.23658516052443712,42.21653565929073
2023,LONG,quality,CLEAN_EXPANSION,WINNER,1,21,20,1,0.40540540540540543,0.75,-0.34459459459459457,6,28.57142857142857,15,14,0.23658516052443712,42.21653565929073
2023,LONG,quality,CLEAN_EXPANSION,WINNER,3,19,18,1,0.40540540540540543,0.6666666666666666,-0.2612612612612612,4,21.052631578947366,15,14,-0.2235449826842698,-48.31649108409239
2023,LONG,quality,CLEAN_EXPANSION,WINNER,5,18,17,1,0.40540540540540543,0.75,-0.34459459459459457,3,16.666666666666664,15,14,-0.49632203131972663,-88.6194962069532
2023,LONG,quality,CLEAN_EXPANSION,LOSER,1,21,20,1,0.4166666666666667,0.6666666666666666,-0.24999999999999994,6,28.57142857142857,15,14,0.23658516052443712,42.21653565929073
2023,LONG,quality,CLEAN_EXPANSION,LOSER,3,19,18,1,0.38235294117647056,0.6666666666666666,-0.28431372549019607,6,31.57894736842105,13,12,0.38712044345074137,66.21513579194918
2023,LONG,quality,CLEAN_EXPANSION,LOSER,5,19,18,1,0.40625,0.6666666666666666,-0.26041666666666663,6,31.57894736842105,13,12,0.38712044345074137,66.21513579194918
2023,LONG,quality,WEAK_BREAK,NONE,0,25,23,1,0.5945945945945946,0.3333333333333333,0.2612612612612613,3,12.0,22,22,-0.5931876732366894,-141.6783445581854
2023,LONG,quality,WEAK_BREAK,WINNER,1,24,22,1,0.5945945945945946,0.25,0.3445945945945946,2,8.333333333333332,22,22,-0.8111065753041654,-188.03987293441216
2023,LONG,quality,WEAK_BREAK,WINNER,3,24,22,1,0.5945945945945946,0.3333333333333333,0.2612612612612613,2,8.333333333333332,22,22,-0.8111065753041654,-188.03987293441216
2023,LONG,quality,WEAK_BREAK,WINNER,5,23,21,1,0.5945945945945946,0.25,0.3445945945945946,1,4.3478260869565215,22,22,-0.9641882675187832,-213.6530086009243
2023,LONG,quality,WEAK_BREAK,LOSER,1,24,22,1,0.5833333333333334,0.3333333333333333,0.25000000000000006,3,12.5,21,21,-0.567619208034896,-129.32980411767744
2023,LONG,quality,WEAK_BREAK,LOSER,3,24,22,1,0.6176470588235294,0.3333333333333333,0.2843137254901961,3,12.5,21,21,-0.567619208034896,-129.32980411767744
2023,LONG,quality,WEAK_BREAK,LOSER,5,22,21,1,0.59375,0.3333333333333333,0.2604166666666667,3,13.636363636363635,19,19,-0.5125167561447982,-105.8780350908495
2023,LONG,transition,SPIKE_BREAKOUT,NONE,0,45,41,1,1.0,0.8888888888888888,0.11111111111111116,8,17.77777777777778,37,36,-0.32218376525081754,-145.82333727512147
2023,LONG,transition,SPIKE_BREAKOUT,WINNER,1,45,41,1,1.0,1.0,0.0,8,17.77777777777778,37,36,-0.32218376525081754,-145.82333727512147
2023,LONG,transition,SPIKE_BREAKOUT,WINNER,3,43,39,1,1.0,1.0,0.0,6,13.953488372093023,37,36,-0.5514863367046767,-236.35636401850454
2023,LONG,transition,SPIKE_BREAKOUT,WINNER,5,41,37,1,1.0,1.0,0.0,4,9.75609756097561,37,36,-0.7587835784557827,-302.2725048078775
2023,LONG,transition,SPIKE_BREAKOUT,LOSER,1,44,40,1,1.0,0.8888888888888888,0.11111111111111116,8,18.181818181818183,36,35,-0.3020781499592512,-133.47479683461353
2023,LONG,transition,SPIKE_BREAKOUT,LOSER,3,42,38,1,1.0,0.8888888888888888,0.11111111111111116,8,19.047619047619047,34,33,-0.25962948913467027,-109.47619670195505
2023,LONG,transition,SPIKE_BREAKOUT,LOSER,5,40,37,1,1.0,0.8888888888888888,0.11111111111111116,8,20.0,32,31,-0.21392365465010518,-86.0244276751271
2023,LONG,transition,WEAK_TRANSITION,NONE,0,1,1,1,0.0,0.1111111111111111,-0.1111111111111111,1,100.0,0,0,4.636865976382733,46.36152837622679
2023,LONG,transition,WEAK_TRANSITION,WINNER,1,0,0,0,0.0,0.0,0.0,0,,0,0,,0.0
2023,LONG,transition,WEAK_TRANSITION,WINNER,3,0,0,0,0.0,0.0,0.0,0,,0,0,,0.0
2023,LONG,transition,WEAK_TRANSITION,WINNER,5,0,0,0,0.0,0.0,0.0,0,,0,0,,0.0
2023,LONG,transition,WEAK_TRANSITION,LOSER,1,1,1,1,0.0,0.1111111111111111,-0.1111111111111111,1,100.0,0,0,4.636865976382733,46.36152837622679
2023,LONG,transition,WEAK_TRANSITION,LOSER,3,1,1,1,0.0,0.1111111111111111,-0.1111111111111111,1,100.0,0,0,4.636865976382733,46.36152837622679
2023,LONG,transition,WEAK_TRANSITION,LOSER,5,1,1,1,0.0,0.1111111111111111,-0.1111111111111111,1,100.0,0,0,4.636865976382733,46.36152837622679
2023,LONG,entry_mode,均線假跌破站回,NONE,0,7,6,1,0.1891891891891892,0.0,0.1891891891891892,0,0.0,7,6,-0.9773224442726821,-65.46416739114086
2023,LONG,entry_mode,均線假跌破站回,WINNER,1,7,6,1,0.1891891891891892,0.0,0.1891891891891892,0,0.0,7,6,-0.9773224442726821,-65.46416739114086
2023,LONG,entry_mode,均線假跌破站回,WINNER,3,7,6,1,0.1891891891891892,0.0,0.1891891891891892,0,0.0,7,6,-0.9773224442726821,-65.46416739114086
2023,LONG,entry_mode,均線假跌破站回,WINNER,5,7,6,1,0.1891891891891892,0.0,0.1891891891891892,0,0.0,7,6,-0.9773224442726821,-65.46416739114086
2023,LONG,entry_mode,均線假跌破站回,LOSER,1,7,6,1,0.19444444444444445,0.0,0.19444444444444445,0,0.0,7,6,-0.9773224442726821,-65.46416739114086
2023,LONG,entry_mode,均線假跌破站回,LOSER,3,7,6,1,0.20588235294117646,0.0,0.20588235294117646,0,0.0,7,6,-0.9773224442726821,-65.46416739114086
2023,LONG,entry_mode,均線假跌破站回,LOSER,5,6,6,1,0.1875,0.0,0.1875,0,0.0,6,5,-0.9402109427992795,-53.7201207121619
2023,LONG,entry_mode,壓縮早突破,NONE,0,39,37,1,0.8108108108108109,1.0,-0.18918918918918914,9,23.076923076923077,30,30,-0.07743964999987896,-33.99764150775381
2023,LONG,entry_mode,壓縮早突破,WINNER,1,38,36,1,0.8108108108108109,1.0,-0.18918918918918914,8,21.052631578947366,30,30,-0.2015003243783688,-80.35916988398058
2023,LONG,entry_mode,壓縮早突破,WINNER,3,36,34,1,0.8108108108108109,1.0,-0.18918918918918914,6,16.666666666666664,30,30,-0.4686848713442312,-170.8921966273637
2023,LONG,entry_mode,壓縮早突破,WINNER,5,34,32,1,0.8108108108108109,1.0,-0.18918918918918914,4,11.76470588235294,30,30,-0.7137902825523034,-236.80833741673663
2023,LONG,entry_mode,壓縮早突破,LOSER,1,38,36,1,0.8055555555555556,1.0,-0.19444444444444442,9,23.684210526315788,29,29,-0.047718829260935416,-21.64910106724588
2023,LONG,entry_mode,壓縮早突破,LOSER,3,36,34,1,0.7941176470588235,1.0,-0.20588235294117652,9,25.0,27,27,0.01593568173987108,2.3494990654126084
2023,LONG,entry_mode,壓縮早突破,LOSER,5,35,33,1,0.8125,1.0,-0.1875,9,25.71428571428571,26,26,0.049176727062120104,14.057221413261594
2023,ALL,compression,EXPANDING_ALREADY,NONE,0,14,14,1,0.2972972972972973,0.3333333333333333,-0.036036036036036,3,21.428571428571427,11,11,-0.36316230764455987,-49.73075625437508
2023,ALL,compression,EXPANDING_ALREADY,WINNER,1,14,14,1,0.2972972972972973,0.375,-0.07770270270270269,3,21.428571428571427,11,11,-0.36316230764455987,-49.73075625437508
2023,ALL,compression,EXPANDING_ALREADY,WINNER,3,14,14,1,0.2972972972972973,0.5,-0.2027027027027027,3,21.428571428571427,11,11,-0.36316230764455987,-49.73075625437508
2023,ALL,compression,EXPANDING_ALREADY,WINNER,5,13,13,1,0.2972972972972973,0.5,-0.2027027027027027,2,15.384615384615385,11,11,-0.5995418963581446,-75.3438919208872
2023,ALL,compression,EXPANDING_ALREADY,LOSER,1,14,14,1,0.3055555555555556,0.3333333333333333,-0.027777777777777735,3,21.428571428571427,11,11,-0.36316230764455987,-49.73075625437508
2023,ALL,compression,EXPANDING_ALREADY,LOSER,3,13,13,1,0.29411764705882354,0.3333333333333333,-0.039215686274509776,3,23.076923076923077,10,10,-0.30379117661163046,-37.98192274933384
2023,ALL,compression,EXPANDING_ALREADY,LOSER,5,13,13,1,0.3125,0.3333333333333333,-0.020833333333333315,3,23.076923076923077,10,10,-0.30379117661163046,-37.98192274933384
2023,ALL,compression,MILD_COMPRESSION,NONE,0,31,30,1,0.6756756756756757,0.6666666666666666,0.009009009009009028,6,19.35483870967742,25,24,-0.1170848467206895,-38.02333029667061
2023,ALL,compression,MILD_COMPRESSION,WINNER,1,30,29,1,0.6756756756756757,0.625,0.05067567567567566,5,16.666666666666664,25,24,-0.2755498741574703,-84.38485867289735
2023,ALL,compression,MILD_COMPRESSION,WINNER,3,28,27,1,0.6756756756756757,0.5,0.17567567567567566,3,10.714285714285714,25,24,-0.6243621166692291,-174.91788541628048
2023,ALL,compression,MILD_COMPRESSION,WINNER,5,27,26,1,0.6756756756756757,0.5,0.17567567567567566,2,7.4074074074074066,25,24,-0.8210585614626803,-215.2208905391413
2023,ALL,compression,MILD_COMPRESSION,LOSER,1,30,29,1,0.6666666666666666,0.6666666666666666,0.0,6,20.0,24,23,-0.08075998034205473,-25.67478985616266
2023,ALL,compression,MILD_COMPRESSION,LOSER,3,29,28,1,0.6764705882352942,0.6666666666666666,0.009803921568627527,6,20.689655172413794,23,22,-0.0403719436821854,-13.425023228545442
2023,ALL,compression,MILD_COMPRESSION,LOSER,5,28,28,1,0.6875,0.6666666666666666,0.02083333333333337,6,21.428571428571427,22,21,0.0010430387974900463,-1.6809765495664806
2023,ALL,compression,NO_COMPRESSION,NONE,0,1,1,1,0.02702702702702703,0.0,0.02702702702702703,0,0.0,1,1,-1.147500904538845,-11.707722347848982
2023,ALL,compression,NO_COMPRESSION,WINNER,1,1,1,1,0.02702702702702703,0.0,0.02702702702702703,0,0.0,1,1,-1.147500904538845,-11.707722347848982
2023,ALL,compression,NO_COMPRESSION,WINNER,3,1,1,1,0.02702702702702703,0.0,0.02702702702702703,0,0.0,1,1,-1.147500904538845,-11.707722347848982
2023,ALL,compression,NO_COMPRESSION,WINNER,5,1,1,1,0.02702702702702703,0.0,0.02702702702702703,0,0.0,1,1,-1.147500904538845,-11.707722347848982
2023,ALL,compression,NO_COMPRESSION,LOSER,1,1,1,1,0.027777777777777776,0.0,0.027777777777777776,0,0.0,1,1,-1.147500904538845,-11.707722347848982
2023,ALL,compression,NO_COMPRESSION,LOSER,3,1,1,1,0.029411764705882353,0.0,0.029411764705882353,0,0.0,1,1,-1.147500904538845,-11.707722347848982
2023,ALL,compression,NO_COMPRESSION,LOSER,5,0,0,0,0.0,0.0,0.0,0,,0,0,,0.0
2023,ALL,volume_state,EXHAUSTED_HIGH_VOLUME,NONE,0,2,2,1,0.05405405405405406,0.0,0.05405405405405406,0,0.0,2,2,-1.0622516671897357,-21.586688281376077
2023,ALL,volume_state,EXHAUSTED_HIGH_VOLUME,WINNER,1,2,2,1,0.05405405405405406,0.0,0.05405405405405406,0,0.0,2,2,-1.0622516671897357,-21.586688281376077
2023,ALL,volume_state,EXHAUSTED_HIGH_VOLUME,WINNER,3,2,2,1,0.05405405405405406,0.0,0.05405405405405406,0,0.0,2,2,-1.0622516671897357,-21.586688281376077
2023,ALL,volume_state,EXHAUSTED_HIGH_VOLUME,WINNER,5,2,2,1,0.05405405405405406,0.0,0.05405405405405406,0,0.0,2,2,-1.0622516671897357,-21.586688281376077
2023,ALL,volume_state,EXHAUSTED_HIGH_VOLUME,LOSER,1,2,2,1,0.05555555555555555,0.0,0.05555555555555555,0,0.0,2,2,-1.0622516671897357,-21.586688281376077
2023,ALL,volume_state,EXHAUSTED_HIGH_VOLUME,LOSER,3,2,2,1,0.058823529411764705,0.0,0.058823529411764705,0,0.0,2,2,-1.0622516671897357,-21.586688281376077
2023,ALL,volume_state,EXHAUSTED_HIGH_VOLUME,LOSER,5,2,2,1,0.0625,0.0,0.0625,0,0.0,2,2,-1.0622516671897357,-21.586688281376077
2023,ALL,volume_state,FLAT,NONE,0,7,7,1,0.10810810810810811,0.3333333333333333,-0.2252252252252252,3,42.857142857142854,4,3,1.2566120884269354,81.68549992220119
2023,ALL,volume_state,FLAT,WINNER,1,6,6,1,0.10810810810810811,0.25,-0.14189189189189189,2,33.33333333333333,4,3,0.6932364404343022,35.32397154597441
2023,ALL,volume_state,FLAT,WINNER,3,6,6,1,0.10810810810810811,0.3333333333333333,-0.2252252252252252,2,33.33333333333333,4,3,0.6932364404343022,35.32397154597441
2023,ALL,volume_state,FLAT,WINNER,5,4,4,1,0.10810810810810811,0.0,0.10810810810810811,0,0.0,4,3,-0.8091988989450454,-30.592169243398523
2023,ALL,volume_state,FLAT,LOSER,1,7,7,1,0.1111111111111111,0.3333333333333333,-0.2222222222222222,3,42.857142857142854,4,3,1.2566120884269354,81.68549992220119
2023,ALL,volume_state,FLAT,LOSER,3,7,7,1,0.11764705882352941,0.3333333333333333,-0.2156862745098039,3,42.857142857142854,4,3,1.2566120884269354,81.68549992220119
2023,ALL,volume_state,FLAT,LOSER,5,7,7,1,0.125,0.3333333333333333,-0.20833333333333331,3,42.857142857142854,4,3,1.2566120884269354,81.68549992220119
2023,ALL,volume_state,SUDDEN_SPIKE_ONLY,NONE,0,37,34,1,0.8378378378378378,0.6666666666666666,0.1711711711711712,6,16.216216216216218,31,31,-0.4468428309327875,-159.56062053971976
2023,ALL,volume_state,SUDDEN_SPIKE_ONLY,WINNER,1,37,34,1,0.8378378378378378,0.75,0.08783783783783783,6,16.216216216216218,31,31,-0.4468428309327875,-159.56062053971976
2023,ALL,volume_state,SUDDEN_SPIKE_ONLY,WINNER,3,35,32,1,0.8378378378378378,0.6666666666666666,0.1711711711711712,4,11.428571428571429,31,31,-0.7356807939007841,-250.09364728310285
2023,ALL,volume_state,SUDDEN_SPIKE_ONLY,WINNER,5,35,32,1,0.8378378378378378,1.0,-0.16216216216216217,4,11.428571428571429,31,31,-0.7356807939007841,-250.09364728310285
2023,ALL,volume_state,SUDDEN_SPIKE_ONLY,LOSER,1,36,33,1,0.8333333333333334,0.6666666666666666,0.16666666666666674,6,16.666666666666664,30,30,-0.4257320529564833,-147.21208009921185
2023,ALL,volume_state,SUDDEN_SPIKE_ONLY,LOSER,3,34,31,1,0.8235294117647058,0.6666666666666666,0.1568627450980392,6,17.647058823529413,28,28,-0.38056923093772044,-123.21347996655338
2023,ALL,volume_state,SUDDEN_SPIKE_ONLY,LOSER,5,32,30,1,0.8125,0.6666666666666666,0.14583333333333337,6,18.75,26,26,-0.3309956716947047,-99.76171093972542
2023,ALL,quality,CLEAN_EXPANSION,NONE,0,21,20,1,0.40540540540540543,0.6666666666666666,-0.2612612612612612,6,28.57142857142857,15,14,0.23658516052443712,42.21653565929073
2023,ALL,quality,CLEAN_EXPANSION,WINNER,1,21,20,1,0.40540540540540543,0.75,-0.34459459459459457,6,28.57142857142857,15,14,0.23658516052443712,42.21653565929073
2023,ALL,quality,CLEAN_EXPANSION,WINNER,3,19,18,1,0.40540540540540543,0.6666666666666666,-0.2612612612612612,4,21.052631578947366,15,14,-0.2235449826842698,-48.31649108409239
2023,ALL,quality,CLEAN_EXPANSION,WINNER,5,18,17,1,0.40540540540540543,0.75,-0.34459459459459457,3,16.666666666666664,15,14,-0.49632203131972663,-88.6194962069532
2023,ALL,quality,CLEAN_EXPANSION,LOSER,1,21,20,1,0.4166666666666667,0.6666666666666666,-0.24999999999999994,6,28.57142857142857,15,14,0.23658516052443712,42.21653565929073
2023,ALL,quality,CLEAN_EXPANSION,LOSER,3,19,18,1,0.38235294117647056,0.6666666666666666,-0.28431372549019607,6,31.57894736842105,13,12,0.38712044345074137,66.21513579194918
2023,ALL,quality,CLEAN_EXPANSION,LOSER,5,19,18,1,0.40625,0.6666666666666666,-0.26041666666666663,6,31.57894736842105,13,12,0.38712044345074137,66.21513579194918
2023,ALL,quality,WEAK_BREAK,NONE,0,25,23,1,0.5945945945945946,0.3333333333333333,0.2612612612612613,3,12.0,22,22,-0.5931876732366894,-141.6783445581854
2023,ALL,quality,WEAK_BREAK,WINNER,1,24,22,1,0.5945945945945946,0.25,0.3445945945945946,2,8.333333333333332,22,22,-0.8111065753041654,-188.03987293441216
2023,ALL,quality,WEAK_BREAK,WINNER,3,24,22,1,0.5945945945945946,0.3333333333333333,0.2612612612612613,2,8.333333333333332,22,22,-0.8111065753041654,-188.03987293441216
2023,ALL,quality,WEAK_BREAK,WINNER,5,23,21,1,0.5945945945945946,0.25,0.3445945945945946,1,4.3478260869565215,22,22,-0.9641882675187832,-213.6530086009243
2023,ALL,quality,WEAK_BREAK,LOSER,1,24,22,1,0.5833333333333334,0.3333333333333333,0.25000000000000006,3,12.5,21,21,-0.567619208034896,-129.32980411767744
2023,ALL,quality,WEAK_BREAK,LOSER,3,24,22,1,0.6176470588235294,0.3333333333333333,0.2843137254901961,3,12.5,21,21,-0.567619208034896,-129.32980411767744
2023,ALL,quality,WEAK_BREAK,LOSER,5,22,21,1,0.59375,0.3333333333333333,0.2604166666666667,3,13.636363636363635,19,19,-0.5125167561447982,-105.8780350908495
2023,ALL,transition,SPIKE_BREAKOUT,NONE,0,45,41,1,1.0,0.8888888888888888,0.11111111111111116,8,17.77777777777778,37,36,-0.32218376525081754,-145.82333727512147
2023,ALL,transition,SPIKE_BREAKOUT,WINNER,1,45,41,1,1.0,1.0,0.0,8,17.77777777777778,37,36,-0.32218376525081754,-145.82333727512147
2023,ALL,transition,SPIKE_BREAKOUT,WINNER,3,43,39,1,1.0,1.0,0.0,6,13.953488372093023,37,36,-0.5514863367046767,-236.35636401850454
2023,ALL,transition,SPIKE_BREAKOUT,WINNER,5,41,37,1,1.0,1.0,0.0,4,9.75609756097561,37,36,-0.7587835784557827,-302.2725048078775
2023,ALL,transition,SPIKE_BREAKOUT,LOSER,1,44,40,1,1.0,0.8888888888888888,0.11111111111111116,8,18.181818181818183,36,35,-0.3020781499592512,-133.47479683461353
2023,ALL,transition,SPIKE_BREAKOUT,LOSER,3,42,38,1,1.0,0.8888888888888888,0.11111111111111116,8,19.047619047619047,34,33,-0.25962948913467027,-109.47619670195505
2023,ALL,transition,SPIKE_BREAKOUT,LOSER,5,40,37,1,1.0,0.8888888888888888,0.11111111111111116,8,20.0,32,31,-0.21392365465010518,-86.0244276751271
2023,ALL,transition,WEAK_TRANSITION,NONE,0,1,1,1,0.0,0.1111111111111111,-0.1111111111111111,1,100.0,0,0,4.636865976382733,46.36152837622679
2023,ALL,transition,WEAK_TRANSITION,WINNER,1,0,0,0,0.0,0.0,0.0,0,,0,0,,0.0
2023,ALL,transition,WEAK_TRANSITION,WINNER,3,0,0,0,0.0,0.0,0.0,0,,0,0,,0.0
2023,ALL,transition,WEAK_TRANSITION,WINNER,5,0,0,0,0.0,0.0,0.0,0,,0,0,,0.0
2023,ALL,transition,WEAK_TRANSITION,LOSER,1,1,1,1,0.0,0.1111111111111111,-0.1111111111111111,1,100.0,0,0,4.636865976382733,46.36152837622679
2023,ALL,transition,WEAK_TRANSITION,LOSER,3,1,1,1,0.0,0.1111111111111111,-0.1111111111111111,1,100.0,0,0,4.636865976382733,46.36152837622679
2023,ALL,transition,WEAK_TRANSITION,LOSER,5,1,1,1,0.0,0.1111111111111111,-0.1111111111111111,1,100.0,0,0,4.636865976382733,46.36152837622679
2023,ALL,entry_mode,均線假跌破站回,NONE,0,7,6,1,0.1891891891891892,0.0,0.1891891891891892,0,0.0,7,6,-0.9773224442726821,-65.46416739114086
2023,ALL,entry_mode,均線假跌破站回,WINNER,1,7,6,1,0.1891891891891892,0.0,0.1891891891891892,0,0.0,7,6,-0.9773224442726821,-65.46416739114086
2023,ALL,entry_mode,均線假跌破站回,WINNER,3,7,6,1,0.1891891891891892,0.0,0.1891891891891892,0,0.0,7,6,-0.9773224442726821,-65.46416739114086
2023,ALL,entry_mode,均線假跌破站回,WINNER,5,7,6,1,0.1891891891891892,0.0,0.1891891891891892,0,0.0,7,6,-0.9773224442726821,-65.46416739114086
2023,ALL,entry_mode,均線假跌破站回,LOSER,1,7,6,1,0.19444444444444445,0.0,0.19444444444444445,0,0.0,7,6,-0.9773224442726821,-65.46416739114086
2023,ALL,entry_mode,均線假跌破站回,LOSER,3,7,6,1,0.20588235294117646,0.0,0.20588235294117646,0,0.0,7,6,-0.9773224442726821,-65.46416739114086
2023,ALL,entry_mode,均線假跌破站回,LOSER,5,6,6,1,0.1875,0.0,0.1875,0,0.0,6,5,-0.9402109427992795,-53.7201207121619
2023,ALL,entry_mode,壓縮早突破,NONE,0,39,37,1,0.8108108108108109,1.0,-0.18918918918918914,9,23.076923076923077,30,30,-0.07743964999987896,-33.99764150775381
2023,ALL,entry_mode,壓縮早突破,WINNER,1,38,36,1,0.8108108108108109,1.0,-0.18918918918918914,8,21.052631578947366,30,30,-0.2015003243783688,-80.35916988398058
2023,ALL,entry_mode,壓縮早突破,WINNER,3,36,34,1,0.8108108108108109,1.0,-0.18918918918918914,6,16.666666666666664,30,30,-0.4686848713442312,-170.8921966273637
2023,ALL,entry_mode,壓縮早突破,WINNER,5,34,32,1,0.8108108108108109,1.0,-0.18918918918918914,4,11.76470588235294,30,30,-0.7137902825523034,-236.80833741673663
2023,ALL,entry_mode,壓縮早突破,LOSER,1,38,36,1,0.8055555555555556,1.0,-0.19444444444444442,9,23.684210526315788,29,29,-0.047718829260935416,-21.64910106724588
2023,ALL,entry_mode,壓縮早突破,LOSER,3,36,34,1,0.7941176470588235,1.0,-0.20588235294117652,9,25.0,27,27,0.01593568173987108,2.3494990654126084
2023,ALL,entry_mode,壓縮早突破,LOSER,5,35,33,1,0.8125,1.0,-0.1875,9,25.71428571428571,26,26,0.049176727062120104,14.057221413261594
2024,LONG,compression,EXPANDING_ALREADY,NONE,0,10,9,1,0.21875,0.23076923076923078,-0.012019230769230782,3,30.0,7,7,0.344807463479406,34.04448407212221
2024,LONG,compression,EXPANDING_ALREADY,WINNER,1,9,8,1,0.21875,0.16666666666666666,0.05208333333333334,2,22.22222222222222,7,7,-0.13686352795671045,-14.119436931593729
2024,LONG,compression,EXPANDING_ALREADY,WINNER,3,9,8,1,0.21875,0.2,0.01874999999999999,2,22.22222222222222,7,7,-0.13686352795671045,-14.119436931593729
2024,LONG,compression,EXPANDING_ALREADY,WINNER,5,8,7,1,0.21875,0.125,0.09375,1,12.5,7,7,-0.7349640852058082,-60.91538715965228
2024,LONG,compression,EXPANDING_ALREADY,LOSER,1,9,9,1,0.1935483870967742,0.23076923076923078,-0.037220843672456594,3,33.33333333333333,6,6,0.5163084225914023,46.48682437704399
2024,LONG,compression,EXPANDING_ALREADY,LOSER,3,8,8,1,0.1724137931034483,0.23076923076923078,-0.058355437665782495,3,37.5,5,5,0.7281562637885254,58.681088259600266
2024,LONG,compression,EXPANDING_ALREADY,LOSER,5,7,7,1,0.14814814814814814,0.23076923076923078,-0.08262108262108264,3,42.857142857142854,4,4,0.9926253705427955,70.59576461678603
2024,LONG,compression,MILD_COMPRESSION,NONE,0,34,31,1,0.75,0.7692307692307693,-0.019230769230769273,10,29.411764705882355,24,23,0.14251715182217492,42.231619918128956
2024,LONG,compression,MILD_COMPRESSION,WINNER,1,34,31,1,0.75,0.8333333333333334,-0.08333333333333337,10,29.411764705882355,24,23,0.14251715182217492,42.231619918128956
2024,LONG,compression,MILD_COMPRESSION,WINNER,3,32,29,1,0.75,0.8,-0.050000000000000044,8,25.0,24,23,-0.13819337634498585,-52.78726370765747
2024,LONG,compression,MILD_COMPRESSION,WINNER,5,31,28,1,0.75,0.875,-0.125,7,22.58064516129032,24,23,-0.2908441270731843,-98.23558768064552
2024,LONG,compression,MILD_COMPRESSION,LOSER,1,34,31,1,0.7741935483870968,0.7692307692307693,0.004962779156327479,10,29.411764705882355,24,23,0.14251715182217492,42.231619918128956
2024,LONG,compression,MILD_COMPRESSION,LOSER,3,33,30,1,0.7931034482758621,0.7692307692307693,0.023872679045092826,10,30.303030303030305,23,22,0.18359372520912168,54.16169161993926
2024,LONG,compression,MILD_COMPRESSION,LOSER,5,32,29,1,0.8148148148148148,0.7692307692307693,0.045584045584045496,10,31.25,22,21,0.22253306074429913,66.06726771036543
2024,LONG,compression,NO_COMPRESSION,NONE,0,1,1,1,0.03125,0.0,0.03125,0,0.0,1,1,-1.1572762284219993,-11.243862895265044
2024,LONG,compression,NO_COMPRESSION,WINNER,1,1,1,1,0.03125,0.0,0.03125,0,0.0,1,1,-1.1572762284219993,-11.243862895265044
2024,LONG,compression,NO_COMPRESSION,WINNER,3,1,1,1,0.03125,0.0,0.03125,0,0.0,1,1,-1.1572762284219993,-11.243862895265044
2024,LONG,compression,NO_COMPRESSION,WINNER,5,1,1,1,0.03125,0.0,0.03125,0,0.0,1,1,-1.1572762284219993,-11.243862895265044
2024,LONG,compression,NO_COMPRESSION,LOSER,1,1,1,1,0.03225806451612903,0.0,0.03225806451612903,0,0.0,1,1,-1.1572762284219993,-11.243862895265044
2024,LONG,compression,NO_COMPRESSION,LOSER,3,1,1,1,0.034482758620689655,0.0,0.034482758620689655,0,0.0,1,1,-1.1572762284219993,-11.243862895265044
2024,LONG,compression,NO_COMPRESSION,LOSER,5,1,1,1,0.037037037037037035,0.0,0.037037037037037035,0,0.0,1,1,-1.1572762284219993,-11.243862895265044
2024,LONG,volume_state,EXHAUSTED_HIGH_VOLUME,NONE,0,1,1,1,0.03125,0.0,0.03125,0,0.0,1,1,-1.1987011685285611,-12.442340304921778
2024,LONG,volume_state,EXHAUSTED_HIGH_VOLUME,WINNER,1,1,1,1,0.03125,0.0,0.03125,0,0.0,1,1,-1.1987011685285611,-12.442340304921778
2024,LONG,volume_state,EXHAUSTED_HIGH_VOLUME,WINNER,3,1,1,1,0.03125,0.0,0.03125,0,0.0,1,1,-1.1987011685285611,-12.442340304921778
2024,LONG,volume_state,EXHAUSTED_HIGH_VOLUME,WINNER,5,1,1,1,0.03125,0.0,0.03125,0,0.0,1,1,-1.1987011685285611,-12.442340304921778
2024,LONG,volume_state,EXHAUSTED_HIGH_VOLUME,LOSER,1,0,0,0,0.0,0.0,0.0,0,,0,0,,0.0
2024,LONG,volume_state,EXHAUSTED_HIGH_VOLUME,LOSER,3,0,0,0,0.0,0.0,0.0,0,,0,0,,0.0
2024,LONG,volume_state,EXHAUSTED_HIGH_VOLUME,LOSER,5,0,0,0,0.0,0.0,0.0,0,,0,0,,0.0
2024,LONG,volume_state,FLAT,NONE,0,18,16,1,0.375,0.46153846153846156,-0.08653846153846156,6,33.33333333333333,12,11,0.5471751297374742,95.35188280490624
2024,LONG,volume_state,FLAT,WINNER,1,17,15,1,0.375,0.4166666666666667,-0.041666666666666685,5,29.411764705882355,12,11,0.3040768205217693,47.18796180119031
2024,LONG,volume_state,FLAT,WINNER,3,16,14,1,0.375,0.4,-0.025000000000000022,4,25.0,12,11,0.03340383798734482,-0.3443538368167296
2024,LONG,volume_state,FLAT,WINNER,5,15,13,1,0.375,0.375,0.0,3,20.0,12,11,-0.2706345658954435,-45.79267780980479
2024,LONG,volume_state,FLAT,LOSER,1,18,16,1,0.3870967741935484,0.46153846153846156,-0.07444168734491319,6,33.33333333333333,12,11,0.5471751297374742,95.35188280490624
2024,LONG,volume_state,FLAT,LOSER,3,17,15,1,0.3793103448275862,0.46153846153846156,-0.08222811671087538,6,35.294117647058826,11,10,0.648683920132948,107.54614668746252
2024,LONG,volume_state,FLAT,LOSER,5,16,14,1,0.37037037037037035,0.46153846153846156,-0.09116809116809121,6,37.5,10,9,0.7594221328594675,119.4608230446483
2024,LONG,volume_state,HEALTHY_BUILD,NONE,0,1,1,1,0.0,0.07692307692307693,-0.07692307692307693,1,100.0,0,0,4.632926663920932,47.486567987779374
2024,LONG,volume_state,HEALTHY_BUILD,WINNER,1,1,1,1,0.0,0.08333333333333333,-0.08333333333333333,1,100.0,0,0,4.632926663920932,47.486567987779374
2024,LONG,volume_state,HEALTHY_BUILD,WINNER,3,0,0,0,0.0,0.0,0.0,0,,0,0,,0.0
2024,LONG,volume_state,HEALTHY_BUILD,WINNER,5,0,0,0,0.0,0.0,0.0,0,,0,0,,0.0
2024,LONG,volume_state,HEALTHY_BUILD,LOSER,1,1,1,1,0.0,0.07692307692307693,-0.07692307692307693,1,100.0,0,0,4.632926663920932,47.486567987779374
2024,LONG,volume_state,HEALTHY_BUILD,LOSER,3,1,1,1,0.0,0.07692307692307693,-0.07692307692307693,1,100.0,0,0,4.632926663920932,47.486567987779374
2024,LONG,volume_state,HEALTHY_BUILD,LOSER,5,1,1,1,0.0,0.07692307692307693,-0.07692307692307693,1,100.0,0,0,4.632926663920932,47.486567987779374
2024,LONG,volume_state,SUDDEN_SPIKE_ONLY,NONE,0,25,24,1,0.59375,0.46153846153846156,0.13221153846153844,6,24.0,19,19,-0.24587985049363578,-65.36386939277773
2024,LONG,volume_state,SUDDEN_SPIKE_ONLY,WINNER,1,25,24,1,0.59375,0.5,0.09375,6,24.0,19,19,-0.24587985049363578,-65.36386939277773
2024,LONG,volume_state,SUDDEN_SPIKE_ONLY,WINNER,3,25,24,1,0.59375,0.6,-0.006249999999999978,6,24.0,19,19,-0.24587985049363578,-65.36386939277773
2024,LONG,volume_state,SUDDEN_SPIKE_ONLY,WINNER,5,24,23,1,0.59375,0.625,-0.03125,5,20.833333333333336,19,19,-0.4497890496823736,-112.15981962083629
2024,LONG,volume_state,SUDDEN_SPIKE_ONLY,LOSER,1,25,24,1,0.6129032258064516,0.46153846153846156,0.15136476426799006,6,24.0,19,19,-0.24587985049363578,-65.36386939277773
2024,LONG,volume_state,SUDDEN_SPIKE_ONLY,LOSER,3,24,23,1,0.6206896551724138,0.46153846153846156,0.15915119363395225,6,25.0,18,18,-0.20558277051640952,-53.43379769096742
2024,LONG,volume_state,SUDDEN_SPIKE_ONLY,LOSER,5,23,22,1,0.6296296296296297,0.46153846153846156,0.16809116809116809,6,26.08695652173913,17,17,-0.1683270208903161,-41.52822160054123
2024,LONG,quality,CLEAN_EXPANSION,NONE,0,25,22,1,0.5,0.6923076923076923,-0.1923076923076923,9,36.0,16,15,0.5773572762443497,140.3825947353192
2024,LONG,quality,CLEAN_EXPANSION,WINNER,1,24,21,1,0.5,0.6666666666666666,-0.16666666666666663,8,33.33333333333333,16,15,0.40642022998767874,92.21867373160327
2024,LONG,quality,CLEAN_EXPANSION,WINNER,3,23,20,1,0.5,0.7,-0.19999999999999996,7,30.434782608695656,16,15,0.22265908068623289,44.73210574382392
2024,LONG,quality,CLEAN_EXPANSION,WINNER,5,21,18,1,0.5,0.625,-0.125,5,23.809523809523807,16,15,-0.19622676049913737,-47.512168457222714
2024,LONG,quality,CLEAN_EXPANSION,LOSER,1,24,22,1,0.4838709677419355,0.6923076923076923,-0.2084367245657568,9,37.5,15,14,0.6513597114432211,152.82493504024103
2024,LONG,quality,CLEAN_EXPANSION,LOSER,3,23,21,1,0.4827586206896552,0.6923076923076923,-0.2095490716180371,9,39.130434782608695,14,13,0.732419254112364,164.7550067420513
2024,LONG,quality,CLEAN_EXPANSION,LOSER,5,23,21,1,0.5185185185185185,0.6923076923076923,-0.1737891737891738,9,39.130434782608695,14,13,0.732419254112364,164.7550067420513
2024,LONG,quality,WEAK_BREAK,NONE,0,20,20,1,0.5,0.3076923076923077,0.1923076923076923,4,20.0,16,16,-0.36487751688913667,-75.35035364033311
2024,LONG,quality,WEAK_BREAK,WINNER,1,20,20,1,0.5,0.3333333333333333,0.16666666666666669,4,20.0,16,16,-0.36487751688913667,-75.35035364033311
2024,LONG,quality,WEAK_BREAK,WINNER,3,19,19,1,0.5,0.3,0.2,3,15.789473684210526,16,16,-0.6280207830976472,-122.88266927834016
2024,LONG,quality,WEAK_BREAK,WINNER,5,19,19,1,0.5,0.375,0.125,3,15.789473684210526,16,16,-0.6280207830976472,-122.88266927834016
2024,LONG,quality,WEAK_BREAK,LOSER,1,20,20,1,0.5161290322580645,0.3076923076923077,0.2084367245657568,4,20.0,16,16,-0.36487751688913667,-75.35035364033311
2024,LONG,quality,WEAK_BREAK,LOSER,3,19,19,1,0.5172413793103449,0.3076923076923077,0.20954907161803715,4,21.052631578947366,15,15,-0.3220566331998502,-63.156089757776826
2024,LONG,quality,WEAK_BREAK,LOSER,5,17,17,1,0.48148148148148145,0.3076923076923077,0.17378917378917375,4,23.52941176470588,13,13,-0.2313813844346606,-39.33583731016489
2024,LONG,transition,HEALTHY_TRANSITION,NONE,0,1,1,1,0.0,0.07692307692307693,-0.07692307692307693,1,100.0,0,0,4.632926663920932,47.486567987779374
2024,LONG,transition,HEALTHY_TRANSITION,WINNER,1,1,1,1,0.0,0.08333333333333333,-0.08333333333333333,1,100.0,0,0,4.632926663920932,47.486567987779374
2024,LONG,transition,HEALTHY_TRANSITION,WINNER,3,0,0,0,0.0,0.0,0.0,0,,0,0,,0.0
2024,LONG,transition,HEALTHY_TRANSITION,WINNER,5,0,0,0,0.0,0.0,0.0,0,,0,0,,0.0
2024,LONG,transition,HEALTHY_TRANSITION,LOSER,1,1,1,1,0.0,0.07692307692307693,-0.07692307692307693,1,100.0,0,0,4.632926663920932,47.486567987779374
2024,LONG,transition,HEALTHY_TRANSITION,LOSER,3,1,1,1,0.0,0.07692307692307693,-0.07692307692307693,1,100.0,0,0,4.632926663920932,47.486567987779374
2024,LONG,transition,HEALTHY_TRANSITION,LOSER,5,1,1,1,0.0,0.07692307692307693,-0.07692307692307693,1,100.0,0,0,4.632926663920932,47.486567987779374
2024,LONG,transition,NO_BASE_BREAKOUT,NONE,0,2,2,1,0.0625,0.0,0.0625,0,0.0,2,2,-1.1340800771279995,-23.686375245941658
2024,LONG,transition,NO_BASE_BREAKOUT,WINNER,1,2,2,1,0.0625,0.0,0.0625,0,0.0,2,2,-1.1340800771279995,-23.686375245941658
2024,LONG,transition,NO_BASE_BREAKOUT,WINNER,3,2,2,1,0.0625,0.0,0.0625,0,0.0,2,2,-1.1340800771279995,-23.686375245941658
2024,LONG,transition,NO_BASE_BREAKOUT,WINNER,5,2,2,1,0.0625,0.0,0.0625,0,0.0,2,2,-1.1340800771279995,-23.686375245941658
2024,LONG,transition,NO_BASE_BREAKOUT,LOSER,1,2,2,1,0.06451612903225806,0.0,0.06451612903225806,0,0.0,2,2,-1.1340800771279995,-23.686375245941658
2024,LONG,transition,NO_BASE_BREAKOUT,LOSER,3,2,2,1,0.06896551724137931,0.0,0.06896551724137931,0,0.0,2,2,-1.1340800771279995,-23.686375245941658
2024,LONG,transition,NO_BASE_BREAKOUT,LOSER,5,1,1,1,0.037037037037037035,0.0,0.037037037037037035,0,0.0,1,1,-1.145032670764634,-11.771698888755902
2024,LONG,transition,SPIKE_BREAKOUT,NONE,0,34,30,1,0.78125,0.6923076923076923,0.08894230769230771,9,26.47058823529412,25,25,-0.04900871805149566,-22.14280682299956
2024,LONG,transition,SPIKE_BREAKOUT,WINNER,1,33,29,1,0.78125,0.6666666666666666,0.11458333333333337,8,24.242424242424242,25,25,-0.19230735758046383,-70.30672782671549
2024,LONG,transition,SPIKE_BREAKOUT,WINNER,3,33,29,1,0.78125,0.8,-0.018750000000000044,8,24.242424242424242,25,25,-0.19230735758046383,-70.30672782671549
2024,LONG,transition,SPIKE_BREAKOUT,WINNER,5,31,27,1,0.78125,0.75,0.03125,6,19.35483870967742,25,25,-0.5028407621425982,-162.5510020277621
2024,LONG,transition,SPIKE_BREAKOUT,LOSER,1,33,30,1,0.7741935483870968,0.6923076923076923,0.08188585607940446,9,27.27272727272727,24,24,-0.014169552885523988,-9.700466518077778
2024,LONG,transition,SPIKE_BREAKOUT,LOSER,3,31,29,1,0.7586206896551724,0.6923076923076923,0.06631299734748008,9,29.03225806451613,22,22,0.062060930055172846,14.42386906628882
2024,LONG,transition,SPIKE_BREAKOUT,LOSER,5,30,28,1,0.7777777777777778,0.6923076923076923,0.0854700854700855,9,30.0,21,21,0.09954512812089723,26.329445156715007
2024,LONG,transition,WEAK_TRANSITION,NONE,0,8,7,1,0.15625,0.23076923076923078,-0.07451923076923078,3,37.5,5,4,0.8047389340514911,63.37485517614793
2024,LONG,transition,WEAK_TRANSITION,WINNER,1,8,7,1,0.15625,0.25,-0.09375,3,37.5,5,4,0.8047389340514911,63.37485517614793
2024,LONG,transition,WEAK_TRANSITION,WINNER,3,7,6,1,0.15625,0.2,-0.04375000000000001,2,28.57142857142857,5,4,0.25758099019133807,15.84253953814089
2024,LONG,transition,WEAK_TRANSITION,WINNER,5,7,6,1,0.15625,0.25,-0.09375,2,28.57142857142857,5,4,0.25758099019133807,15.84253953814089
2024,LONG,transition,WEAK_TRANSITION,LOSER,1,8,7,1,0.16129032258064516,0.23076923076923078,-0.06947890818858563,3,37.5,5,4,0.8047389340514911,63.37485517614793
2024,LONG,transition,WEAK_TRANSITION,LOSER,3,8,7,1,0.1724137931034483,0.23076923076923078,-0.058355437665782495,3,37.5,5,4,0.8047389340514911,63.37485517614793
2024,LONG,transition,WEAK_TRANSITION,LOSER,5,8,7,1,0.18518518518518517,0.23076923076923078,-0.04558404558404561,3,37.5,5,4,0.8047389340514911,63.37485517614793
2024,LONG,entry_mode,均線假跌破站回,NONE,0,6,6,1,0.125,0.15384615384615385,-0.028846153846153855,2,33.33333333333333,4,4,0.2997465382961512,14.951910304688996
2024,LONG,entry_mode,均線假跌破站回,WINNER,1,6,6,1,0.125,0.16666666666666666,-0.04166666666666666,2,33.33333333333333,4,4,0.2997465382961512,14.951910304688996
2024,LONG,entry_mode,均線假跌破站回,WINNER,3,6,6,1,0.125,0.2,-0.07500000000000001,2,33.33333333333333,4,4,0.2997465382961512,14.951910304688996
2024,LONG,entry_mode,均線假跌破站回,WINNER,5,6,6,1,0.125,0.25,-0.125,2,33.33333333333333,4,4,0.2997465382961512,14.951910304688996
2024,LONG,entry_mode,均線假跌破站回,LOSER,1,6,6,1,0.12903225806451613,0.15384615384615385,-0.02481389578163773,2,33.33333333333333,4,4,0.2997465382961512,14.951910304688996
2024,LONG,entry_mode,均線假跌破站回,LOSER,3,5,5,1,0.10344827586206896,0.15384615384615385,-0.05039787798408489,2,40.0,3,3,0.6022977999447948,26.881982006499307
2024,LONG,entry_mode,均線假跌破站回,LOSER,5,5,5,1,0.1111111111111111,0.15384615384615385,-0.04273504273504275,2,40.0,3,3,0.6022977999447948,26.881982006499307
2024,LONG,entry_mode,均線假跌破站回_延後一根確認,NONE,0,1,1,1,0.0,0.07692307692307693,-0.07692307692307693,1,100.0,0,0,1.9332517055479257,19.54348120700716
2024,LONG,entry_mode,均線假跌破站回_延後一根確認,WINNER,1,1,1,1,0.0,0.08333333333333333,-0.08333333333333333,1,100.0,0,0,1.9332517055479257,19.54348120700716
2024,LONG,entry_mode,均線假跌破站回_延後一根確認,WINNER,3,1,1,1,0.0,0.1,-0.1,1,100.0,0,0,1.9332517055479257,19.54348120700716
2024,LONG,entry_mode,均線假跌破站回_延後一根確認,WINNER,5,1,1,1,0.0,0.125,-0.125,1,100.0,0,0,1.9332517055479257,19.54348120700716
2024,LONG,entry_mode,均線假跌破站回_延後一根確認,LOSER,1,1,1,1,0.0,0.07692307692307693,-0.07692307692307693,1,100.0,0,0,1.9332517055479257,19.54348120700716
2024,LONG,entry_mode,均線假跌破站回_延後一根確認,LOSER,3,1,1,1,0.0,0.07692307692307693,-0.07692307692307693,1,100.0,0,0,1.9332517055479257,19.54348120700716
2024,LONG,entry_mode,均線假跌破站回_延後一根確認,LOSER,5,1,1,1,0.0,0.07692307692307693,-0.07692307692307693,1,100.0,0,0,1.9332517055479257,19.54348120700716
2024,LONG,entry_mode,壓縮早突破,NONE,0,38,34,1,0.875,0.7692307692307693,0.10576923076923073,10,26.31578947368421,28,27,0.08959606928950468,30.536849583289936
2024,LONG,entry_mode,壓縮早突破,WINNER,1,37,33,1,0.875,0.75,0.125,9,24.324324324324326,28,27,-0.03446475009198046,-17.62707142042599
2024,LONG,entry_mode,壓縮早突破,WINNER,3,35,31,1,0.875,0.7,0.17500000000000004,7,20.0,28,27,-0.30122762738276493,-112.6459550462124
2024,LONG,entry_mode,壓縮早突破,WINNER,5,33,29,1,0.875,0.625,0.25,5,15.151515151515152,28,27,-0.5995420540806671,-204.89022924725901
2024,LONG,entry_mode,壓縮早突破,LOSER,1,37,34,1,0.8709677419354839,0.7692307692307693,0.1017369727047146,10,27.027027027027028,27,26,0.12441491355485783,42.979189888211735
2024,LONG,entry_mode,壓縮早突破,LOSER,3,36,33,1,0.896551724137931,0.7692307692307693,0.12732095490716178,10,27.77777777777778,26,25,0.16060628079209227,55.173453770768006
2024,LONG,entry_mode,壓縮早突破,LOSER,5,34,31,1,0.8888888888888888,0.7692307692307693,0.11965811965811957,10,29.411764705882355,24,23,0.2343358412918601,78.99370621837994
2024,ALL,compression,EXPANDING_ALREADY,NONE,0,10,9,1,0.21875,0.23076923076923078,-0.012019230769230782,3,30.0,7,7,0.344807463479406,34.04448407212221
2024,ALL,compression,EXPANDING_ALREADY,WINNER,1,9,8,1,0.21875,0.16666666666666666,0.05208333333333334,2,22.22222222222222,7,7,-0.13686352795671045,-14.119436931593729
2024,ALL,compression,EXPANDING_ALREADY,WINNER,3,9,8,1,0.21875,0.2,0.01874999999999999,2,22.22222222222222,7,7,-0.13686352795671045,-14.119436931593729
2024,ALL,compression,EXPANDING_ALREADY,WINNER,5,8,7,1,0.21875,0.125,0.09375,1,12.5,7,7,-0.7349640852058082,-60.91538715965228
2024,ALL,compression,EXPANDING_ALREADY,LOSER,1,9,9,1,0.1935483870967742,0.23076923076923078,-0.037220843672456594,3,33.33333333333333,6,6,0.5163084225914023,46.48682437704399
2024,ALL,compression,EXPANDING_ALREADY,LOSER,3,8,8,1,0.1724137931034483,0.23076923076923078,-0.058355437665782495,3,37.5,5,5,0.7281562637885254,58.681088259600266
2024,ALL,compression,EXPANDING_ALREADY,LOSER,5,7,7,1,0.14814814814814814,0.23076923076923078,-0.08262108262108264,3,42.857142857142854,4,4,0.9926253705427955,70.59576461678603
2024,ALL,compression,MILD_COMPRESSION,NONE,0,34,31,1,0.75,0.7692307692307693,-0.019230769230769273,10,29.411764705882355,24,23,0.14251715182217492,42.231619918128956
2024,ALL,compression,MILD_COMPRESSION,WINNER,1,34,31,1,0.75,0.8333333333333334,-0.08333333333333337,10,29.411764705882355,24,23,0.14251715182217492,42.231619918128956
2024,ALL,compression,MILD_COMPRESSION,WINNER,3,32,29,1,0.75,0.8,-0.050000000000000044,8,25.0,24,23,-0.13819337634498585,-52.78726370765747
2024,ALL,compression,MILD_COMPRESSION,WINNER,5,31,28,1,0.75,0.875,-0.125,7,22.58064516129032,24,23,-0.2908441270731843,-98.23558768064552
2024,ALL,compression,MILD_COMPRESSION,LOSER,1,34,31,1,0.7741935483870968,0.7692307692307693,0.004962779156327479,10,29.411764705882355,24,23,0.14251715182217492,42.231619918128956
2024,ALL,compression,MILD_COMPRESSION,LOSER,3,33,30,1,0.7931034482758621,0.7692307692307693,0.023872679045092826,10,30.303030303030305,23,22,0.18359372520912168,54.16169161993926
2024,ALL,compression,MILD_COMPRESSION,LOSER,5,32,29,1,0.8148148148148148,0.7692307692307693,0.045584045584045496,10,31.25,22,21,0.22253306074429913,66.06726771036543
2024,ALL,compression,NO_COMPRESSION,NONE,0,1,1,1,0.03125,0.0,0.03125,0,0.0,1,1,-1.1572762284219993,-11.243862895265044
2024,ALL,compression,NO_COMPRESSION,WINNER,1,1,1,1,0.03125,0.0,0.03125,0,0.0,1,1,-1.1572762284219993,-11.243862895265044
2024,ALL,compression,NO_COMPRESSION,WINNER,3,1,1,1,0.03125,0.0,0.03125,0,0.0,1,1,-1.1572762284219993,-11.243862895265044
2024,ALL,compression,NO_COMPRESSION,WINNER,5,1,1,1,0.03125,0.0,0.03125,0,0.0,1,1,-1.1572762284219993,-11.243862895265044
2024,ALL,compression,NO_COMPRESSION,LOSER,1,1,1,1,0.03225806451612903,0.0,0.03225806451612903,0,0.0,1,1,-1.1572762284219993,-11.243862895265044
2024,ALL,compression,NO_COMPRESSION,LOSER,3,1,1,1,0.034482758620689655,0.0,0.034482758620689655,0,0.0,1,1,-1.1572762284219993,-11.243862895265044
2024,ALL,compression,NO_COMPRESSION,LOSER,5,1,1,1,0.037037037037037035,0.0,0.037037037037037035,0,0.0,1,1,-1.1572762284219993,-11.243862895265044
2024,ALL,volume_state,EXHAUSTED_HIGH_VOLUME,NONE,0,1,1,1,0.03125,0.0,0.03125,0,0.0,1,1,-1.1987011685285611,-12.442340304921778
2024,ALL,volume_state,EXHAUSTED_HIGH_VOLUME,WINNER,1,1,1,1,0.03125,0.0,0.03125,0,0.0,1,1,-1.1987011685285611,-12.442340304921778
2024,ALL,volume_state,EXHAUSTED_HIGH_VOLUME,WINNER,3,1,1,1,0.03125,0.0,0.03125,0,0.0,1,1,-1.1987011685285611,-12.442340304921778
2024,ALL,volume_state,EXHAUSTED_HIGH_VOLUME,WINNER,5,1,1,1,0.03125,0.0,0.03125,0,0.0,1,1,-1.1987011685285611,-12.442340304921778
2024,ALL,volume_state,EXHAUSTED_HIGH_VOLUME,LOSER,1,0,0,0,0.0,0.0,0.0,0,,0,0,,0.0
2024,ALL,volume_state,EXHAUSTED_HIGH_VOLUME,LOSER,3,0,0,0,0.0,0.0,0.0,0,,0,0,,0.0
2024,ALL,volume_state,EXHAUSTED_HIGH_VOLUME,LOSER,5,0,0,0,0.0,0.0,0.0,0,,0,0,,0.0
2024,ALL,volume_state,FLAT,NONE,0,18,16,1,0.375,0.46153846153846156,-0.08653846153846156,6,33.33333333333333,12,11,0.5471751297374742,95.35188280490624
2024,ALL,volume_state,FLAT,WINNER,1,17,15,1,0.375,0.4166666666666667,-0.041666666666666685,5,29.411764705882355,12,11,0.3040768205217693,47.18796180119031
2024,ALL,volume_state,FLAT,WINNER,3,16,14,1,0.375,0.4,-0.025000000000000022,4,25.0,12,11,0.03340383798734482,-0.3443538368167296
2024,ALL,volume_state,FLAT,WINNER,5,15,13,1,0.375,0.375,0.0,3,20.0,12,11,-0.2706345658954435,-45.79267780980479
2024,ALL,volume_state,FLAT,LOSER,1,18,16,1,0.3870967741935484,0.46153846153846156,-0.07444168734491319,6,33.33333333333333,12,11,0.5471751297374742,95.35188280490624
2024,ALL,volume_state,FLAT,LOSER,3,17,15,1,0.3793103448275862,0.46153846153846156,-0.08222811671087538,6,35.294117647058826,11,10,0.648683920132948,107.54614668746252
2024,ALL,volume_state,FLAT,LOSER,5,16,14,1,0.37037037037037035,0.46153846153846156,-0.09116809116809121,6,37.5,10,9,0.7594221328594675,119.4608230446483
2024,ALL,volume_state,HEALTHY_BUILD,NONE,0,1,1,1,0.0,0.07692307692307693,-0.07692307692307693,1,100.0,0,0,4.632926663920932,47.486567987779374
2024,ALL,volume_state,HEALTHY_BUILD,WINNER,1,1,1,1,0.0,0.08333333333333333,-0.08333333333333333,1,100.0,0,0,4.632926663920932,47.486567987779374
2024,ALL,volume_state,HEALTHY_BUILD,WINNER,3,0,0,0,0.0,0.0,0.0,0,,0,0,,0.0
2024,ALL,volume_state,HEALTHY_BUILD,WINNER,5,0,0,0,0.0,0.0,0.0,0,,0,0,,0.0
2024,ALL,volume_state,HEALTHY_BUILD,LOSER,1,1,1,1,0.0,0.07692307692307693,-0.07692307692307693,1,100.0,0,0,4.632926663920932,47.486567987779374
2024,ALL,volume_state,HEALTHY_BUILD,LOSER,3,1,1,1,0.0,0.07692307692307693,-0.07692307692307693,1,100.0,0,0,4.632926663920932,47.486567987779374
2024,ALL,volume_state,HEALTHY_BUILD,LOSER,5,1,1,1,0.0,0.07692307692307693,-0.07692307692307693,1,100.0,0,0,4.632926663920932,47.486567987779374
2024,ALL,volume_state,SUDDEN_SPIKE_ONLY,NONE,0,25,24,1,0.59375,0.46153846153846156,0.13221153846153844,6,24.0,19,19,-0.24587985049363578,-65.36386939277773
2024,ALL,volume_state,SUDDEN_SPIKE_ONLY,WINNER,1,25,24,1,0.59375,0.5,0.09375,6,24.0,19,19,-0.24587985049363578,-65.36386939277773
2024,ALL,volume_state,SUDDEN_SPIKE_ONLY,WINNER,3,25,24,1,0.59375,0.6,-0.006249999999999978,6,24.0,19,19,-0.24587985049363578,-65.36386939277773
2024,ALL,volume_state,SUDDEN_SPIKE_ONLY,WINNER,5,24,23,1,0.59375,0.625,-0.03125,5,20.833333333333336,19,19,-0.4497890496823736,-112.15981962083629
2024,ALL,volume_state,SUDDEN_SPIKE_ONLY,LOSER,1,25,24,1,0.6129032258064516,0.46153846153846156,0.15136476426799006,6,24.0,19,19,-0.24587985049363578,-65.36386939277773
2024,ALL,volume_state,SUDDEN_SPIKE_ONLY,LOSER,3,24,23,1,0.6206896551724138,0.46153846153846156,0.15915119363395225,6,25.0,18,18,-0.20558277051640952,-53.43379769096742
2024,ALL,volume_state,SUDDEN_SPIKE_ONLY,LOSER,5,23,22,1,0.6296296296296297,0.46153846153846156,0.16809116809116809,6,26.08695652173913,17,17,-0.1683270208903161,-41.52822160054123
2024,ALL,quality,CLEAN_EXPANSION,NONE,0,25,22,1,0.5,0.6923076923076923,-0.1923076923076923,9,36.0,16,15,0.5773572762443497,140.3825947353192
2024,ALL,quality,CLEAN_EXPANSION,WINNER,1,24,21,1,0.5,0.6666666666666666,-0.16666666666666663,8,33.33333333333333,16,15,0.40642022998767874,92.21867373160327
2024,ALL,quality,CLEAN_EXPANSION,WINNER,3,23,20,1,0.5,0.7,-0.19999999999999996,7,30.434782608695656,16,15,0.22265908068623289,44.73210574382392
2024,ALL,quality,CLEAN_EXPANSION,WINNER,5,21,18,1,0.5,0.625,-0.125,5,23.809523809523807,16,15,-0.19622676049913737,-47.512168457222714
2024,ALL,quality,CLEAN_EXPANSION,LOSER,1,24,22,1,0.4838709677419355,0.6923076923076923,-0.2084367245657568,9,37.5,15,14,0.6513597114432211,152.82493504024103
2024,ALL,quality,CLEAN_EXPANSION,LOSER,3,23,21,1,0.4827586206896552,0.6923076923076923,-0.2095490716180371,9,39.130434782608695,14,13,0.732419254112364,164.7550067420513
2024,ALL,quality,CLEAN_EXPANSION,LOSER,5,23,21,1,0.5185185185185185,0.6923076923076923,-0.1737891737891738,9,39.130434782608695,14,13,0.732419254112364,164.7550067420513
2024,ALL,quality,WEAK_BREAK,NONE,0,20,20,1,0.5,0.3076923076923077,0.1923076923076923,4,20.0,16,16,-0.36487751688913667,-75.35035364033311
2024,ALL,quality,WEAK_BREAK,WINNER,1,20,20,1,0.5,0.3333333333333333,0.16666666666666669,4,20.0,16,16,-0.36487751688913667,-75.35035364033311
2024,ALL,quality,WEAK_BREAK,WINNER,3,19,19,1,0.5,0.3,0.2,3,15.789473684210526,16,16,-0.6280207830976472,-122.88266927834016
2024,ALL,quality,WEAK_BREAK,WINNER,5,19,19,1,0.5,0.375,0.125,3,15.789473684210526,16,16,-0.6280207830976472,-122.88266927834016
2024,ALL,quality,WEAK_BREAK,LOSER,1,20,20,1,0.5161290322580645,0.3076923076923077,0.2084367245657568,4,20.0,16,16,-0.36487751688913667,-75.35035364033311
2024,ALL,quality,WEAK_BREAK,LOSER,3,19,19,1,0.5172413793103449,0.3076923076923077,0.20954907161803715,4,21.052631578947366,15,15,-0.3220566331998502,-63.156089757776826
2024,ALL,quality,WEAK_BREAK,LOSER,5,17,17,1,0.48148148148148145,0.3076923076923077,0.17378917378917375,4,23.52941176470588,13,13,-0.2313813844346606,-39.33583731016489
2024,ALL,transition,HEALTHY_TRANSITION,NONE,0,1,1,1,0.0,0.07692307692307693,-0.07692307692307693,1,100.0,0,0,4.632926663920932,47.486567987779374
2024,ALL,transition,HEALTHY_TRANSITION,WINNER,1,1,1,1,0.0,0.08333333333333333,-0.08333333333333333,1,100.0,0,0,4.632926663920932,47.486567987779374
2024,ALL,transition,HEALTHY_TRANSITION,WINNER,3,0,0,0,0.0,0.0,0.0,0,,0,0,,0.0
2024,ALL,transition,HEALTHY_TRANSITION,WINNER,5,0,0,0,0.0,0.0,0.0,0,,0,0,,0.0
2024,ALL,transition,HEALTHY_TRANSITION,LOSER,1,1,1,1,0.0,0.07692307692307693,-0.07692307692307693,1,100.0,0,0,4.632926663920932,47.486567987779374
2024,ALL,transition,HEALTHY_TRANSITION,LOSER,3,1,1,1,0.0,0.07692307692307693,-0.07692307692307693,1,100.0,0,0,4.632926663920932,47.486567987779374
2024,ALL,transition,HEALTHY_TRANSITION,LOSER,5,1,1,1,0.0,0.07692307692307693,-0.07692307692307693,1,100.0,0,0,4.632926663920932,47.486567987779374
2024,ALL,transition,NO_BASE_BREAKOUT,NONE,0,2,2,1,0.0625,0.0,0.0625,0,0.0,2,2,-1.1340800771279995,-23.686375245941658
2024,ALL,transition,NO_BASE_BREAKOUT,WINNER,1,2,2,1,0.0625,0.0,0.0625,0,0.0,2,2,-1.1340800771279995,-23.686375245941658
2024,ALL,transition,NO_BASE_BREAKOUT,WINNER,3,2,2,1,0.0625,0.0,0.0625,0,0.0,2,2,-1.1340800771279995,-23.686375245941658
2024,ALL,transition,NO_BASE_BREAKOUT,WINNER,5,2,2,1,0.0625,0.0,0.0625,0,0.0,2,2,-1.1340800771279995,-23.686375245941658
2024,ALL,transition,NO_BASE_BREAKOUT,LOSER,1,2,2,1,0.06451612903225806,0.0,0.06451612903225806,0,0.0,2,2,-1.1340800771279995,-23.686375245941658
2024,ALL,transition,NO_BASE_BREAKOUT,LOSER,3,2,2,1,0.06896551724137931,0.0,0.06896551724137931,0,0.0,2,2,-1.1340800771279995,-23.686375245941658
2024,ALL,transition,NO_BASE_BREAKOUT,LOSER,5,1,1,1,0.037037037037037035,0.0,0.037037037037037035,0,0.0,1,1,-1.145032670764634,-11.771698888755902
2024,ALL,transition,SPIKE_BREAKOUT,NONE,0,34,30,1,0.78125,0.6923076923076923,0.08894230769230771,9,26.47058823529412,25,25,-0.04900871805149566,-22.14280682299956
2024,ALL,transition,SPIKE_BREAKOUT,WINNER,1,33,29,1,0.78125,0.6666666666666666,0.11458333333333337,8,24.242424242424242,25,25,-0.19230735758046383,-70.30672782671549
2024,ALL,transition,SPIKE_BREAKOUT,WINNER,3,33,29,1,0.78125,0.8,-0.018750000000000044,8,24.242424242424242,25,25,-0.19230735758046383,-70.30672782671549
2024,ALL,transition,SPIKE_BREAKOUT,WINNER,5,31,27,1,0.78125,0.75,0.03125,6,19.35483870967742,25,25,-0.5028407621425982,-162.5510020277621
2024,ALL,transition,SPIKE_BREAKOUT,LOSER,1,33,30,1,0.7741935483870968,0.6923076923076923,0.08188585607940446,9,27.27272727272727,24,24,-0.014169552885523988,-9.700466518077778
2024,ALL,transition,SPIKE_BREAKOUT,LOSER,3,31,29,1,0.7586206896551724,0.6923076923076923,0.06631299734748008,9,29.03225806451613,22,22,0.062060930055172846,14.42386906628882
2024,ALL,transition,SPIKE_BREAKOUT,LOSER,5,30,28,1,0.7777777777777778,0.6923076923076923,0.0854700854700855,9,30.0,21,21,0.09954512812089723,26.329445156715007
2024,ALL,transition,WEAK_TRANSITION,NONE,0,8,7,1,0.15625,0.23076923076923078,-0.07451923076923078,3,37.5,5,4,0.8047389340514911,63.37485517614793
2024,ALL,transition,WEAK_TRANSITION,WINNER,1,8,7,1,0.15625,0.25,-0.09375,3,37.5,5,4,0.8047389340514911,63.37485517614793
2024,ALL,transition,WEAK_TRANSITION,WINNER,3,7,6,1,0.15625,0.2,-0.04375000000000001,2,28.57142857142857,5,4,0.25758099019133807,15.84253953814089
2024,ALL,transition,WEAK_TRANSITION,WINNER,5,7,6,1,0.15625,0.25,-0.09375,2,28.57142857142857,5,4,0.25758099019133807,15.84253953814089
2024,ALL,transition,WEAK_TRANSITION,LOSER,1,8,7,1,0.16129032258064516,0.23076923076923078,-0.06947890818858563,3,37.5,5,4,0.8047389340514911,63.37485517614793
2024,ALL,transition,WEAK_TRANSITION,LOSER,3,8,7,1,0.1724137931034483,0.23076923076923078,-0.058355437665782495,3,37.5,5,4,0.8047389340514911,63.37485517614793
2024,ALL,transition,WEAK_TRANSITION,LOSER,5,8,7,1,0.18518518518518517,0.23076923076923078,-0.04558404558404561,3,37.5,5,4,0.8047389340514911,63.37485517614793
2024,ALL,entry_mode,均線假跌破站回,NONE,0,6,6,1,0.125,0.15384615384615385,-0.028846153846153855,2,33.33333333333333,4,4,0.2997465382961512,14.951910304688996
2024,ALL,entry_mode,均線假跌破站回,WINNER,1,6,6,1,0.125,0.16666666666666666,-0.04166666666666666,2,33.33333333333333,4,4,0.2997465382961512,14.951910304688996
2024,ALL,entry_mode,均線假跌破站回,WINNER,3,6,6,1,0.125,0.2,-0.07500000000000001,2,33.33333333333333,4,4,0.2997465382961512,14.951910304688996
2024,ALL,entry_mode,均線假跌破站回,WINNER,5,6,6,1,0.125,0.25,-0.125,2,33.33333333333333,4,4,0.2997465382961512,14.951910304688996
2024,ALL,entry_mode,均線假跌破站回,LOSER,1,6,6,1,0.12903225806451613,0.15384615384615385,-0.02481389578163773,2,33.33333333333333,4,4,0.2997465382961512,14.951910304688996
2024,ALL,entry_mode,均線假跌破站回,LOSER,3,5,5,1,0.10344827586206896,0.15384615384615385,-0.05039787798408489,2,40.0,3,3,0.6022977999447948,26.881982006499307
2024,ALL,entry_mode,均線假跌破站回,LOSER,5,5,5,1,0.1111111111111111,0.15384615384615385,-0.04273504273504275,2,40.0,3,3,0.6022977999447948,26.881982006499307
2024,ALL,entry_mode,均線假跌破站回_延後一根確認,NONE,0,1,1,1,0.0,0.07692307692307693,-0.07692307692307693,1,100.0,0,0,1.9332517055479257,19.54348120700716
2024,ALL,entry_mode,均線假跌破站回_延後一根確認,WINNER,1,1,1,1,0.0,0.08333333333333333,-0.08333333333333333,1,100.0,0,0,1.9332517055479257,19.54348120700716
2024,ALL,entry_mode,均線假跌破站回_延後一根確認,WINNER,3,1,1,1,0.0,0.1,-0.1,1,100.0,0,0,1.9332517055479257,19.54348120700716
2024,ALL,entry_mode,均線假跌破站回_延後一根確認,WINNER,5,1,1,1,0.0,0.125,-0.125,1,100.0,0,0,1.9332517055479257,19.54348120700716
2024,ALL,entry_mode,均線假跌破站回_延後一根確認,LOSER,1,1,1,1,0.0,0.07692307692307693,-0.07692307692307693,1,100.0,0,0,1.9332517055479257,19.54348120700716
2024,ALL,entry_mode,均線假跌破站回_延後一根確認,LOSER,3,1,1,1,0.0,0.07692307692307693,-0.07692307692307693,1,100.0,0,0,1.9332517055479257,19.54348120700716
2024,ALL,entry_mode,均線假跌破站回_延後一根確認,LOSER,5,1,1,1,0.0,0.07692307692307693,-0.07692307692307693,1,100.0,0,0,1.9332517055479257,19.54348120700716
2024,ALL,entry_mode,壓縮早突破,NONE,0,38,34,1,0.875,0.7692307692307693,0.10576923076923073,10,26.31578947368421,28,27,0.08959606928950468,30.536849583289936
2024,ALL,entry_mode,壓縮早突破,WINNER,1,37,33,1,0.875,0.75,0.125,9,24.324324324324326,28,27,-0.03446475009198046,-17.62707142042599
2024,ALL,entry_mode,壓縮早突破,WINNER,3,35,31,1,0.875,0.7,0.17500000000000004,7,20.0,28,27,-0.30122762738276493,-112.6459550462124
2024,ALL,entry_mode,壓縮早突破,WINNER,5,33,29,1,0.875,0.625,0.25,5,15.151515151515152,28,27,-0.5995420540806671,-204.89022924725901
2024,ALL,entry_mode,壓縮早突破,LOSER,1,37,34,1,0.8709677419354839,0.7692307692307693,0.1017369727047146,10,27.027027027027028,27,26,0.12441491355485783,42.979189888211735
2024,ALL,entry_mode,壓縮早突破,LOSER,3,36,33,1,0.896551724137931,0.7692307692307693,0.12732095490716178,10,27.77777777777778,26,25,0.16060628079209227,55.173453770768006
2024,ALL,entry_mode,壓縮早突破,LOSER,5,34,31,1,0.8888888888888888,0.7692307692307693,0.11965811965811957,10,29.411764705882355,24,23,0.2343358412918601,78.99370621837994
COMBINED,LONG,compression,EXPANDING_ALREADY,NONE,0,24,22,1,0.2608695652173913,0.2727272727272727,-0.01185770750988141,6,25.0,18,18,-0.06817490300957402,-15.686272182252871
COMBINED,LONG,compression,EXPANDING_ALREADY,WINNER,1,23,21,1,0.2608695652173913,0.23809523809523808,0.022774327122153215,5,21.73913043478261,18,18,-0.27461061124496655,-63.850193185968834
COMBINED,LONG,compression,EXPANDING_ALREADY,WINNER,3,23,21,1,0.2608695652173913,0.2631578947368421,-0.0022883295194507935,5,21.73913043478261,18,18,-0.27461061124496655,-63.850193185968834
COMBINED,LONG,compression,EXPANDING_ALREADY,WINNER,5,22,20,1,0.2608695652173913,0.23529411764705882,0.025575447570332477,4,18.181818181818183,18,18,-0.4983629540304683,-110.64614341402739
COMBINED,LONG,compression,EXPANDING_ALREADY,LOSER,1,23,22,1,0.25,0.2727272727272727,-0.022727272727272707,6,26.08695652173913,17,17,-0.019021587117444134,-3.243931877331095
COMBINED,LONG,compression,EXPANDING_ALREADY,LOSER,3,23,22,1,0.25757575757575757,0.2727272727272727,-0.015151515151515138,6,26.08695652173913,17,17,-0.019021587117444134,-3.243931877331095
COMBINED,LONG,compression,EXPANDING_ALREADY,LOSER,5,22,21,1,0.25,0.2727272727272727,-0.022727272727272707,6,27.27272727272727,16,16,0.03368080924019847,8.950332005225183
COMBINED,LONG,compression,MILD_COMPRESSION,NONE,0,65,59,1,0.7101449275362319,0.7272727272727273,-0.017127799736495364,16,24.615384615384617,49,47,0.018706967901731947,4.208289621458363
COMBINED,LONG,compression,MILD_COMPRESSION,WINNER,1,65,59,1,0.7101449275362319,0.7619047619047619,-0.05175983436852993,16,24.615384615384617,49,47,0.018706967901731947,4.208289621458363
COMBINED,LONG,compression,MILD_COMPRESSION,WINNER,3,63,58,1,0.7101449275362319,0.7368421052631579,-0.026697177726925925,14,22.22222222222222,49,47,-0.12780663954572888,-90.8105940043281
COMBINED,LONG,compression,MILD_COMPRESSION,WINNER,5,62,57,1,0.7101449275362319,0.7647058823529411,-0.054560954816709195,13,20.967741935483872,49,47,-0.20465619786715564,-137.17212238055484
COMBINED,LONG,compression,MILD_COMPRESSION,LOSER,1,65,59,1,0.7205882352941176,0.7272727272727273,-0.006684491978609652,16,24.615384615384617,49,47,0.018706967901731947,4.208289621458363
COMBINED,LONG,compression,MILD_COMPRESSION,LOSER,3,63,57,1,0.7121212121212122,0.7272727272727273,-0.015151515151515138,16,25.396825396825395,47,45,0.05833010785985033,28.80659668958351
COMBINED,LONG,compression,MILD_COMPRESSION,LOSER,5,62,56,1,0.71875,0.7272727272727273,-0.008522727272727293,16,25.806451612903224,46,44,0.07883558975996192,40.73666839139385
COMBINED,LONG,compression,NO_COMPRESSION,NONE,0,2,2,1,0.028985507246376812,0.0,0.028985507246376812,0,0.0,2,2,-1.152388566480422,-22.951585243114025
COMBINED,LONG,compression,NO_COMPRESSION,WINNER,1,2,2,1,0.028985507246376812,0.0,0.028985507246376812,0,0.0,2,2,-1.152388566480422,-22.951585243114025
COMBINED,LONG,compression,NO_COMPRESSION,WINNER,3,2,2,1,0.028985507246376812,0.0,0.028985507246376812,0,0.0,2,2,-1.152388566480422,-22.951585243114025
COMBINED,LONG,compression,NO_COMPRESSION,WINNER,5,2,2,1,0.028985507246376812,0.0,0.028985507246376812,0,0.0,2,2,-1.152388566480422,-22.951585243114025
COMBINED,LONG,compression,NO_COMPRESSION,LOSER,1,2,2,1,0.029411764705882353,0.0,0.029411764705882353,0,0.0,2,2,-1.152388566480422,-22.951585243114025
COMBINED,LONG,compression,NO_COMPRESSION,LOSER,3,2,2,1,0.030303030303030304,0.0,0.030303030303030304,0,0.0,2,2,-1.152388566480422,-22.951585243114025
COMBINED,LONG,compression,NO_COMPRESSION,LOSER,5,2,2,1,0.03125,0.0,0.03125,0,0.0,2,2,-1.152388566480422,-22.951585243114025
COMBINED,LONG,volume_state,EXHAUSTED_HIGH_VOLUME,NONE,0,3,3,1,0.043478260869565216,0.0,0.043478260869565216,0,0.0,3,3,-1.1077348343026776,-34.029028586297855
COMBINED,LONG,volume_state,EXHAUSTED_HIGH_VOLUME,WINNER,1,3,3,1,0.043478260869565216,0.0,0.043478260869565216,0,0.0,3,3,-1.1077348343026776,-34.029028586297855
COMBINED,LONG,volume_state,EXHAUSTED_HIGH_VOLUME,WINNER,3,3,3,1,0.043478260869565216,0.0,0.043478260869565216,0,0.0,3,3,-1.1077348343026776,-34.029028586297855
COMBINED,LONG,volume_state,EXHAUSTED_HIGH_VOLUME,WINNER,5,3,3,1,0.043478260869565216,0.0,0.043478260869565216,0,0.0,3,3,-1.1077348343026776,-34.029028586297855
COMBINED,LONG,volume_state,EXHAUSTED_HIGH_VOLUME,LOSER,1,2,2,1,0.029411764705882353,0.0,0.029411764705882353,0,0.0,2,2,-1.0622516671897357,-21.586688281376077
COMBINED,LONG,volume_state,EXHAUSTED_HIGH_VOLUME,LOSER,3,2,2,1,0.030303030303030304,0.0,0.030303030303030304,0,0.0,2,2,-1.0622516671897357,-21.586688281376077
COMBINED,LONG,volume_state,EXHAUSTED_HIGH_VOLUME,LOSER,5,2,2,1,0.03125,0.0,0.03125,0,0.0,2,2,-1.0622516671897357,-21.586688281376077
COMBINED,LONG,volume_state,FLAT,NONE,0,25,23,1,0.2318840579710145,0.4090909090909091,-0.17720685111989462,9,36.0,16,14,0.745817478170523,177.03738272710746
COMBINED,LONG,volume_state,FLAT,WINNER,1,24,22,1,0.2318840579710145,0.38095238095238093,-0.14906832298136644,8,33.33333333333333,16,14,0.5818996069941095,128.8734617233915
COMBINED,LONG,volume_state,FLAT,WINNER,3,23,21,1,0.2318840579710145,0.3684210526315789,-0.13653699466056443,7,30.434782608695656,16,14,0.4056846098602637,81.34114608538445
COMBINED,LONG,volume_state,FLAT,WINNER,5,22,20,1,0.2318840579710145,0.35294117647058826,-0.12105711849957376,6,27.27272727272727,16,14,0.2133581841092423,34.97961770915768
COMBINED,LONG,volume_state,FLAT,LOSER,1,25,23,1,0.23529411764705882,0.4090909090909091,-0.1737967914438503,9,36.0,16,14,0.745817478170523,177.03738272710746
COMBINED,LONG,volume_state,FLAT,LOSER,3,25,23,1,0.24242424242424243,0.4090909090909091,-0.16666666666666669,9,36.0,16,14,0.745817478170523,177.03738272710746
COMBINED,LONG,volume_state,FLAT,LOSER,5,24,22,1,0.234375,0.4090909090909091,-0.17471590909090912,9,37.5,15,13,0.8259963025520277,189.23164660966373
COMBINED,LONG,volume_state,HEALTHY_BUILD,NONE,0,1,1,1,0.0,0.045454545454545456,-0.045454545454545456,1,100.0,0,0,4.632926663920932,47.486567987779374
COMBINED,LONG,volume_state,HEALTHY_BUILD,WINNER,1,1,1,1,0.0,0.047619047619047616,-0.047619047619047616,1,100.0,0,0,4.632926663920932,47.486567987779374
COMBINED,LONG,volume_state,HEALTHY_BUILD,WINNER,3,0,0,0,0.0,0.0,0.0,0,,0,0,,0.0
COMBINED,LONG,volume_state,HEALTHY_BUILD,WINNER,5,0,0,0,0.0,0.0,0.0,0,,0,0,,0.0
COMBINED,LONG,volume_state,HEALTHY_BUILD,LOSER,1,1,1,1,0.0,0.045454545454545456,-0.045454545454545456,1,100.0,0,0,4.632926663920932,47.486567987779374
COMBINED,LONG,volume_state,HEALTHY_BUILD,LOSER,3,1,1,1,0.0,0.045454545454545456,-0.045454545454545456,1,100.0,0,0,4.632926663920932,47.486567987779374
COMBINED,LONG,volume_state,HEALTHY_BUILD,LOSER,5,1,1,1,0.0,0.045454545454545456,-0.045454545454545456,1,100.0,0,0,4.632926663920932,47.486567987779374
COMBINED,LONG,volume_state,SUDDEN_SPIKE_ONLY,NONE,0,62,58,1,0.7246376811594203,0.5454545454545454,0.17918313570487487,12,19.35483870967742,50,50,-0.36580937107829076,-224.9244899324975
COMBINED,LONG,volume_state,SUDDEN_SPIKE_ONLY,WINNER,1,62,58,1,0.7246376811594203,0.5714285714285714,0.1532091097308489,12,19.35483870967742,50,50,-0.36580937107829076,-224.9244899324975
COMBINED,LONG,volume_state,SUDDEN_SPIKE_ONLY,WINNER,3,62,58,1,0.7246376811594203,0.631578947368421,0.09305873379099927,12,19.35483870967742,50,50,-0.36580937107829076,-224.9244899324975
COMBINED,LONG,volume_state,SUDDEN_SPIKE_ONLY,WINNER,5,61,57,1,0.7246376811594203,0.6470588235294118,0.07757885763000849,11,18.0327868852459,50,50,-0.4480019989654115,-271.720440160556
COMBINED,LONG,volume_state,SUDDEN_SPIKE_ONLY,LOSER,1,62,58,1,0.7352941176470589,0.5454545454545454,0.18983957219251346,12,19.35483870967742,50,50,-0.36580937107829076,-224.9244899324975
COMBINED,LONG,volume_state,SUDDEN_SPIKE_ONLY,LOSER,3,60,56,1,0.7272727272727273,0.5454545454545454,0.18181818181818188,12,20.0,48,48,-0.33702228542160045,-200.32618286437233
COMBINED,LONG,volume_state,SUDDEN_SPIKE_ONLY,LOSER,5,59,55,1,0.734375,0.5454545454545454,0.18892045454545459,12,20.33898305084746,47,47,-0.32217503992116886,-188.39611116256205
COMBINED,LONG,quality,CLEAN_EXPANSION,NONE,0,46,42,1,0.4492753623188406,0.6818181818181818,-0.2325428194993412,15,32.608695652173914,31,29,0.4217873973287375,182.59913039460992
COMBINED,LONG,quality,CLEAN_EXPANSION,WINNER,1,45,41,1,0.4492753623188406,0.6666666666666666,-0.21739130434782605,14,31.11111111111111,31,29,0.32716386423816607,134.435209390894
COMBINED,LONG,quality,CLEAN_EXPANSION,WINNER,3,44,40,1,0.4492753623188406,0.6842105263157895,-0.23493516399694891,13,29.545454545454547,31,29,0.2293056187908304,86.94864140311459
COMBINED,LONG,quality,CLEAN_EXPANSION,WINNER,5,43,39,1,0.4492753623188406,0.7058823529411765,-0.25660699062233594,12,27.906976744186046,31,29,0.12654665806419682,40.152691175056034
COMBINED,LONG,quality,CLEAN_EXPANSION,LOSER,1,45,42,1,0.4411764705882353,0.6818181818181818,-0.2406417112299465,15,33.33333333333333,30,28,0.45779825434778854,195.04147069953166
COMBINED,LONG,quality,CLEAN_EXPANSION,LOSER,3,44,41,1,0.4393939393939394,0.6818181818181818,-0.24242424242424238,15,34.090909090909086,29,27,0.4966576020256533,207.2912373271489
COMBINED,LONG,quality,CLEAN_EXPANSION,LOSER,5,43,40,1,0.4375,0.6818181818181818,-0.24431818181818177,15,34.883720930232556,28,26,0.5364173083506004,219.22130902895924
COMBINED,LONG,quality,WEAK_BREAK,NONE,0,45,42,1,0.5507246376811594,0.3181818181818182,0.23254281949934125,7,15.555555555555555,38,38,-0.4917164926377772,-217.02869819851847
COMBINED,LONG,quality,WEAK_BREAK,WINNER,1,45,42,1,0.5507246376811594,0.3333333333333333,0.2173913043478261,7,15.555555555555555,38,38,-0.4917164926377772,-217.02869819851847
COMBINED,LONG,quality,WEAK_BREAK,WINNER,3,44,41,1,0.5507246376811594,0.3157894736842105,0.23493516399694891,6,13.636363636363635,38,38,-0.6082292434039213,-264.56101383652555
COMBINED,LONG,quality,WEAK_BREAK,WINNER,5,43,40,1,0.5507246376811594,0.29411764705882354,0.2566069906223359,5,11.627906976744185,38,38,-0.730208202003611,-310.9225422127523
COMBINED,LONG,quality,WEAK_BREAK,LOSER,1,45,42,1,0.5588235294117647,0.3181818181818182,0.24064171122994654,7,15.555555555555555,38,38,-0.4917164926377772,-217.02869819851847
COMBINED,LONG,quality,WEAK_BREAK,LOSER,3,44,41,1,0.5606060606060606,0.3181818181818182,0.24242424242424238,7,15.909090909090908,37,37,-0.4754638938777328,-204.68015775801055
COMBINED,LONG,quality,WEAK_BREAK,LOSER,5,43,40,1,0.5625,0.3181818181818182,0.24431818181818182,7,16.27906976744186,36,36,-0.4591148145031316,-192.4858938754543
COMBINED,LONG,transition,HEALTHY_TRANSITION,NONE,0,1,1,1,0.0,0.045454545454545456,-0.045454545454545456,1,100.0,0,0,4.632926663920932,47.486567987779374
COMBINED,LONG,transition,HEALTHY_TRANSITION,WINNER,1,1,1,1,0.0,0.047619047619047616,-0.047619047619047616,1,100.0,0,0,4.632926663920932,47.486567987779374
COMBINED,LONG,transition,HEALTHY_TRANSITION,WINNER,3,0,0,0,0.0,0.0,0.0,0,,0,0,,0.0
COMBINED,LONG,transition,HEALTHY_TRANSITION,WINNER,5,0,0,0,0.0,0.0,0.0,0,,0,0,,0.0
COMBINED,LONG,transition,HEALTHY_TRANSITION,LOSER,1,1,1,1,0.0,0.045454545454545456,-0.045454545454545456,1,100.0,0,0,4.632926663920932,47.486567987779374
COMBINED,LONG,transition,HEALTHY_TRANSITION,LOSER,3,1,1,1,0.0,0.045454545454545456,-0.045454545454545456,1,100.0,0,0,4.632926663920932,47.486567987779374
COMBINED,LONG,transition,HEALTHY_TRANSITION,LOSER,5,1,1,1,0.0,0.045454545454545456,-0.045454545454545456,1,100.0,0,0,4.632926663920932,47.486567987779374
COMBINED,LONG,transition,NO_BASE_BREAKOUT,NONE,0,2,2,1,0.028985507246376812,0.0,0.028985507246376812,0,0.0,2,2,-1.1340800771279995,-23.686375245941658
COMBINED,LONG,transition,NO_BASE_BREAKOUT,WINNER,1,2,2,1,0.028985507246376812,0.0,0.028985507246376812,0,0.0,2,2,-1.1340800771279995,-23.686375245941658
COMBINED,LONG,transition,NO_BASE_BREAKOUT,WINNER,3,2,2,1,0.028985507246376812,0.0,0.028985507246376812,0,0.0,2,2,-1.1340800771279995,-23.686375245941658
COMBINED,LONG,transition,NO_BASE_BREAKOUT,WINNER,5,2,2,1,0.028985507246376812,0.0,0.028985507246376812,0,0.0,2,2,-1.1340800771279995,-23.686375245941658
COMBINED,LONG,transition,NO_BASE_BREAKOUT,LOSER,1,2,2,1,0.029411764705882353,0.0,0.029411764705882353,0,0.0,2,2,-1.1340800771279995,-23.686375245941658
COMBINED,LONG,transition,NO_BASE_BREAKOUT,LOSER,3,2,2,1,0.030303030303030304,0.0,0.030303030303030304,0,0.0,2,2,-1.1340800771279995,-23.686375245941658
COMBINED,LONG,transition,NO_BASE_BREAKOUT,LOSER,5,2,2,1,0.03125,0.0,0.03125,0,0.0,2,2,-1.1340800771279995,-23.686375245941658
COMBINED,LONG,transition,SPIKE_BREAKOUT,NONE,0,79,69,1,0.8985507246376812,0.7727272727272727,0.12582345191040845,17,21.518987341772153,62,61,-0.20461475759541317,-167.96614409812102
COMBINED,LONG,transition,SPIKE_BREAKOUT,WINNER,1,78,68,1,0.8985507246376812,0.7619047619047619,0.1366459627329193,16,20.51282051282051,62,61,-0.26723605431336017,-216.13006510183695
COMBINED,LONG,transition,SPIKE_BREAKOUT,WINNER,3,78,68,1,0.8985507246376812,0.8421052631578947,0.05644546147978646,16,20.51282051282051,62,61,-0.26723605431336017,-216.13006510183695
COMBINED,LONG,transition,SPIKE_BREAKOUT,WINNER,5,77,67,1,0.8985507246376812,0.8823529411764706,0.01619778346121059,15,19.480519480519483,62,61,-0.3310695216425736,-262.92601532989545
COMBINED,LONG,transition,SPIKE_BREAKOUT,LOSER,1,78,69,1,0.8970588235294118,0.7727272727272727,0.12433155080213909,17,21.794871794871796,61,60,-0.19187006001934717,-155.52380379319928
COMBINED,LONG,transition,SPIKE_BREAKOUT,LOSER,3,76,67,1,0.8939393939393939,0.7727272727272727,0.12121212121212122,17,22.36842105263158,59,58,-0.16456606315725103,-130.92549672507403
COMBINED,LONG,transition,SPIKE_BREAKOUT,LOSER,5,74,66,1,0.890625,0.7727272727272727,0.11789772727272729,17,22.972972972972975,57,56,-0.1366964422029518,-106.80116114070744
COMBINED,LONG,transition,WEAK_TRANSITION,NONE,0,9,8,1,0.07246376811594203,0.18181818181818182,-0.10935441370223979,4,44.44444444444444,5,4,1.2305308276438511,109.73638355237472
COMBINED,LONG,transition,WEAK_TRANSITION,WINNER,1,9,8,1,0.07246376811594203,0.19047619047619047,-0.11801242236024843,4,44.44444444444444,5,4,1.2305308276438511,109.73638355237472
COMBINED,LONG,transition,WEAK_TRANSITION,WINNER,3,8,7,1,0.07246376811594203,0.15789473684210525,-0.08543096872616322,3,37.5,5,4,0.8049916134652624,62.20406791436767
COMBINED,LONG,transition,WEAK_TRANSITION,WINNER,5,7,6,1,0.07246376811594203,0.11764705882352941,-0.04518329070758738,2,28.57142857142857,5,4,0.25758099019133807,15.84253953814089
COMBINED,LONG,transition,WEAK_TRANSITION,LOSER,1,9,8,1,0.07352941176470588,0.18181818181818182,-0.10828877005347594,4,44.44444444444444,5,4,1.2305308276438511,109.73638355237472
COMBINED,LONG,transition,WEAK_TRANSITION,LOSER,3,9,8,1,0.07575757575757576,0.18181818181818182,-0.10606060606060606,4,44.44444444444444,5,4,1.2305308276438511,109.73638355237472
COMBINED,LONG,transition,WEAK_TRANSITION,LOSER,5,9,8,1,0.078125,0.18181818181818182,-0.10369318181818182,4,44.44444444444444,5,4,1.2305308276438511,109.73638355237472
COMBINED,LONG,entry_mode,均線假跌破站回,NONE,0,13,11,1,0.15942028985507245,0.09090909090909091,0.06851119894598154,2,15.384615384615385,11,10,-0.38790599077937454,-50.512257086451854
COMBINED,LONG,entry_mode,均線假跌破站回,WINNER,1,13,11,1,0.15942028985507245,0.09523809523809523,0.06418219461697722,2,15.384615384615385,11,10,-0.38790599077937454,-50.512257086451854
COMBINED,LONG,entry_mode,均線假跌破站回,WINNER,3,13,11,1,0.15942028985507245,0.10526315789473684,0.054157131960335614,2,15.384615384615385,11,10,-0.38790599077937454,-50.512257086451854
COMBINED,LONG,entry_mode,均線假跌破站回,WINNER,5,13,11,1,0.15942028985507245,0.11764705882352941,0.04177323103154304,2,15.384615384615385,11,10,-0.38790599077937454,-50.512257086451854
COMBINED,LONG,entry_mode,均線假跌破站回,LOSER,1,13,11,1,0.16176470588235295,0.09090909090909091,0.07085561497326204,2,15.384615384615385,11,10,-0.38790599077937454,-50.512257086451854
COMBINED,LONG,entry_mode,均線假跌破站回,LOSER,3,13,11,1,0.16666666666666666,0.09090909090909091,0.07575757575757575,2,15.384615384615385,11,10,-0.38790599077937454,-50.512257086451854
COMBINED,LONG,entry_mode,均線假跌破站回,LOSER,5,12,10,1,0.15625,0.09090909090909091,0.06534090909090909,2,16.666666666666664,10,9,-0.31914734251540017,-38.58218538464155
COMBINED,LONG,entry_mode,均線假跌破站回_延後一根確認,NONE,0,1,1,1,0.0,0.045454545454545456,-0.045454545454545456,1,100.0,0,0,1.9332517055479257,19.54348120700716
COMBINED,LONG,entry_mode,均線假跌破站回_延後一根確認,WINNER,1,1,1,1,0.0,0.047619047619047616,-0.047619047619047616,1,100.0,0,0,1.9332517055479257,19.54348120700716
COMBINED,LONG,entry_mode,均線假跌破站回_延後一根確認,WINNER,3,1,1,1,0.0,0.05263157894736842,-0.05263157894736842,1,100.0,0,0,1.9332517055479257,19.54348120700716
COMBINED,LONG,entry_mode,均線假跌破站回_延後一根確認,WINNER,5,1,1,1,0.0,0.058823529411764705,-0.058823529411764705,1,100.0,0,0,1.9332517055479257,19.54348120700716
COMBINED,LONG,entry_mode,均線假跌破站回_延後一根確認,LOSER,1,1,1,1,0.0,0.045454545454545456,-0.045454545454545456,1,100.0,0,0,1.9332517055479257,19.54348120700716
COMBINED,LONG,entry_mode,均線假跌破站回_延後一根確認,LOSER,3,1,1,1,0.0,0.045454545454545456,-0.045454545454545456,1,100.0,0,0,1.9332517055479257,19.54348120700716
COMBINED,LONG,entry_mode,均線假跌破站回_延後一根確認,LOSER,5,1,1,1,0.0,0.045454545454545456,-0.045454545454545456,1,100.0,0,0,1.9332517055479257,19.54348120700716
COMBINED,LONG,entry_mode,壓縮早突破,NONE,0,77,68,1,0.8405797101449275,0.8636363636363636,-0.023056653491436152,19,24.675324675324674,58,57,0.0049935621169597075,-3.4607919244638894
COMBINED,LONG,entry_mode,壓縮早突破,WINNER,1,76,67,1,0.8405797101449275,0.8571428571428571,-0.0165631469979296,18,23.684210526315788,58,57,-0.056517659255244136,-51.624712928179804
COMBINED,LONG,entry_mode,壓縮早突破,WINNER,3,74,66,1,0.8405797101449275,0.8421052631578947,-0.0015255530129671957,16,21.62162162162162,58,57,-0.1832853149782709,-146.64359655396623
COMBINED,LONG,entry_mode,壓縮早突破,WINNER,5,72,64,1,0.8405797101449275,0.8235294117647058,0.01705029838022165,14,19.444444444444446,58,57,-0.3173322252057063,-239.80107515825154
COMBINED,LONG,entry_mode,壓縮早突破,LOSER,1,76,68,1,0.8382352941176471,0.8636363636363636,-0.025401069518716568,19,25.0,57,56,0.020831650678085,8.981548380457896
COMBINED,LONG,entry_mode,壓縮早突破,LOSER,3,74,66,1,0.8333333333333334,0.8636363636363636,-0.030303030303030276,19,25.675675675675674,55,54,0.05462228828503322,33.57985544858309
COMBINED,LONG,entry_mode,壓縮早突破,LOSER,5,73,65,1,0.84375,0.8636363636363636,-0.019886363636363646,19,26.027397260273972,54,53,0.07151402246682242,45.77411933113937
COMBINED,ALL,compression,EXPANDING_ALREADY,NONE,0,24,22,1,0.2608695652173913,0.2727272727272727,-0.01185770750988141,6,25.0,18,18,-0.06817490300957402,-15.686272182252871
COMBINED,ALL,compression,EXPANDING_ALREADY,WINNER,1,23,21,1,0.2608695652173913,0.23809523809523808,0.022774327122153215,5,21.73913043478261,18,18,-0.27461061124496655,-63.850193185968834
COMBINED,ALL,compression,EXPANDING_ALREADY,WINNER,3,23,21,1,0.2608695652173913,0.2631578947368421,-0.0022883295194507935,5,21.73913043478261,18,18,-0.27461061124496655,-63.850193185968834
COMBINED,ALL,compression,EXPANDING_ALREADY,WINNER,5,22,20,1,0.2608695652173913,0.23529411764705882,0.025575447570332477,4,18.181818181818183,18,18,-0.4983629540304683,-110.64614341402739
COMBINED,ALL,compression,EXPANDING_ALREADY,LOSER,1,23,22,1,0.25,0.2727272727272727,-0.022727272727272707,6,26.08695652173913,17,17,-0.019021587117444134,-3.243931877331095
COMBINED,ALL,compression,EXPANDING_ALREADY,LOSER,3,23,22,1,0.25757575757575757,0.2727272727272727,-0.015151515151515138,6,26.08695652173913,17,17,-0.019021587117444134,-3.243931877331095
COMBINED,ALL,compression,EXPANDING_ALREADY,LOSER,5,22,21,1,0.25,0.2727272727272727,-0.022727272727272707,6,27.27272727272727,16,16,0.03368080924019847,8.950332005225183
COMBINED,ALL,compression,MILD_COMPRESSION,NONE,0,65,59,1,0.7101449275362319,0.7272727272727273,-0.017127799736495364,16,24.615384615384617,49,47,0.018706967901731947,4.208289621458363
COMBINED,ALL,compression,MILD_COMPRESSION,WINNER,1,65,59,1,0.7101449275362319,0.7619047619047619,-0.05175983436852993,16,24.615384615384617,49,47,0.018706967901731947,4.208289621458363
COMBINED,ALL,compression,MILD_COMPRESSION,WINNER,3,63,58,1,0.7101449275362319,0.7368421052631579,-0.026697177726925925,14,22.22222222222222,49,47,-0.12780663954572888,-90.8105940043281
COMBINED,ALL,compression,MILD_COMPRESSION,WINNER,5,62,57,1,0.7101449275362319,0.7647058823529411,-0.054560954816709195,13,20.967741935483872,49,47,-0.20465619786715564,-137.17212238055484
COMBINED,ALL,compression,MILD_COMPRESSION,LOSER,1,65,59,1,0.7205882352941176,0.7272727272727273,-0.006684491978609652,16,24.615384615384617,49,47,0.018706967901731947,4.208289621458363
COMBINED,ALL,compression,MILD_COMPRESSION,LOSER,3,63,57,1,0.7121212121212122,0.7272727272727273,-0.015151515151515138,16,25.396825396825395,47,45,0.05833010785985033,28.80659668958351
COMBINED,ALL,compression,MILD_COMPRESSION,LOSER,5,62,56,1,0.71875,0.7272727272727273,-0.008522727272727293,16,25.806451612903224,46,44,0.07883558975996192,40.73666839139385
COMBINED,ALL,compression,NO_COMPRESSION,NONE,0,2,2,1,0.028985507246376812,0.0,0.028985507246376812,0,0.0,2,2,-1.152388566480422,-22.951585243114025
COMBINED,ALL,compression,NO_COMPRESSION,WINNER,1,2,2,1,0.028985507246376812,0.0,0.028985507246376812,0,0.0,2,2,-1.152388566480422,-22.951585243114025
COMBINED,ALL,compression,NO_COMPRESSION,WINNER,3,2,2,1,0.028985507246376812,0.0,0.028985507246376812,0,0.0,2,2,-1.152388566480422,-22.951585243114025
COMBINED,ALL,compression,NO_COMPRESSION,WINNER,5,2,2,1,0.028985507246376812,0.0,0.028985507246376812,0,0.0,2,2,-1.152388566480422,-22.951585243114025
COMBINED,ALL,compression,NO_COMPRESSION,LOSER,1,2,2,1,0.029411764705882353,0.0,0.029411764705882353,0,0.0,2,2,-1.152388566480422,-22.951585243114025
COMBINED,ALL,compression,NO_COMPRESSION,LOSER,3,2,2,1,0.030303030303030304,0.0,0.030303030303030304,0,0.0,2,2,-1.152388566480422,-22.951585243114025
COMBINED,ALL,compression,NO_COMPRESSION,LOSER,5,2,2,1,0.03125,0.0,0.03125,0,0.0,2,2,-1.152388566480422,-22.951585243114025
COMBINED,ALL,volume_state,EXHAUSTED_HIGH_VOLUME,NONE,0,3,3,1,0.043478260869565216,0.0,0.043478260869565216,0,0.0,3,3,-1.1077348343026776,-34.029028586297855
COMBINED,ALL,volume_state,EXHAUSTED_HIGH_VOLUME,WINNER,1,3,3,1,0.043478260869565216,0.0,0.043478260869565216,0,0.0,3,3,-1.1077348343026776,-34.029028586297855
COMBINED,ALL,volume_state,EXHAUSTED_HIGH_VOLUME,WINNER,3,3,3,1,0.043478260869565216,0.0,0.043478260869565216,0,0.0,3,3,-1.1077348343026776,-34.029028586297855
COMBINED,ALL,volume_state,EXHAUSTED_HIGH_VOLUME,WINNER,5,3,3,1,0.043478260869565216,0.0,0.043478260869565216,0,0.0,3,3,-1.1077348343026776,-34.029028586297855
COMBINED,ALL,volume_state,EXHAUSTED_HIGH_VOLUME,LOSER,1,2,2,1,0.029411764705882353,0.0,0.029411764705882353,0,0.0,2,2,-1.0622516671897357,-21.586688281376077
COMBINED,ALL,volume_state,EXHAUSTED_HIGH_VOLUME,LOSER,3,2,2,1,0.030303030303030304,0.0,0.030303030303030304,0,0.0,2,2,-1.0622516671897357,-21.586688281376077
COMBINED,ALL,volume_state,EXHAUSTED_HIGH_VOLUME,LOSER,5,2,2,1,0.03125,0.0,0.03125,0,0.0,2,2,-1.0622516671897357,-21.586688281376077
COMBINED,ALL,volume_state,FLAT,NONE,0,25,23,1,0.2318840579710145,0.4090909090909091,-0.17720685111989462,9,36.0,16,14,0.745817478170523,177.03738272710746
COMBINED,ALL,volume_state,FLAT,WINNER,1,24,22,1,0.2318840579710145,0.38095238095238093,-0.14906832298136644,8,33.33333333333333,16,14,0.5818996069941095,128.8734617233915
COMBINED,ALL,volume_state,FLAT,WINNER,3,23,21,1,0.2318840579710145,0.3684210526315789,-0.13653699466056443,7,30.434782608695656,16,14,0.4056846098602637,81.34114608538445
COMBINED,ALL,volume_state,FLAT,WINNER,5,22,20,1,0.2318840579710145,0.35294117647058826,-0.12105711849957376,6,27.27272727272727,16,14,0.2133581841092423,34.97961770915768
COMBINED,ALL,volume_state,FLAT,LOSER,1,25,23,1,0.23529411764705882,0.4090909090909091,-0.1737967914438503,9,36.0,16,14,0.745817478170523,177.03738272710746
COMBINED,ALL,volume_state,FLAT,LOSER,3,25,23,1,0.24242424242424243,0.4090909090909091,-0.16666666666666669,9,36.0,16,14,0.745817478170523,177.03738272710746
COMBINED,ALL,volume_state,FLAT,LOSER,5,24,22,1,0.234375,0.4090909090909091,-0.17471590909090912,9,37.5,15,13,0.8259963025520277,189.23164660966373
COMBINED,ALL,volume_state,HEALTHY_BUILD,NONE,0,1,1,1,0.0,0.045454545454545456,-0.045454545454545456,1,100.0,0,0,4.632926663920932,47.486567987779374
COMBINED,ALL,volume_state,HEALTHY_BUILD,WINNER,1,1,1,1,0.0,0.047619047619047616,-0.047619047619047616,1,100.0,0,0,4.632926663920932,47.486567987779374
COMBINED,ALL,volume_state,HEALTHY_BUILD,WINNER,3,0,0,0,0.0,0.0,0.0,0,,0,0,,0.0
COMBINED,ALL,volume_state,HEALTHY_BUILD,WINNER,5,0,0,0,0.0,0.0,0.0,0,,0,0,,0.0
COMBINED,ALL,volume_state,HEALTHY_BUILD,LOSER,1,1,1,1,0.0,0.045454545454545456,-0.045454545454545456,1,100.0,0,0,4.632926663920932,47.486567987779374
COMBINED,ALL,volume_state,HEALTHY_BUILD,LOSER,3,1,1,1,0.0,0.045454545454545456,-0.045454545454545456,1,100.0,0,0,4.632926663920932,47.486567987779374
COMBINED,ALL,volume_state,HEALTHY_BUILD,LOSER,5,1,1,1,0.0,0.045454545454545456,-0.045454545454545456,1,100.0,0,0,4.632926663920932,47.486567987779374
COMBINED,ALL,volume_state,SUDDEN_SPIKE_ONLY,NONE,0,62,58,1,0.7246376811594203,0.5454545454545454,0.17918313570487487,12,19.35483870967742,50,50,-0.36580937107829076,-224.9244899324975
COMBINED,ALL,volume_state,SUDDEN_SPIKE_ONLY,WINNER,1,62,58,1,0.7246376811594203,0.5714285714285714,0.1532091097308489,12,19.35483870967742,50,50,-0.36580937107829076,-224.9244899324975
COMBINED,ALL,volume_state,SUDDEN_SPIKE_ONLY,WINNER,3,62,58,1,0.7246376811594203,0.631578947368421,0.09305873379099927,12,19.35483870967742,50,50,-0.36580937107829076,-224.9244899324975
COMBINED,ALL,volume_state,SUDDEN_SPIKE_ONLY,WINNER,5,61,57,1,0.7246376811594203,0.6470588235294118,0.07757885763000849,11,18.0327868852459,50,50,-0.4480019989654115,-271.720440160556
COMBINED,ALL,volume_state,SUDDEN_SPIKE_ONLY,LOSER,1,62,58,1,0.7352941176470589,0.5454545454545454,0.18983957219251346,12,19.35483870967742,50,50,-0.36580937107829076,-224.9244899324975
COMBINED,ALL,volume_state,SUDDEN_SPIKE_ONLY,LOSER,3,60,56,1,0.7272727272727273,0.5454545454545454,0.18181818181818188,12,20.0,48,48,-0.33702228542160045,-200.32618286437233
COMBINED,ALL,volume_state,SUDDEN_SPIKE_ONLY,LOSER,5,59,55,1,0.734375,0.5454545454545454,0.18892045454545459,12,20.33898305084746,47,47,-0.32217503992116886,-188.39611116256205
COMBINED,ALL,quality,CLEAN_EXPANSION,NONE,0,46,42,1,0.4492753623188406,0.6818181818181818,-0.2325428194993412,15,32.608695652173914,31,29,0.4217873973287375,182.59913039460992
COMBINED,ALL,quality,CLEAN_EXPANSION,WINNER,1,45,41,1,0.4492753623188406,0.6666666666666666,-0.21739130434782605,14,31.11111111111111,31,29,0.32716386423816607,134.435209390894
COMBINED,ALL,quality,CLEAN_EXPANSION,WINNER,3,44,40,1,0.4492753623188406,0.6842105263157895,-0.23493516399694891,13,29.545454545454547,31,29,0.2293056187908304,86.94864140311459
COMBINED,ALL,quality,CLEAN_EXPANSION,WINNER,5,43,39,1,0.4492753623188406,0.7058823529411765,-0.25660699062233594,12,27.906976744186046,31,29,0.12654665806419682,40.152691175056034
COMBINED,ALL,quality,CLEAN_EXPANSION,LOSER,1,45,42,1,0.4411764705882353,0.6818181818181818,-0.2406417112299465,15,33.33333333333333,30,28,0.45779825434778854,195.04147069953166
COMBINED,ALL,quality,CLEAN_EXPANSION,LOSER,3,44,41,1,0.4393939393939394,0.6818181818181818,-0.24242424242424238,15,34.090909090909086,29,27,0.4966576020256533,207.2912373271489
COMBINED,ALL,quality,CLEAN_EXPANSION,LOSER,5,43,40,1,0.4375,0.6818181818181818,-0.24431818181818177,15,34.883720930232556,28,26,0.5364173083506004,219.22130902895924
COMBINED,ALL,quality,WEAK_BREAK,NONE,0,45,42,1,0.5507246376811594,0.3181818181818182,0.23254281949934125,7,15.555555555555555,38,38,-0.4917164926377772,-217.02869819851847
COMBINED,ALL,quality,WEAK_BREAK,WINNER,1,45,42,1,0.5507246376811594,0.3333333333333333,0.2173913043478261,7,15.555555555555555,38,38,-0.4917164926377772,-217.02869819851847
COMBINED,ALL,quality,WEAK_BREAK,WINNER,3,44,41,1,0.5507246376811594,0.3157894736842105,0.23493516399694891,6,13.636363636363635,38,38,-0.6082292434039213,-264.56101383652555
COMBINED,ALL,quality,WEAK_BREAK,WINNER,5,43,40,1,0.5507246376811594,0.29411764705882354,0.2566069906223359,5,11.627906976744185,38,38,-0.730208202003611,-310.9225422127523
COMBINED,ALL,quality,WEAK_BREAK,LOSER,1,45,42,1,0.5588235294117647,0.3181818181818182,0.24064171122994654,7,15.555555555555555,38,38,-0.4917164926377772,-217.02869819851847
COMBINED,ALL,quality,WEAK_BREAK,LOSER,3,44,41,1,0.5606060606060606,0.3181818181818182,0.24242424242424238,7,15.909090909090908,37,37,-0.4754638938777328,-204.68015775801055
COMBINED,ALL,quality,WEAK_BREAK,LOSER,5,43,40,1,0.5625,0.3181818181818182,0.24431818181818182,7,16.27906976744186,36,36,-0.4591148145031316,-192.4858938754543
COMBINED,ALL,transition,HEALTHY_TRANSITION,NONE,0,1,1,1,0.0,0.045454545454545456,-0.045454545454545456,1,100.0,0,0,4.632926663920932,47.486567987779374
COMBINED,ALL,transition,HEALTHY_TRANSITION,WINNER,1,1,1,1,0.0,0.047619047619047616,-0.047619047619047616,1,100.0,0,0,4.632926663920932,47.486567987779374
COMBINED,ALL,transition,HEALTHY_TRANSITION,WINNER,3,0,0,0,0.0,0.0,0.0,0,,0,0,,0.0
COMBINED,ALL,transition,HEALTHY_TRANSITION,WINNER,5,0,0,0,0.0,0.0,0.0,0,,0,0,,0.0
COMBINED,ALL,transition,HEALTHY_TRANSITION,LOSER,1,1,1,1,0.0,0.045454545454545456,-0.045454545454545456,1,100.0,0,0,4.632926663920932,47.486567987779374
COMBINED,ALL,transition,HEALTHY_TRANSITION,LOSER,3,1,1,1,0.0,0.045454545454545456,-0.045454545454545456,1,100.0,0,0,4.632926663920932,47.486567987779374
COMBINED,ALL,transition,HEALTHY_TRANSITION,LOSER,5,1,1,1,0.0,0.045454545454545456,-0.045454545454545456,1,100.0,0,0,4.632926663920932,47.486567987779374
COMBINED,ALL,transition,NO_BASE_BREAKOUT,NONE,0,2,2,1,0.028985507246376812,0.0,0.028985507246376812,0,0.0,2,2,-1.1340800771279995,-23.686375245941658
COMBINED,ALL,transition,NO_BASE_BREAKOUT,WINNER,1,2,2,1,0.028985507246376812,0.0,0.028985507246376812,0,0.0,2,2,-1.1340800771279995,-23.686375245941658
COMBINED,ALL,transition,NO_BASE_BREAKOUT,WINNER,3,2,2,1,0.028985507246376812,0.0,0.028985507246376812,0,0.0,2,2,-1.1340800771279995,-23.686375245941658
COMBINED,ALL,transition,NO_BASE_BREAKOUT,WINNER,5,2,2,1,0.028985507246376812,0.0,0.028985507246376812,0,0.0,2,2,-1.1340800771279995,-23.686375245941658
COMBINED,ALL,transition,NO_BASE_BREAKOUT,LOSER,1,2,2,1,0.029411764705882353,0.0,0.029411764705882353,0,0.0,2,2,-1.1340800771279995,-23.686375245941658
COMBINED,ALL,transition,NO_BASE_BREAKOUT,LOSER,3,2,2,1,0.030303030303030304,0.0,0.030303030303030304,0,0.0,2,2,-1.1340800771279995,-23.686375245941658
COMBINED,ALL,transition,NO_BASE_BREAKOUT,LOSER,5,2,2,1,0.03125,0.0,0.03125,0,0.0,2,2,-1.1340800771279995,-23.686375245941658
COMBINED,ALL,transition,SPIKE_BREAKOUT,NONE,0,79,69,1,0.8985507246376812,0.7727272727272727,0.12582345191040845,17,21.518987341772153,62,61,-0.20461475759541317,-167.96614409812102
COMBINED,ALL,transition,SPIKE_BREAKOUT,WINNER,1,78,68,1,0.8985507246376812,0.7619047619047619,0.1366459627329193,16,20.51282051282051,62,61,-0.26723605431336017,-216.13006510183695
COMBINED,ALL,transition,SPIKE_BREAKOUT,WINNER,3,78,68,1,0.8985507246376812,0.8421052631578947,0.05644546147978646,16,20.51282051282051,62,61,-0.26723605431336017,-216.13006510183695
COMBINED,ALL,transition,SPIKE_BREAKOUT,WINNER,5,77,67,1,0.8985507246376812,0.8823529411764706,0.01619778346121059,15,19.480519480519483,62,61,-0.3310695216425736,-262.92601532989545
COMBINED,ALL,transition,SPIKE_BREAKOUT,LOSER,1,78,69,1,0.8970588235294118,0.7727272727272727,0.12433155080213909,17,21.794871794871796,61,60,-0.19187006001934717,-155.52380379319928
COMBINED,ALL,transition,SPIKE_BREAKOUT,LOSER,3,76,67,1,0.8939393939393939,0.7727272727272727,0.12121212121212122,17,22.36842105263158,59,58,-0.16456606315725103,-130.92549672507403
COMBINED,ALL,transition,SPIKE_BREAKOUT,LOSER,5,74,66,1,0.890625,0.7727272727272727,0.11789772727272729,17,22.972972972972975,57,56,-0.1366964422029518,-106.80116114070744
COMBINED,ALL,transition,WEAK_TRANSITION,NONE,0,9,8,1,0.07246376811594203,0.18181818181818182,-0.10935441370223979,4,44.44444444444444,5,4,1.2305308276438511,109.73638355237472
COMBINED,ALL,transition,WEAK_TRANSITION,WINNER,1,9,8,1,0.07246376811594203,0.19047619047619047,-0.11801242236024843,4,44.44444444444444,5,4,1.2305308276438511,109.73638355237472
COMBINED,ALL,transition,WEAK_TRANSITION,WINNER,3,8,7,1,0.07246376811594203,0.15789473684210525,-0.08543096872616322,3,37.5,5,4,0.8049916134652624,62.20406791436767
COMBINED,ALL,transition,WEAK_TRANSITION,WINNER,5,7,6,1,0.07246376811594203,0.11764705882352941,-0.04518329070758738,2,28.57142857142857,5,4,0.25758099019133807,15.84253953814089
COMBINED,ALL,transition,WEAK_TRANSITION,LOSER,1,9,8,1,0.07352941176470588,0.18181818181818182,-0.10828877005347594,4,44.44444444444444,5,4,1.2305308276438511,109.73638355237472
COMBINED,ALL,transition,WEAK_TRANSITION,LOSER,3,9,8,1,0.07575757575757576,0.18181818181818182,-0.10606060606060606,4,44.44444444444444,5,4,1.2305308276438511,109.73638355237472
COMBINED,ALL,transition,WEAK_TRANSITION,LOSER,5,9,8,1,0.078125,0.18181818181818182,-0.10369318181818182,4,44.44444444444444,5,4,1.2305308276438511,109.73638355237472
COMBINED,ALL,entry_mode,均線假跌破站回,NONE,0,13,11,1,0.15942028985507245,0.09090909090909091,0.06851119894598154,2,15.384615384615385,11,10,-0.38790599077937454,-50.512257086451854
COMBINED,ALL,entry_mode,均線假跌破站回,WINNER,1,13,11,1,0.15942028985507245,0.09523809523809523,0.06418219461697722,2,15.384615384615385,11,10,-0.38790599077937454,-50.512257086451854
COMBINED,ALL,entry_mode,均線假跌破站回,WINNER,3,13,11,1,0.15942028985507245,0.10526315789473684,0.054157131960335614,2,15.384615384615385,11,10,-0.38790599077937454,-50.512257086451854
COMBINED,ALL,entry_mode,均線假跌破站回,WINNER,5,13,11,1,0.15942028985507245,0.11764705882352941,0.04177323103154304,2,15.384615384615385,11,10,-0.38790599077937454,-50.512257086451854
COMBINED,ALL,entry_mode,均線假跌破站回,LOSER,1,13,11,1,0.16176470588235295,0.09090909090909091,0.07085561497326204,2,15.384615384615385,11,10,-0.38790599077937454,-50.512257086451854
COMBINED,ALL,entry_mode,均線假跌破站回,LOSER,3,13,11,1,0.16666666666666666,0.09090909090909091,0.07575757575757575,2,15.384615384615385,11,10,-0.38790599077937454,-50.512257086451854
COMBINED,ALL,entry_mode,均線假跌破站回,LOSER,5,12,10,1,0.15625,0.09090909090909091,0.06534090909090909,2,16.666666666666664,10,9,-0.31914734251540017,-38.58218538464155
COMBINED,ALL,entry_mode,均線假跌破站回_延後一根確認,NONE,0,1,1,1,0.0,0.045454545454545456,-0.045454545454545456,1,100.0,0,0,1.9332517055479257,19.54348120700716
COMBINED,ALL,entry_mode,均線假跌破站回_延後一根確認,WINNER,1,1,1,1,0.0,0.047619047619047616,-0.047619047619047616,1,100.0,0,0,1.9332517055479257,19.54348120700716
COMBINED,ALL,entry_mode,均線假跌破站回_延後一根確認,WINNER,3,1,1,1,0.0,0.05263157894736842,-0.05263157894736842,1,100.0,0,0,1.9332517055479257,19.54348120700716
COMBINED,ALL,entry_mode,均線假跌破站回_延後一根確認,WINNER,5,1,1,1,0.0,0.058823529411764705,-0.058823529411764705,1,100.0,0,0,1.9332517055479257,19.54348120700716
COMBINED,ALL,entry_mode,均線假跌破站回_延後一根確認,LOSER,1,1,1,1,0.0,0.045454545454545456,-0.045454545454545456,1,100.0,0,0,1.9332517055479257,19.54348120700716
COMBINED,ALL,entry_mode,均線假跌破站回_延後一根確認,LOSER,3,1,1,1,0.0,0.045454545454545456,-0.045454545454545456,1,100.0,0,0,1.9332517055479257,19.54348120700716
COMBINED,ALL,entry_mode,均線假跌破站回_延後一根確認,LOSER,5,1,1,1,0.0,0.045454545454545456,-0.045454545454545456,1,100.0,0,0,1.9332517055479257,19.54348120700716
COMBINED,ALL,entry_mode,壓縮早突破,NONE,0,77,68,1,0.8405797101449275,0.8636363636363636,-0.023056653491436152,19,24.675324675324674,58,57,0.0049935621169597075,-3.4607919244638894
COMBINED,ALL,entry_mode,壓縮早突破,WINNER,1,76,67,1,0.8405797101449275,0.8571428571428571,-0.0165631469979296,18,23.684210526315788,58,57,-0.056517659255244136,-51.624712928179804
COMBINED,ALL,entry_mode,壓縮早突破,WINNER,3,74,66,1,0.8405797101449275,0.8421052631578947,-0.0015255530129671957,16,21.62162162162162,58,57,-0.1832853149782709,-146.64359655396623
COMBINED,ALL,entry_mode,壓縮早突破,WINNER,5,72,64,1,0.8405797101449275,0.8235294117647058,0.01705029838022165,14,19.444444444444446,58,57,-0.3173322252057063,-239.80107515825154
COMBINED,ALL,entry_mode,壓縮早突破,LOSER,1,76,68,1,0.8382352941176471,0.8636363636363636,-0.025401069518716568,19,25.0,57,56,0.020831650678085,8.981548380457896
COMBINED,ALL,entry_mode,壓縮早突破,LOSER,3,74,66,1,0.8333333333333334,0.8636363636363636,-0.030303030303030276,19,25.675675675675674,55,54,0.05462228828503322,33.57985544858309
COMBINED,ALL,entry_mode,壓縮早突破,LOSER,5,73,65,1,0.84375,0.8636363636363636,-0.019886363636363646,19,26.027397260273972,54,53,0.07151402246682242,45.77411933113937
