entry_time,signal_time,entry_mode,exchange,symbol,year,direction,source_candidate_id,selected,quality_status,signal_known_at,contraction_8,realized_range_8,volatility_width_8,contraction_16,realized_range_16,volatility_width_16,atr5_atr20,compression,volume_build_3v20,volume_build_6v20,volume_build_6v30,rising_volume_count,high_volume_count,volume_state,signed_body_ratio,body_ratio,signed_clv,upper_wick_ratio,lower_wick_ratio,adverse_wick_ratio,breakout_range_atr,breakout_distance_atr,breakout_close_beyond_structure,breakout_volume_ratio,quality,transition,tp1_hit,net_u,realized_r,full_stop,error
2023-08-11 03:30:00+00:00,2023-08-11 03:15:00+00:00,壓縮早突破,Binance,1000PEPE/USDT:USDT,2023,LONG,be25b32a2014e47de19787be99f0ca94917d2945c440d07ce9a0a9edf78b957b,True,COMPLETE,2023-08-11T03:30:00+00:00,1.1366459627329337,3.0310559006211206,3.15126658299787,0.9689440993788953,3.776397515527947,3.726376796870113,1.5254658385093238,EXPANDING_ALREADY,1.7119972039351972,2.2245761441863348,2.202737969443642,1.0,6.0,EXHAUSTED_HIGH_VOLUME,0.6173469387755156,0.6173469387755156,0.8724489795918422,0.1275510204081578,0.25510204081632665,0.1275510204081578,2.434782608695665,0.795031055900643,6.4000000000001556e-06,2.655398984202694,CLEAN_EXPANSION,SPIKE_BREAKOUT,False,-10.58973299026188,-1.058973299026188,True,
2023-08-11 19:00:00+00:00,2023-08-11 18:45:00+00:00,壓縮早突破,Binance,KNC/USDT:USDT,2023,LONG,7ee7e59daeaa02b8a487192e0696f5ec2bfe947c36967764abdf2e390f05673f,True,COMPLETE,2023-08-11T19:00:00+00:00,0.9014084507042205,2.7605633802817007,1.9113459666126795,0.9577464788732597,3.4929577464789285,3.4849692840158206,0.8563380281690205,MILD_COMPRESSION,0.7417737430802345,0.7038568896096379,0.7600476857525533,1.0,0.0,SUDDEN_SPIKE_ONLY,0.7391304347825982,0.7391304347825982,0.826086956521716,0.17391304347828396,0.08695652173911785,0.17391304347828396,1.2957746478873697,0.9014084507041892,0.0015999999999999348,2.3569998326458688,CLEAN_EXPANSION,SPIKE_BREAKOUT,True,45.51794746246545,4.600512950005343,False,
2023-08-13 00:30:00+00:00,2023-08-13 00:15:00+00:00,壓縮早突破,Binance,ARKM/USDT:USDT,2023,LONG,e20428a2d66cbe11ceb2ca690544b193e402c00c3cff1dbecf04baa8141d4a38,True,COMPLETE,2023-08-13T00:30:00+00:00,1.0174418604651176,1.8023255813953447,1.0935024926630086,1.0174418604651176,2.790697674418621,2.55512342016313,0.9999999999999871,NO_COMPRESSION,0.7267037833447401,0.6773411314541414,0.4042005585495232,3.0,0.0,SUDDEN_SPIKE_ONLY,0.5652173913043279,0.5652173913043279,0.6956521739130319,0.3043478260869681,0.13043478260870406,0.3043478260869681,1.337209302325596,0.1162790697674291,0.00019999999999997797,2.249319654304681,WEAK_BREAK,SPIKE_BREAKOUT,False,-11.707722347848982,-1.147500904538845,True,
2023-08-16 04:15:00+00:00,2023-08-16 04:00:00+00:00,壓縮早突破,Binance,QNT/USDT:USDT,2023,LONG,17c00d9ba8872e5a2f2f630cb32cd67764e760699c958b590091d67c2366eaec,True,COMPLETE,2023-08-16T04:15:00+00:00,0.6876227897839006,1.3752455795677454,0.8145545163704484,0.8644400785854774,2.9862475442043155,2.17815648237316,0.5815324165029376,MILD_COMPRESSION,0.582885729331227,0.5992101105845181,0.2442511156473975,1.0,0.0,SUDDEN_SPIKE_ONLY,0.5925925925925575,0.5925925925925575,0.6666666666666666,0.3333333333333333,0.07407407407410917,0.3333333333333333,1.060903732809461,0.35363457760315364,0.09000000000000341,2.7886913436315943,WEAK_BREAK,SPIKE_BREAKOUT,False,-12.348540440507929,-1.206830838079734,True,
2023-08-22 16:00:00+00:00,,,Binance,GMX/USDT:USDT,2023,SHORT,57ca31f390f53c8108cfb3129c86ae80b4134ab34568bce8903fd44fdfd787eb,True,DATA_MISSING,,,,,,,,,,,,,,,,,,,,,,,,,,,,False,-10.480227995824023,-1.0367512896531277,True,TIMEZONE_REQUIRED
2023-08-28 23:30:00+00:00,2023-08-28 23:15:00+00:00,壓縮早突破,Binance,XVG/USDT:USDT,2023,LONG,3877eb9de5882a145153bc47dd7fa623bc3c426551652acddc9388a3cfb7c2eb,True,COMPLETE,2023-08-28T23:30:00+00:00,0.9043927648578796,2.377260981912151,2.41294419223335,0.9043927648578796,2.377260981912151,2.3294541397390383,0.9405684754521884,MILD_COMPRESSION,0.9110281822587486,0.9370575188155251,0.9297966379519227,3.0,2.0,SUDDEN_SPIKE_ONLY,0.45833333333331905,0.45833333333331905,0.6666666666666606,0.33333333333333937,0.2083333333333416,0.33333333333333937,1.2403100775193898,0.5167958656330772,1.0000000000000026e-05,2.3816717126062814,WEAK_BREAK,SPIKE_BREAKOUT,False,-11.18697090185143,-1.1068638890829083,True,
2023-08-29 22:15:00+00:00,2023-08-29 22:00:00+00:00,壓縮早突破,Binance,APE/USDT:USDT,2023,LONG,36ab0f9fb5c3f95b520de690f91fba7c2c2825c19bebe09dbcf77653e3b962d5,True,COMPLETE,2023-08-29T22:15:00+00:00,0.900000000000002,2.4000000000000052,2.489979919597745,1.0000000000000022,2.4000000000000052,2.1941684073926515,1.02,MILD_COMPRESSION,0.40007327775734136,0.6244438872548939,0.3474368751163265,1.0,1.0,SUDDEN_SPIKE_ONLY,0.39999999999998814,0.39999999999998814,0.7333333333333314,0.26666666666666866,0.3333333333333432,0.26666666666666866,1.4999999999999922,0.49999999999999,0.004999999999999893,2.7609987511056335,WEAK_BREAK,SPIKE_BREAKOUT,False,-10.799081101978237,-1.091693208262677,True,
2023-08-31 09:45:00+00:00,2023-08-31 09:30:00+00:00,壓縮早突破,Binance,DEFI/USDT:USDT,2023,LONG,4516ce2fd5ea047db63b11d0cc3146eff3d110a0b6be8a373c6f16e309880ebe,True,COMPLETE,2023-08-31T09:45:00+00:00,0.9954751131221709,2.5339366515837307,2.1492021876991694,0.9954751131221451,2.5339366515837307,1.8633251214373794,1.067873303167421,MILD_COMPRESSION,0.8718864104906207,1.2704967565444356,1.1244516669837956,0.0,4.0,SUDDEN_SPIKE_ONLY,0.6153846153846322,0.6153846153846322,0.8461538461538529,0.1538461538461471,0.23076923076922068,0.1538461538461471,2.352941176470567,0.09049773755658203,0.10000000000002274,2.6074532174654794,CLEAN_EXPANSION,SPIKE_BREAKOUT,False,-12.249766627617229,-1.252013043478265,True,
2023-09-05 05:15:00+00:00,2023-09-05 05:00:00+00:00,壓縮早突破,Binance,DOGE/USDT:USDT,2023,LONG,66d92527c3dd10ead23a5a34bacdde743f770c9bc547cfe162a1a2983b58b5c4,True,COMPLETE,2023-09-05T05:15:00+00:00,0.7980049875311452,3.0922693266832915,3.0114736345612587,0.9226932668329472,3.591022443890292,3.243597289637271,0.6882793017456369,MILD_COMPRESSION,0.5125889142623756,0.4978550802698389,0.5043715981759952,1.0,0.0,SUDDEN_SPIKE_ONLY,0.6666666666666838,0.6666666666666838,0.7037037037037075,0.2962962962962925,0.03703703703702371,0.2962962962962925,1.3466334164588247,0.5486284289276796,0.00010999999999999899,2.9034096859506904,WEAK_BREAK,SPIKE_BREAKOUT,False,-10.930678430991629,-1.1313576177285334,True,
2023-09-06 18:00:00+00:00,2023-09-06 17:45:00+00:00,壓縮早突破,Binance,ARPA/USDT:USDT,2023,LONG,a7f66211c8fd753a661359d719954c83bdc50033e5d7a2b65e02e4c09187b863,True,COMPLETE,2023-09-06T18:00:00+00:00,0.9022556390977423,2.5814536340852032,1.3752526233903741,0.9523809523809482,3.2330827067669157,2.8639980088935184,0.9172932330827058,MILD_COMPRESSION,0.8530394218595289,0.7271623588624494,0.6540330220551845,1.0,1.0,SUDDEN_SPIKE_ONLY,0.4600000000000017,0.4600000000000017,0.6400000000000011,0.3599999999999989,0.17999999999999944,0.3599999999999989,2.506265664160403,0.8521303258145363,0.00034,2.7548004165460522,WEAK_BREAK,SPIKE_BREAKOUT,False,-10.01166623927916,-1.048094832529312,True,
2023-09-19 01:45:00+00:00,2023-09-19 01:30:00+00:00,壓縮早突破,Binance,TOMO/USDT:USDT,2023,LONG,1a0667aec090a3da8608a8b9656d5fbe06b6535a625cca199ef4cd46fd80c63f,True,COMPLETE,2023-09-19T01:45:00+00:00,1.1411992263056108,3.462282398452611,3.3266469033867017,1.054158607350108,3.462282398452611,2.9165262543590376,1.2688588007736987,EXPANDING_ALREADY,1.016527667201782,1.3293898877500856,0.9225570140680663,1.0,4.0,FLAT,0.41975308641973447,0.41975308641973447,0.8765432098765293,0.12345679012347066,0.45679012345679487,0.12345679012347066,1.566731141199223,0.6576402321082867,0.0033999999999998476,2.632562963378229,WEAK_BREAK,SPIKE_BREAKOUT,True,25.61313566651212,2.709772345632042,False,
2023-10-01 02:15:00+00:00,2023-10-01 02:00:00+00:00,壓縮早突破,Binance,CTK/USDT:USDT,2023,LONG,8fcace33616cfee295aa0c9d88ed46b4e97bb45eb3aafc6da3342b9d8994f396,True,COMPLETE,2023-10-01T02:15:00+00:00,1.0752688172042828,2.4372759856630943,1.8911693130140486,1.0394265232974766,3.29749103942652,3.0037039864578325,1.04659498207885,EXPANDING_ALREADY,0.7770726615372916,0.911908860269465,0.7014366492859293,3.0,1.0,SUDDEN_SPIKE_ONLY,0.8666666666666445,0.8666666666666445,0.8666666666666445,0.13333333333335554,0.0,0.13333333333335554,1.0752688172043028,0.5017921146953254,0.0006999999999999784,2.4006433537407905,CLEAN_EXPANSION,SPIKE_BREAKOUT,True,18.691086137595363,1.925275253924258,False,
2023-10-02 14:15:00+00:00,2023-10-02 14:00:00+00:00,壓縮早突破,Binance,LPT/USDT:USDT,2023,LONG,7d9568ca5aec03211bfecab32c818a848b59950e772761d4555c3961df45424c,True,COMPLETE,2023-10-02T14:15:00+00:00,0.8342989571263056,1.8308227114716076,1.4153343962336167,0.89223638470452,3.0590961761297772,2.468589984013685,1.0243337195828484,MILD_COMPRESSION,0.7642749289780114,0.7290128659962887,0.6516700888255854,2.0,0.0,SUDDEN_SPIKE_ONLY,0.38709677419355254,0.38709677419355254,0.8709677419354824,0.1290322580645175,0.48387096774192995,0.1290322580645175,1.4368482039397332,0.13904982618772277,0.006000000000000227,3.030700538179019,WEAK_BREAK,SPIKE_BREAKOUT,False,-10.687004406361057,-1.0804079619975795,True,
2023-10-11 02:15:00+00:00,2023-10-11 02:00:00+00:00,壓縮早突破,Binance,API3/USDT:USDT,2023,LONG,dae41fc6cc1ce86db6074303bdae5310428e72187bf6adc342e847a148e3d3e4,True,COMPLETE,2023-10-11T02:15:00+00:00,1.2123893805309578,2.053097345132753,1.581448365693392,1.0619469026548682,2.7610619469026654,2.8410215414277697,1.164601769911502,EXPANDING_ALREADY,0.6786637651277672,0.7283545685991145,0.6682875860954668,2.0,0.0,SUDDEN_SPIKE_ONLY,0.4918032786884894,0.4918032786884894,0.8524590163934277,0.1475409836065723,0.3606557377049383,0.1475409836065723,1.0796460176991534,0.07079646017698336,0.00039999999999995595,2.8387631779702964,WEAK_BREAK,SPIKE_BREAKOUT,False,-10.878930138946954,-1.1114209305489424,True,
2023-10-16 05:15:00+00:00,2023-10-16 05:00:00+00:00,壓縮早突破,Binance,IOTA/USDT:USDT,2023,LONG,8f769181a110ab6a35ffaf0c7660717316744b50e8f17613b958db5271f61025,True,COMPLETE,2023-10-16T05:15:00+00:00,0.9638554216867505,2.1686746987951637,2.382375895576543,0.9638554216867505,3.1325301204819476,2.8197662020406282,1.0120481927710898,MILD_COMPRESSION,0.1748387165534699,0.22588541404244875,0.28418371623027244,2.0,0.0,SUDDEN_SPIKE_ONLY,0.714285714285737,0.714285714285737,0.8571428571428684,0.14285714285713152,0.14285714285713152,0.14285714285713152,1.6867469879517718,0.48192771084339203,0.00020000000000000573,2.94233509710876,CLEAN_EXPANSION,SPIKE_BREAKOUT,True,18.575001981946656,1.9190006225141385,False,
2023-10-17 09:45:00+00:00,2023-10-17 09:30:00+00:00,壓縮早突破,Binance,FOOTBALL/USDT:USDT,2023,LONG,8433b6bf8cdfa8294143f44ae098984a1a369359fcadc8171f417d65778111fb,True,COMPLETE,2023-10-17T09:45:00+00:00,1.0720562390158488,4.241359109548951,2.7905293705446605,1.13063854715877,4.241359109548951,2.722281472403168,1.0146455770357254,EXPANDING_ALREADY,0.7791409015933044,1.092057876424227,1.3044639821246415,2.0,2.0,SUDDEN_SPIKE_ONLY,0.6686390532544361,0.6686390532544361,0.7396449704142022,0.2603550295857978,0.0710059171597661,0.2603550295857978,1.9800820152314116,1.171646162858825,1.0,2.467707893626003,WEAK_BREAK,SPIKE_BREAKOUT,False,-11.146342827022496,-1.1298570161811898,True,
2023-10-19 23:45:00+00:00,2023-10-19 23:30:00+00:00,壓縮早突破,Binance,ADA/USDT:USDT,2023,LONG,1b6599774299e32b65c6c8e82e4e87206a69ca8926cf2ecb2899769d50aa0307,True,COMPLETE,2023-10-19T23:45:00+00:00,0.8053691275167706,2.147651006711413,2.5573904541285675,0.8053691275167891,3.08724832214767,2.815594223275582,0.7785234899328807,MILD_COMPRESSION,0.5310282661062173,0.54416237143273,0.41017304336461907,1.0,0.0,SUDDEN_SPIKE_ONLY,0.875000000000013,0.875000000000013,1.0,0.0,0.12499999999998698,0.0,1.0738255033557065,0.4026845637583853,0.0002999999999999947,2.541107193615741,CLEAN_EXPANSION,SPIKE_BREAKOUT,True,45.01507928091766,4.615130092008964,False,
2023-11-04 16:15:00+00:00,2023-11-04 16:00:00+00:00,壓縮早突破,Binance,CRV/USDT:USDT,2023,LONG,10b0ea3b07222282f7bc9a2ecafeb5fdeab7755f7a932171d7307b8744f2f07d,True,COMPLETE,2023-11-04T16:15:00+00:00,0.75,2.75,2.680951323690902,0.75,3.25,2.622022120425379,1.1500000000000001,MILD_COMPRESSION,0.8987186367586137,0.8536169871402922,0.7570249186727952,1.0,2.0,SUDDEN_SPIKE_ONLY,0.5,0.5,0.8333333333333334,0.16666666666666666,0.3333333333333333,0.16666666666666666,1.5,0.25,0.0010000000000000009,2.9567977979112627,CLEAN_EXPANSION,SPIKE_BREAKOUT,False,-10.889409653537427,-1.0671752996659465,True,
2023-11-09 13:30:00+00:00,2023-11-09 13:15:00+00:00,壓縮早突破,Binance,RIF/USDT:USDT,2023,LONG,256765593fb28fa73294ca2067e0a083fb3913622d7e16d967727ef8dec7ad55,False,COMPLETE,2023-11-09T13:30:00+00:00,0.7508799374266748,2.6593664450528,1.8324746304399602,1.0598357450136964,3.449354712553776,3.2152559838401507,0.9213922565506453,MILD_COMPRESSION,0.97841385364434,0.8436484405669032,0.5320877950774103,1.0,3.0,SUDDEN_SPIKE_ONLY,0.5184135977337098,0.5184135977337098,0.8753541076487266,0.12464589235127345,0.35694050991501675,0.12464589235127345,2.761048103245999,0.5240516229957018,0.0006700000000000039,3.398206909832665,CLEAN_EXPANSION,SPIKE_BREAKOUT,,,,,
2023-11-19 17:15:00+00:00,2023-11-19 17:00:00+00:00,壓縮早突破,Binance,MAGIC/USDT:USDT,2023,LONG,6fc7e1286bea1b5ca88c9cd830fc7ef8e3a42f3cff2f69cfc628f964af7a4bac,True,COMPLETE,2023-11-19T17:15:00+00:00,1.0858585858585916,3.636363636363654,3.4987280327510777,0.8712121212121369,3.636363636363654,3.175542703152458,1.1464646464646484,EXPANDING_ALREADY,0.8673930140098715,0.8702933750211407,0.849808762969068,1.0,2.0,SUDDEN_SPIKE_ONLY,0.6097560975609773,0.6097560975609773,0.7073170731707228,0.2926829268292772,0.09756097560974553,0.2926829268292772,2.0707070707070656,0.7070707070706848,0.0027999999999999137,2.6722373448086696,WEAK_BREAK,SPIKE_BREAKOUT,True,22.558141446848783,2.234571909869924,False,
2023-11-22 16:15:00+00:00,2023-11-22 16:00:00+00:00,壓縮早突破,Binance,PENDLE/USDT:USDT,2023,LONG,76565bf5f5ac3606093050148a65e157e7cf9634b3aa6b99b1d6387f9321566c,True,COMPLETE,2023-11-22T16:15:00+00:00,0.8438538205980031,3.4285714285714377,2.878165722597236,0.9102990033222631,3.441860465116287,2.4357756356009745,1.483056478405307,MILD_COMPRESSION,1.616047785551835,2.1353434953299675,1.9363458742482331,0.0,4.0,EXHAUSTED_HIGH_VOLUME,0.7744360902255569,0.7744360902255569,0.8571428571428571,0.14285714285714285,0.08270676691730026,0.14285714285714285,1.7674418604651299,0.29235880398670855,0.0021999999999999797,2.87204649707396,CLEAN_EXPANSION,SPIKE_BREAKOUT,False,-10.9969552911142,-1.0655300353532835,True,
2023-11-27 05:00:00+00:00,2023-11-27 04:45:00+00:00,壓縮早突破,Binance,ROSE/USDT:USDT,2023,LONG,75559e79b3d36d26a76bc5127d4339574cadc1ea1cc2d684d9c543dda3a5c11c,True,COMPLETE,2023-11-27T05:00:00+00:00,1.1447440836543725,2.5096312603192077,1.3136728962333342,0.8860759493670872,2.5096312603192077,1.4592239968321845,1.2746285085305433,EXPANDING_ALREADY,1.3401764100775169,1.6715177811899167,1.389251321847549,0.0,5.0,FLAT,0.8043478260869609,0.8043478260869609,0.8985507246376797,0.1014492753623203,0.09420289855071881,0.1014492753623203,1.5189873417721407,0.6934507429829285,0.0006299999999999917,2.70410922982139,CLEAN_EXPANSION,SPIKE_BREAKOUT,False,-10.66348214119746,-1.04434658593146,True,
2023-12-03 15:45:00+00:00,2023-12-03 15:30:00+00:00,壓縮早突破,Binance,SNX/USDT:USDT,2023,LONG,7a1b979c532af4d0ed1d2c472493107f07c832d09427ea46c3c6e47017fd9fc4,True,COMPLETE,2023-12-03T15:45:00+00:00,1.0146862483311025,2.777036048064086,2.902789725180398,1.0146862483311025,2.9105473965287025,2.8468223194229827,1.0947930574098772,EXPANDING_ALREADY,0.7969335167124719,0.8301408027304268,0.9468136784226848,0.0,1.0,SUDDEN_SPIKE_ONLY,0.6721311475409781,0.6721311475409781,0.7049180327868833,0.2950819672131168,0.032786885245905104,0.2950819672131168,1.6288384512683671,1.068090787716956,0.040000000000000036,2.8634497568616197,WEAK_BREAK,SPIKE_BREAKOUT,False,-10.557678020674228,-1.0448968204730515,True,
2023-12-08 04:00:00+00:00,2023-12-08 03:45:00+00:00,壓縮早突破,Binance,DENT/USDT:USDT,2023,LONG,3cd76aee8d8588be005e3e19b17e261b3438352860e9508f1e55cc1a3996cc44,True,COMPLETE,2023-12-08T04:00:00+00:00,0.9803921568627477,2.352941176470582,2.2676536286706654,0.9803921568627477,2.352941176470582,1.9601714728561053,1.2941176470588212,MILD_COMPRESSION,0.6738589707568944,0.7004034591556448,0.6191700736948748,0.0,0.0,FLAT,0.20000000000000434,0.20000000000000434,0.7999999999999957,0.20000000000000434,0.5999999999999913,0.20000000000000434,0.9803921568627477,0.19607843137255382,1.0000000000000243e-06,1.9298206221008012,WEAK_BREAK,WEAK_TRANSITION,True,46.36152837622679,4.636865976382733,False,
2023-12-09 23:15:00+00:00,2023-12-09 23:00:00+00:00,壓縮早突破,Binance,GMT/USDT:USDT,2023,LONG,f8f2b916a3657f9dc4f072fa17c0c6d42b49114aeb1d786d08180335e7b8af56,True,COMPLETE,2023-12-09T23:15:00+00:00,0.770877944325478,2.7837259100642346,3.641453386962367,0.77087794432549,2.7837259100642346,2.8499574430179915,0.7965738758029935,MILD_COMPRESSION,0.3776332154647865,0.4674610542507217,0.4102134779099298,0.0,0.0,SUDDEN_SPIKE_ONLY,0.5897435897435938,0.5897435897435938,0.7435897435897443,0.25641025641025567,0.15384615384615055,0.25641025641025567,1.6702355460385456,0.342612419700223,0.0008000000000000229,2.5990090386119507,WEAK_BREAK,SPIKE_BREAKOUT,False,-11.056368674175284,-1.072018798977999,True,
2023-12-29 04:00:00+00:00,2023-12-29 03:00:00+00:00,壓縮早突破,Binance,IOTA/USDT:USDT,2023,LONG,2627a46527ff83df6bf6283ebe314dcb95c5b0123e961cdfaf41fa5a82aaa351,True,COMPLETE,2023-12-29T03:15:00+00:00,1.3495276653171477,2.7800269905532997,2.444955327430659,1.0796221322537196,2.7800269905532997,2.118543530708826,1.0634278002699113,EXPANDING_ALREADY,0.8711059846489517,1.5114415425448564,1.8545247431952077,2.0,4.0,SUDDEN_SPIKE_ONLY,0.7727272727272607,0.7727272727272607,0.8636363636363539,0.13636363636364612,0.0909090909090932,0.13636363636364612,1.1875843454790864,0.539811066126856,0.0020000000000000018,2.5841490059226757,CLEAN_EXPANSION,SPIKE_BREAKOUT,False,-10.685345801303486,-1.0441,True,
2024-01-19 23:45:00+00:00,2024-01-19 23:30:00+00:00,均線假跌破站回,Binance,POLYX/USDT:USDT,2023,LONG,49c6d02c0f56f12e0fb764c5b2fb658048f08382c2620f99226a28b7a80c9b0e,True,COMPLETE,2024-01-19T23:45:00+00:00,0.808080808080805,1.8181818181818181,1.2288409152117716,0.9090909090908951,2.525252525252533,2.017517155290283,0.9090909090909063,MILD_COMPRESSION,0.48435388138433855,0.44140561644153015,0.3001119967836821,0.0,0.0,SUDDEN_SPIKE_ONLY,0.8125000000000022,0.8125000000000022,0.9375000000000066,0.06249999999999349,0.12500000000000433,0.06249999999999349,1.61616161616161,-0.4040404040403885,-0.0003999999999999837,3.1408486789813184,WEAK_BREAK,SPIKE_BREAKOUT,False,-11.54282735328589,-1.1397878449320182,True,
2024-02-04 06:45:00+00:00,2024-02-04 06:30:00+00:00,壓縮早突破,Binance,MKR/USDT:USDT,2023,LONG,eb621fa2c18a1e404f734b809be773d7321abadba24b21e9133c4b95c952d03e,True,COMPLETE,2024-02-04T06:45:00+00:00,0.9008379888268044,2.2905027932960977,1.474621589572523,0.9706703910614412,2.6117318435754204,2.1530106517203094,1.0530726256983234,MILD_COMPRESSION,0.9640560321879811,0.9023016209600022,1.058189752820466,0.0,2.0,SUDDEN_SPIKE_ONLY,0.6500000000000151,0.6500000000000151,0.8166666666666819,0.18333333333331817,0.16666666666666666,0.18333333333331817,1.6759776536312818,0.33519553072626906,2.400000000000091,2.5159532500867883,CLEAN_EXPANSION,SPIKE_BREAKOUT,False,-11.641076299098236,-1.1627421573045271,True,
2024-02-19 15:15:00+00:00,2024-02-19 15:00:00+00:00,壓縮早突破,Binance,FXS/USDT:USDT,2023,LONG,d470a8e908bccf5ebfba36e8048da92013a7d257ffa836a67588a4f1d8c9f086,True,COMPLETE,2024-02-19T15:15:00+00:00,0.8813559322033834,2.152542372881368,1.3744498259466518,0.8389830508474595,2.2033898305084882,1.4566167172061968,0.9457627118644127,MILD_COMPRESSION,0.7538126762488179,0.7522007612382592,0.6756647105205484,1.0,1.0,SUDDEN_SPIKE_ONLY,0.6265060240963793,0.6265060240963793,0.8072289156626509,0.19277108433734913,0.1807228915662715,0.19277108433734913,1.4067796610169527,0.23728813559320933,0.013999999999999346,2.918937516283979,CLEAN_EXPANSION,SPIKE_BREAKOUT,False,-10.855752044565415,-1.0970578022126043,True,
2024-02-21 18:30:00+00:00,2024-02-21 18:15:00+00:00,均線假跌破站回,Binance,BTCDOM/USDT:USDT,2023,LONG,8a7a6f6292bff7958520857b374d4a2ded794e96c19da97c1ce99ed370a9ff80,True,COMPLETE,2024-02-21T18:30:00+00:00,0.7731092436974667,2.18487394957984,2.025733047301192,0.9159663865545948,3.9159663865546674,3.192912407279952,0.6789915966386519,MILD_COMPRESSION,0.37000272439988,0.342930612027409,0.3676648096992302,2.0,0.0,SUDDEN_SPIKE_ONLY,0.7386363636363865,0.7386363636363865,0.7386363636363865,0.2613636363636135,0.0,0.2613636363636135,1.4789915966386153,-0.8403361344537847,-5.0,2.5530864197530865,WEAK_BREAK,SPIKE_BREAKOUT,False,-11.744046678978965,-1.1999914531130975,True,
2024-03-06 21:45:00+00:00,2024-03-06 21:30:00+00:00,壓縮早突破,Binance,LINA/USDT:USDT,2023,LONG,fdc6982d8e2c47faa8b23fbe2cf787c21c3b39c42826c70d926cbb056793db02,True,COMPLETE,2024-03-06T21:45:00+00:00,0.930232558139537,2.6046511627907036,2.496075881860238,0.930232558139537,2.6046511627907036,2.1556521351174824,1.0232558139534882,MILD_COMPRESSION,0.7776724954593925,0.8683055950393521,0.5675334241872997,0.0,2.0,SUDDEN_SPIKE_ONLY,0.5294117647058811,0.5294117647058811,0.7647058823529406,0.23529411764705943,0.23529411764705943,0.23529411764705943,1.5813953488372088,0.7441860465116296,8.000000000000021e-05,2.348504546353508,CLEAN_EXPANSION,SPIKE_BREAKOUT,True,23.45040353059659,2.4525818384436,False,
2024-03-12 06:15:00+00:00,2024-03-12 06:00:00+00:00,均線假跌破站回,Binance,BTCDOM/USDT:USDT,2023,LONG,757a9bd5343d346a7a2ecd4c29a083a19ff445f6c16fa53c286af4c99580088b,True,COMPLETE,2024-03-12T06:15:00+00:00,0.9730250481695464,1.7148362235067582,1.303643002377051,0.9826589595375967,5.028901734104108,3.1380497663231646,0.8362235067437295,MILD_COMPRESSION,0.3508059176868537,0.3960146497658686,0.4548203858244176,0.0,0.0,SUDDEN_SPIKE_ONLY,0.7931034482758368,0.7931034482758368,0.8965517241379184,0.10344827586208158,0.10344827586208158,0.10344827586208158,1.676300578034644,-0.40462427745671675,-2.100000000000364,3.3603561821723402,WEAK_BREAK,SPIKE_BREAKOUT,False,-11.362785738739912,-1.1599388587971589,True,
2024-03-26 03:15:00+00:00,2024-03-26 03:00:00+00:00,壓縮早突破,Binance,RNDR/USDT:USDT,2023,LONG,b0aafa1b73da347fbed907cbc13bb29d464f8d15e99378060ea93af540084345,True,COMPLETE,2024-03-26T03:15:00+00:00,0.8880694476453911,2.392256280248897,1.1537557553341904,0.9456864100791201,4.148421295229308,4.660214789587257,0.8189290927248944,MILD_COMPRESSION,0.7040311641185087,0.5926727200627471,0.5916048069210248,0.0,0.0,SUDDEN_SPIKE_ONLY,0.5695718654434333,0.5695718654434333,0.8081039755351792,0.19189602446482074,0.238532110091746,0.19189602446482074,2.0096796496888514,0.8266113543827414,0.053800000000000736,2.755301061879222,CLEAN_EXPANSION,SPIKE_BREAKOUT,False,-10.264816260118575,-1.0601527759867198,True,
2024-03-30 08:00:00+00:00,2024-03-30 07:45:00+00:00,壓縮早突破,Binance,1000FLOKI/USDT:USDT,2023,LONG,3154c3c9db1ad96f8efaa9089869d28ebfa36a187c032ee0700dbbdbd54cc471,True,COMPLETE,2024-03-30T08:00:00+00:00,1.1931562359297623,2.1701936064835636,2.0801586976219695,1.0805943268797844,3.340837460603339,3.5077279980989737,1.1949572264745598,EXPANDING_ALREADY,0.6291242576667277,0.7849168131935056,0.9477306467121197,0.0,2.0,SUDDEN_SPIKE_ONLY,0.6168224299065485,0.6168224299065485,0.6682242990654265,0.33177570093457354,0.05140186915887796,0.33177570093457354,0.9635299414678095,0.027014858171996642,6.0000000000004494e-05,2.443755008918641,WEAK_BREAK,SPIKE_BREAKOUT,False,-10.109211248907448,-1.0552693187096107,True,
2024-04-16 00:15:00+00:00,2024-04-16 00:00:00+00:00,壓縮早突破,Binance,XMR/USDT:USDT,2023,LONG,9192200cf44f9544b6feb816894b12b91104b654d5ae0a05c6b1345a2ad03f57,True,COMPLETE,2024-04-16T00:15:00+00:00,0.8247422680412339,2.6313205694649073,2.7939015132944944,0.9081983308787479,3.57388316151203,4.091729517966787,0.6853215513009293,MILD_COMPRESSION,0.5868130235051462,0.5998860908309441,0.511876757390689,0.0,0.0,SUDDEN_SPIKE_ONLY,0.43181818181818965,0.43181818181818965,0.9318181818181897,0.06818181818181035,0.5,0.06818181818181035,1.296023564064795,0.38291605301914655,0.39000000000000057,2.678786299403082,WEAK_BREAK,SPIKE_BREAKOUT,False,-9.8707789223288,-1.0523832232098658,True,
2024-04-27 07:15:00+00:00,2024-04-27 07:00:00+00:00,壓縮早突破,Binance,DYM/USDT:USDT,2023,LONG,c7d91f4a15e0ed790e40125108f5630ab33fbdd9fdfa92ee214a1f33c9883599,True,COMPLETE,2024-04-27T07:15:00+00:00,1.0691823899371056,2.767295597484273,2.2359684706587295,0.9591194968553429,2.8616352201257858,2.3975667482366902,1.113207547169809,EXPANDING_ALREADY,0.832965982685026,0.6530733496850846,0.731990891700457,1.0,0.0,SUDDEN_SPIKE_ONLY,0.6923076923076917,0.6923076923076917,0.815384615384615,0.18461538461538493,0.12307692307692329,0.18461538461538493,2.044025157232698,0.7861635220125741,0.02499999999999991,2.5444924671723026,CLEAN_EXPANSION,SPIKE_BREAKOUT,False,-9.74161952037543,-1.0496591983444068,True,
2024-05-01 18:15:00+00:00,2024-05-01 18:00:00+00:00,壓縮早突破,Binance,WLD/USDT:USDT,2023,LONG,692160a8609839ebf21970369053d83ac2c54e442745c066312c3826e2418f41,False,COMPLETE,2024-05-01T18:15:00+00:00,1.1141001855287573,2.2393320964749615,1.5668315439607126,0.9730983302411865,2.636363636363642,1.493230983818469,1.0025974025974038,EXPANDING_ALREADY,0.8868131617284506,0.930925368443186,0.9947785823002614,0.0,1.0,SUDDEN_SPIKE_ONLY,0.7694013303769367,0.7694013303769367,0.7838137472283738,0.21618625277162615,0.014412416851437147,0.21618625277162615,1.6734693877551094,0.27458256029683265,0.014799999999999258,3.160915056334435,CLEAN_EXPANSION,SPIKE_BREAKOUT,,,,,
2024-05-19 18:15:00+00:00,2024-05-19 18:00:00+00:00,壓縮早突破,Binance,FRONT/USDT:USDT,2023,LONG,29cc460c8bfa7b32e6f133721d05fe55b5bf0b2bec58fe28c74147dd516a4c4b,True,COMPLETE,2024-05-19T18:15:00+00:00,0.8314298766560092,2.2476016445865707,2.2729189494274604,0.8314298766560092,3.9926907263590645,3.619692894445783,0.9940612151667413,MILD_COMPRESSION,0.9883199105735496,0.952902653341247,1.0605074948155477,1.0,2.0,SUDDEN_SPIKE_ONLY,0.7808988764044941,0.7808988764044941,0.8370786516853866,0.1629213483146134,0.05617977528089257,0.1629213483146134,1.6263133851073626,0.7309273640931957,0.008000000000000007,2.670343359123697,CLEAN_EXPANSION,SPIKE_BREAKOUT,False,-9.452526117340373,-1.0402929208685774,True,
2024-06-15 04:15:00+00:00,2024-06-15 04:00:00+00:00,均線假跌破站回,Binance,COMBO/USDT:USDT,2023,LONG,d50907f827ab8cfff7bfd69e4f241127c86b981e91e6ac94cf7bd23e1fb9f560,True,COMPLETE,2024-06-15T04:15:00+00:00,0.8217716115261386,2.7107790821771673,3.640119206993038,0.9178228388473897,3.5859124866595553,3.270133276790697,0.9733191035218789,MILD_COMPRESSION,0.6172318983486836,0.5791966182256836,0.5993061571139661,4.0,0.0,SUDDEN_SPIKE_ONLY,0.327868852459017,0.327868852459017,0.7540983606557463,0.24590163934425363,0.4262295081967294,0.24590163934425363,1.3020277481323344,-0.4909284951974313,-0.0022999999999999687,2.2344561627546806,WEAK_BREAK,SPIKE_BREAKOUT,False,-9.79614102653015,-1.0894426787863596,True,
2024-06-16 19:15:00+00:00,2024-06-16 19:00:00+00:00,壓縮早突破,Binance,1000PEPE/USDT:USDT,2023,LONG,9cb16ca8c6215b5401109deedb1ee5737bfb443526b0aa054de20d6db9c3d11a,True,COMPLETE,2024-06-16T19:15:00+00:00,0.7966062829626253,1.5739509286860724,1.1597210897901071,0.8158679202017877,2.6902086677367536,2.3806331235159686,0.7554230681036428,MILD_COMPRESSION,0.5572424036356043,0.6304556994683235,0.7414466334083573,0.0,0.0,SUDDEN_SPIKE_ONLY,0.5815242494226335,0.5815242494226335,0.725173210161668,0.274826789838332,0.1436489607390345,0.274826789838332,1.9857830772758496,0.7888099059848744,8.6000000000001e-05,3.3775558337928917,WEAK_BREAK,SPIKE_BREAKOUT,False,-9.390529084191284,-1.055836737868119,True,
2024-06-18 11:30:00+00:00,2024-06-18 11:15:00+00:00,壓縮早突破,Binance,BTCDOM/USDT:USDT,2023,LONG,b6c3c4aa8e3ab7b2aba6d9d76e0e4afe22f4206593b71ef537a7f687f33a416f,True,COMPLETE,2024-06-18T11:30:00+00:00,1.00719424460431,2.2701838529176386,1.9565726328503534,1.00719424460431,3.0535571542765663,2.558949521364755,1.0199840127897863,EXPANDING_ALREADY,0.5553854451287904,0.5560714642268928,0.4463079467085903,2.0,0.0,SUDDEN_SPIKE_ONLY,0.5438596491228084,0.5438596491228084,0.8947368421052757,0.10526315789472425,0.35087719298246733,0.10526315789472425,0.9112709832134008,0.0799360511590728,0.5,2.451468965031352,WEAK_BREAK,SPIKE_BREAKOUT,False,-10.77986635409468,-1.224982553869807,True,
2024-06-30 15:15:00+00:00,2024-06-30 15:00:00+00:00,壓縮早突破,Binance,W/USDT:USDT,2023,LONG,600538e468fbe0a7c6ec36d830236a9eb0f929be8fd99a1de032110dfd08bb86,True,COMPLETE,2024-06-30T15:15:00+00:00,0.9157509157509159,2.1245421245421126,1.6007577470133194,0.9523809523809484,2.7472527472527477,1.952225457524923,0.9523809523809484,MILD_COMPRESSION,0.9123115111027652,0.9065722306980973,0.6628301948577844,1.0,1.0,SUDDEN_SPIKE_ONLY,0.7173913043478239,0.7173913043478239,0.913043478260868,0.08695652173913201,0.19565217391304401,0.08695652173913201,1.6849816849817016,0.8058608058608182,0.0022000000000000353,2.490735249983647,CLEAN_EXPANSION,SPIKE_BREAKOUT,False,-9.230188402341287,-1.0618910920033426,True,
2024-07-31 01:00:00+00:00,2024-07-31 00:45:00+00:00,均線假跌破站回,Binance,LIT/USDT:USDT,2023,LONG,c818c22c5de813021888d3a1debc9e0535bd1838365a82f509ebaf95c40a755b,True,COMPLETE,2024-07-31T01:00:00+00:00,0.782608695652174,1.9130434782608696,2.0705879825722886,0.8695652173913043,3.3043478260869565,2.601439182895929,0.8347826086956521,MILD_COMPRESSION,1.00797805762362,0.9533401205590017,0.7984307663850774,1.0,3.0,FLAT,0.375,0.375,0.75,0.25,0.375,0.25,1.391304347826087,0.5217391304347826,0.0030000000000000027,3.098347804863923,WEAK_BREAK,SPIKE_BREAKOUT,False,-9.830146704661574,-1.0918811460981812,True,
2024-07-31 01:15:00+00:00,2024-07-31 01:00:00+00:00,均線假跌破站回,Binance,EOS/USDT:USDT,2023,LONG,baf8ea41a71e569d1e82b07eebbe32ce06f2ea52c85dfb7974641b59be69abcb,True,COMPLETE,2024-07-31T01:15:00+00:00,0.8791208791208833,1.9780219780219876,1.7582417582417667,0.8791208791208833,3.956043956043951,3.1678099572306664,0.8351648351648392,MILD_COMPRESSION,1.340800261938136,0.9965227177202157,0.9728504387981645,1.0,4.0,FLAT,0.6,0.6,1.0,0.0,0.4,0.0,1.0989010989011043,0.43956043956044166,0.0020000000000000018,2.6474132973564353,CLEAN_EXPANSION,SPIKE_BREAKOUT,False,-0.4064634400334405,-0.0451687814577765,False,
2023-11-28 08:15:00+00:00,2023-11-28 08:00:00+00:00,壓縮早突破,Binance,RVN/USDT:USDT,2023,LONG,52dda4a93301ab2706450a864123c32d69965d1d15f9d9a3d4ffd23d85eef62e,False,COMPLETE,2023-11-28T08:15:00+00:00,1.0273972602739798,3.2191780821917733,1.890398550683932,1.0958904109589087,3.698630136986299,3.070564063894826,1.1232876712328754,EXPANDING_ALREADY,0.7393814428852745,0.8512228145291235,0.7527505812964834,1.0,1.0,SUDDEN_SPIKE_ONLY,0.7307692307692282,0.7307692307692282,0.7307692307692282,0.26923076923077177,0.0,0.26923076923077177,1.7808219178082205,0.6164383561643831,8.99999999999998e-05,3.4193264687940865,WEAK_BREAK,SPIKE_BREAKOUT,,,,,
2023-12-12 12:15:00+00:00,2023-12-12 12:00:00+00:00,壓縮早突破,Binance,BNB/USDT:USDT,2023,LONG,6cf1ddbd2ced6f872bae08402741dbba9c4d814754ec5d5de46a237724b5f619,True,COMPLETE,2023-12-12T12:15:00+00:00,1.0468319559228578,2.0477502295684125,1.544877720491272,1.0101010101010102,2.708907254361803,2.175475347398439,1.17722681359045,EXPANDING_ALREADY,0.7890594906781697,0.7513739183387308,0.5827569710834921,1.0,0.0,SUDDEN_SPIKE_ONLY,0.6138211382113835,0.6138211382113835,0.9390243902438996,0.06097560975610038,0.3252032520325161,0.06097560975610038,2.2589531680440698,0.21120293847565744,0.22999999999998977,2.8962756338373947,CLEAN_EXPANSION,SPIKE_BREAKOUT,False,-11.748833505041237,-1.1349870110726408,True,
2024-03-02 07:15:00+00:00,2024-03-02 07:00:00+00:00,均線假跌破站回,Binance,BLUEBIRD/USDT:USDT,2023,LONG,84dddda4ca34d7e47215c6225dd41ecdbcdb4606af7bbbab7dff7af8e2cb2a7c,True,COMPLETE,2024-03-02T07:15:00+00:00,0.989541432019301,2.7192276749798903,1.704621097717133,0.925181013676589,3.153660498793261,2.241424336921168,0.9074818986323396,MILD_COMPRESSION,0.6383423210624833,0.5783018762813086,0.4997027512954989,0.0,0.0,SUDDEN_SPIKE_ONLY,0.6899999999999931,0.6899999999999931,0.9699999999999988,0.030000000000001244,0.2800000000000057,0.030000000000001244,1.609010458567972,-0.22526146419953497,-0.014000000000001123,3.506163791975293,WEAK_BREAK,SPIKE_BREAKOUT,False,-10.78175644891093,-1.1150463467241831,True,
2024-04-10 05:00:00+00:00,2024-04-10 04:45:00+00:00,壓縮早突破,Binance,GAS/USDT:USDT,2023,LONG,51ca921451a8d82c6a9b98812b05cecb58a91a7a35344253ca876055f8909d5c,True,COMPLETE,2024-04-10T05:00:00+00:00,0.6489184692179716,2.312811980033264,1.7717926903637464,0.915141430948428,3.7770382695507485,3.3120441893140864,0.5557404326123143,MILD_COMPRESSION,0.4146738367125446,0.4741509206814795,0.6034664693157371,1.0,0.0,SUDDEN_SPIKE_ONLY,0.8089887640449408,0.8089887640449408,0.8314606741573077,0.16853932584269227,0.02247191011236695,0.16853932584269227,1.4808652246256286,0.2662229617304491,0.016000000000000014,2.903156137220095,CLEAN_EXPANSION,SPIKE_BREAKOUT,False,-9.920019763146133,-1.0465642759313367,True,
2024-04-29 15:15:00+00:00,2024-04-29 15:00:00+00:00,壓縮早突破,Binance,KSM/USDT:USDT,2023,LONG,e2f5f06cd36edef4e7ebca805bbcec735662805c8d214f1236ed7b394b7cbc77,True,COMPLETE,2024-04-29T15:15:00+00:00,1.021377672209021,3.467933491686477,3.646448254940682,0.8551068883610472,4.038004750593831,3.940541692960577,1.0166270783847957,EXPANDING_ALREADY,1.45889736036808,1.4706437253324876,1.4400719758585743,0.0,4.0,FLAT,0.5333333333333325,0.5333333333333325,0.7000000000000012,0.2999999999999988,0.16666666666666863,0.2999999999999988,1.4251781472684175,0.3800475059382526,0.08000000000000185,2.2731512110112466,WEAK_BREAK,SPIKE_BREAKOUT,False,-9.692076957506048,-1.0553990822927637,True,
2024-06-17 05:30:00+00:00,2024-06-17 05:15:00+00:00,均線假跌破站回,Binance,XRP/USDT:USDT,2023,LONG,787796769ca2f0ec3ba26d7cc37ed294cb8211413319d24609343f2bcea5d5e9,False,COMPLETE,2024-06-17T05:30:00+00:00,0.5063291139240513,1.974683544303806,1.5181432253736709,0.7594936708860911,3.1898734177215347,2.8145420892087594,0.5265822784810225,MILD_COMPRESSION,0.46513242750003336,0.7802200837888117,0.8041134093582252,1.0,2.0,SUDDEN_SPIKE_ONLY,0.5909090909091069,0.5909090909091069,0.7727272727272705,0.22727272727272957,0.18181818181816348,0.22727272727272957,1.1139240506329018,0.6075949367088505,0.0011999999999999789,2.266294183027872,CLEAN_EXPANSION,SPIKE_BREAKOUT,,,,,
2024-07-14 06:15:00+00:00,2024-07-14 06:00:00+00:00,壓縮早突破,Binance,TAO/USDT:USDT,2023,LONG,165de1cdbe1aeff119c743de6cf7745087520a152179bf13a430ec88dcf95369,True,COMPLETE,2024-07-14T06:15:00+00:00,0.9509946627850453,2.6540514313439916,2.323885317081344,0.907326540514315,3.338185346918967,2.8483052925963595,1.242115477923333,MILD_COMPRESSION,1.2350806102670144,1.1989216058269594,0.9953392894471226,1.0,4.0,FLAT,0.5081967213114796,0.5081967213114796,0.8934426229508233,0.1065573770491767,0.3852459016393437,0.1065573770491767,1.1838913148956798,0.41727316836487777,0.8600000000000136,2.307593671125032,CLEAN_EXPANSION,SPIKE_BREAKOUT,True,40.30300512286081,4.686441892753953,False,
2024-08-18 13:00:00+00:00,2024-08-18 12:45:00+00:00,壓縮早突破,Binance,BICO/USDT:USDT,2024,LONG,dfa1efb30a71c460343a08ed00376e35db07369c9867522fa46c1726bf391925,True,COMPLETE,2024-08-18T13:00:00+00:00,0.793650793650792,2.2222222222222205,2.2496107617245933,0.9259259259259166,2.64550264550264,2.0216470100769097,0.9417989417989352,MILD_COMPRESSION,0.8718177400921155,0.8103651083690914,0.742968279101183,0.0,1.0,SUDDEN_SPIKE_ONLY,0.24324324324324406,0.24324324324324406,0.7567567567567559,0.24324324324324406,0.5135135135135119,0.24324324324324406,1.9576719576719712,0.21164021164021707,0.00040000000000001146,2.40154675892948,WEAK_BREAK,SPIKE_BREAKOUT,False,-10.698239879261354,-1.0698239879261355,True,
2024-08-22 23:45:00+00:00,2024-08-22 23:30:00+00:00,壓縮早突破,Binance,ZRX/USDT:USDT,2024,LONG,2590289e192452aa3423755f125d0a6ec89e7086cf346266e580d9243b598b61,True,COMPLETE,2024-08-22T23:45:00+00:00,0.8994708994708526,1.7989417989418226,1.286269394829958,0.9523809523809287,3.280423280423306,2.3097828906119267,1.1005291005291005,MILD_COMPRESSION,1.0590885492241473,1.2493841296893753,1.1160055232365638,0.0,4.0,FLAT,0.8333333333333488,0.8333333333333488,0.9166666666666744,0.08333333333332563,0.08333333333332563,0.08333333333332563,1.2698412698412382,0.7407407407407125,0.0006999999999999784,3.254082169942779,CLEAN_EXPANSION,SPIKE_BREAKOUT,True,45.44832397298806,4.59397989622917,False,
2024-08-27 14:45:00+00:00,2024-08-27 14:30:00+00:00,壓縮早突破,Binance,TRX/USDT:USDT,2024,LONG,0fa5244fc946cf79bfbe4bf4964806a10ee6dc6b7b6be6902c0fc5989e5ad256,True,COMPLETE,2024-08-27T14:45:00+00:00,1.2089971883786335,2.1555763823805094,2.266704742269957,0.9465791940018762,2.3242736644798647,2.3444747110548754,1.1658856607310222,EXPANDING_ALREADY,1.5013446641458552,1.2722793232178082,1.3910806637898099,0.0,5.0,FLAT,0.6666666666666814,0.6666666666666814,0.746031746031753,0.25396825396824696,0.07936507936507167,0.25396825396824696,1.1808809746953814,0.5998125585754154,0.00031999999999998696,2.23209260602932,WEAK_BREAK,SPIKE_BREAKOUT,False,-12.194263882556276,-1.1784743069855823,True,
2024-09-06 20:00:00+00:00,,,Binance,TRX/USDT:USDT,2024,SHORT,704d7d99c1a106a4126beb578536f25b65efc0771967beeea52e8113a6cf57f9,True,DATA_MISSING,,,,,,,,,,,,,,,,,,,,,,,,,,,,False,-11.084222319664978,-1.083972346602648,True,TIMEZONE_REQUIRED
2024-09-07 05:15:00+00:00,2024-09-07 05:00:00+00:00,壓縮早突破,Binance,BB/USDT:USDT,2024,LONG,693db2f72ceaa9366765621561037b06a9942ba6f1b606581c2de426cb9ecabe,True,COMPLETE,2024-09-07T05:15:00+00:00,0.8767772511848282,3.03317535545024,3.2831665899749756,0.9715639810426638,3.127962085308049,3.255319624884139,0.9763033175355464,MILD_COMPRESSION,0.944795036583577,0.8392448092798239,0.44783157780620086,2.0,1.0,SUDDEN_SPIKE_ONLY,0.5106382978723392,0.5106382978723392,0.787234042553193,0.212765957446807,0.27659574468085385,0.212765957446807,2.227488151658782,1.1374407582938433,0.0024000000000000132,2.924734873185297,CLEAN_EXPANSION,SPIKE_BREAKOUT,True,20.13929854460809,1.9703244279003,False,
2024-09-18 02:30:00+00:00,2024-09-18 02:15:00+00:00,壓縮早突破,Binance,AXL/USDT:USDT,2024,LONG,ba7283553d938dbf1664681e0de17ad5865deda083de64d20fddae52987563af,True,COMPLETE,2024-09-18T02:30:00+00:00,1.1643835616438214,3.561643835616426,2.7614188284886163,0.9417808219178184,3.561643835616426,2.3582317109228144,1.0479452054794505,EXPANDING_ALREADY,0.47248843450779576,0.9697541409870987,0.89328376370524,1.0,2.0,SUDDEN_SPIKE_ONLY,0.4594594594594643,0.4594594594594643,0.8378378378378273,0.16216216216217272,0.37837837837836297,0.16216216216217272,1.2671232876712453,0.27397260273973384,0.0008000000000000229,3.1097163843854148,WEAK_BREAK,SPIKE_BREAKOUT,True,20.19729850827412,1.957840749651768,False,
2024-10-24 17:45:00+00:00,2024-10-24 17:30:00+00:00,壓縮早突破,Binance,BICO/USDT:USDT,2024,LONG,3e8113fd341e6e514bafebaad98d3c71df93accb8d799d6845cbf16788c25f25,True,COMPLETE,2024-10-24T17:45:00+00:00,0.9328358208955235,1.6417910447761048,1.872747774825313,1.0820895522388114,2.9104477611940207,2.74779929765144,0.7761194029850722,MILD_COMPRESSION,0.8163653307661537,0.868903131460992,0.8238411244670537,0.0,2.0,SUDDEN_SPIKE_ONLY,1.0,1.0,1.0,0.0,0.0,0.0,1.119402985074628,0.8208955223880731,0.0011000000000000176,2.6805404374550736,CLEAN_EXPANSION,SPIKE_BREAKOUT,False,-11.260875448630587,-1.0706206229193704,True,
2024-11-21 11:15:00+00:00,2024-11-21 11:00:00+00:00,壓縮早突破,Binance,BTCDOM/USDT:USDT,2024,LONG,b04b6c9c3b9835f2487ba14a64594064e10ef6ff1729788df2854d4a551556d6,True,COMPLETE,2024-11-21T11:15:00+00:00,1.2156998957971494,3.3831191385897688,2.349958416897133,0.9551927752691889,4.237582493921492,3.9459429358435796,1.2476554359152485,EXPANDING_ALREADY,1.127505802072607,0.9750550657037839,0.6891479935897693,1.0,2.0,FLAT,0.7272727272727154,0.7272727272727154,0.8181818181818102,0.18181818181818973,0.09090909090909487,0.18181818181818973,1.4518930184091734,0.2431399791594299,3.5,2.5748437790014234,CLEAN_EXPANSION,SPIKE_BREAKOUT,False,-11.369927185654218,-1.0926871822767286,True,
2024-11-21 12:15:00+00:00,2024-11-21 12:00:00+00:00,壓縮早突破,Binance,YFI/USDT:USDT,2024,LONG,5ecf990c6787c8ed555fdd752bae4c6e33b44ddad14bef3143c9c8fd607ee894,True,COMPLETE,2024-11-21T12:15:00+00:00,1.192468619246862,2.8033472803347284,2.833917344591204,0.9518828451882846,3.3472803347280338,2.6194053900854266,1.0585774058577406,EXPANDING_ALREADY,1.479305037391464,1.2851817152672051,1.0634814790886984,0.0,5.0,FLAT,0.803030303030303,0.803030303030303,0.8484848484848485,0.15151515151515152,0.045454545454545456,0.15151515151515152,1.380753138075314,0.1673640167364017,8.0,2.5860910031023785,CLEAN_EXPANSION,SPIKE_BREAKOUT,True,48.163921003715934,4.679846386404454,False,
2024-11-27 00:15:00+00:00,2024-11-27 00:00:00+00:00,壓縮早突破,Binance,DOT/USDT:USDT,2024,LONG,eb2b4fa97be6964f02d9f522a09ff99a8e41b7fecf384b0353101d80cbcc586a,True,COMPLETE,2024-11-27T00:15:00+00:00,0.7444561774023238,1.4149947201689594,1.4598995397598136,0.8606124604012693,2.0274551214361174,1.408082535577515,0.8299894403379113,MILD_COMPRESSION,0.4259394779525812,0.4678641932221878,0.4286594446156035,1.0,0.0,SUDDEN_SPIKE_ONLY,0.6100628930817734,0.6100628930817734,0.9496855345912002,0.05031446540879983,0.3396226415094268,0.05031446540879983,1.678986272439272,0.16895459345300978,0.016000000000000014,2.8519400278705866,CLEAN_EXPANSION,SPIKE_BREAKOUT,False,-11.301654903842676,-1.0490319793900464,True,
2024-12-06 08:45:00+00:00,2024-12-06 08:30:00+00:00,壓縮早突破,Binance,CKB/USDT:USDT,2024,LONG,b648618cfb5a760105ef733d7aec38109dcb002f9a9ccedb9223cf7a642e1519,True,COMPLETE,2024-12-06T08:45:00+00:00,0.9436325678496768,1.9373695198329863,1.9255995507883752,0.9561586638830777,2.171189979123177,1.8417810567381439,0.8283924843423818,MILD_COMPRESSION,0.48765973747457625,0.5266188381324465,0.3146278647788017,0.0,0.0,SUDDEN_SPIKE_ONLY,0.29133858267715934,0.29133858267715934,0.7244094488188922,0.27559055118110776,0.4330708661417329,0.27559055118110776,1.060542797494772,0.1503131524008409,1.8000000000000654e-05,3.103394040495908,WEAK_BREAK,SPIKE_BREAKOUT,False,-11.799952836637164,-1.1068962344456377,True,
2025-01-14 03:30:00+00:00,2025-01-14 03:15:00+00:00,壓縮早突破,Binance,1000LUNC/USDT:USDT,2024,LONG,47c5ae8fca1e7314ac39bdd65cbe6745a6780bd48e59ab1ab210e3022b6a2703,True,COMPLETE,2025-01-14T03:30:00+00:00,0.8576998050682277,2.6705653021442566,2.136438013071389,0.8479532163742745,2.8849902534113103,2.3687970485845464,0.9746588693957133,MILD_COMPRESSION,0.5240561456155673,0.5363167090783664,0.48527849362704367,1.0,1.0,SUDDEN_SPIKE_ONLY,0.7407407407407229,0.7407407407407229,0.987654320987642,0.012345679012357946,0.2469135802469191,0.012345679012357946,1.5789473684210553,0.2534113060428667,0.00012999999999999123,2.5469320414988177,CLEAN_EXPANSION,SPIKE_BREAKOUT,False,-11.679475172727363,-1.107857644801529,True,
2025-01-23 15:00:00+00:00,2025-01-23 14:45:00+00:00,壓縮早突破,Bitget,BGB/USDT:USDT,2024,LONG,20c5f60fe6c38e0a7178c4ae6ef05f902e9f29468fe264dde8ae7e2e66a5058a,False,COMPLETE,2025-01-23T15:00:00+00:00,0.9261744966442967,2.362416107382534,2.1759461570321035,0.7516778523489956,4.026845637583912,4.519146342275063,1.1275167785234923,MILD_COMPRESSION,1.171691517570833,1.1241381471130047,1.3796867655010427,1.0,4.0,FLAT,0.6901408450704305,0.6901408450704305,0.8169014084507049,0.18309859154929506,0.12676056338027447,0.18309859154929506,1.9060402684563729,0.34899328859060214,0.0129999999999999,2.9465779109334234,CLEAN_EXPANSION,SPIKE_BREAKOUT,,,,,
2025-02-23 07:15:00+00:00,2025-02-23 07:00:00+00:00,壓縮早突破,Binance,KSM/USDT:USDT,2024,LONG,a90d4701f48a387c2e2d034849da2280cf3f7cd65711608a772040ac9b91333e,True,COMPLETE,2025-02-23T07:15:00+00:00,0.8578745198463336,1.8693982074263484,1.8467663415139788,0.8706786171574888,3.008962868117802,2.3384901332115846,0.8527528809218851,MILD_COMPRESSION,0.4869003730285116,0.5636754094466623,0.5203329343193082,0.0,0.0,SUDDEN_SPIKE_ONLY,0.952941176470573,0.952941176470573,0.952941176470573,0.04705882352942701,0.0,0.04705882352942701,1.1011523687580334,1.0499359795134577,0.08200000000000074,3.4433401750027004,CLEAN_EXPANSION,SPIKE_BREAKOUT,False,-11.472537888584167,-1.1120971090670164,True,
2025-03-14 22:00:00+00:00,2025-03-14 21:45:00+00:00,壓縮早突破,Binance,1000SHIB/USDT:USDT,2024,LONG,349e5776da094a690d370741d93af50a5feb30ff4d52e8372a6c98599c9c774b,True,COMPLETE,2025-03-14T22:00:00+00:00,0.9642857142857189,2.0892857142857295,1.6760762229391486,0.9464285714285736,2.8928571428571255,2.531686942635311,1.003571428571429,MILD_COMPRESSION,0.5227326414693674,0.6475168973361831,0.47463689733581776,0.0,0.0,SUDDEN_SPIKE_ONLY,0.6777777777777825,0.6777777777777825,0.7111111111111107,0.2888888888888893,0.03333333333332819,0.2888888888888893,1.6071428571428543,1.0535714285714295,5.9000000000000025e-05,3.0668267427051767,WEAK_BREAK,SPIKE_BREAKOUT,True,19.644423342813766,1.9480355595460823,False,
2025-03-23 19:45:00+00:00,2025-03-23 19:30:00+00:00,均線假跌破站回,Binance,XLM/USDT:USDT,2024,LONG,98fdc9bb89a021bd0ead46b236e125db80e99d6c94b4cc0a3b95a0a3fc90d8bc,True,COMPLETE,2025-03-23T19:45:00+00:00,1.0061118946873409,3.1311706629054985,2.823408202320289,0.8744710860366841,3.3474377056887685,3.226576202307319,1.0362012223789396,EXPANDING_ALREADY,1.2275818500608602,0.9180332263487155,0.8331334422733873,2.0,1.0,FLAT,0.29761904761909797,0.29761904761909797,0.7619047619047745,0.2380952380952255,0.4642857142856765,0.2380952380952255,0.7898448519040445,-0.19746121297601113,-0.00020999999999998797,1.5597931100019458,WEAK_BREAK,NO_BASE_BREAKOUT,False,-11.771698888755902,-1.145032670764634,True,
2025-03-26 01:00:00+00:00,2025-03-26 00:45:00+00:00,壓縮早突破,Binance,TRUMP/USDT:USDT,2024,LONG,75e55eb6db9029c2bbc39f71defd38747b7fb6b78dda128fb92d6e295345c488,True,COMPLETE,2025-03-26T01:00:00+00:00,0.9273422562141437,2.122370936902462,1.7815661358228705,0.9464627151051634,3.059273422562107,2.051131575967832,1.1242829827915808,MILD_COMPRESSION,1.1613611927017846,0.9676494908252516,0.8051955733472929,1.0,3.0,FLAT,0.7910447761194133,0.7910447761194133,0.9104477611940267,0.08955223880597331,0.11940298507461342,0.08955223880597331,1.2810707456978987,0.8221797323135945,0.04300000000000104,2.236384136229827,CLEAN_EXPANSION,SPIKE_BREAKOUT,False,-11.176380893785472,-1.0997182468889597,True,
2025-04-02 10:30:00+00:00,2025-04-02 10:15:00+00:00,壓縮早突破,Binance,CFX/USDT:USDT,2024,LONG,cfdf70efdce02f2a6be52769d17adb643d8785d1aa47c09d5c55137b87f307f0,True,COMPLETE,2025-04-02T10:30:00+00:00,0.8943661971830954,2.1690140845070456,1.7700448912051996,0.9436619718309832,3.38028169014085,3.1321466584345243,1.0394366197183111,MILD_COMPRESSION,0.6484355761029531,0.8886015948046381,0.8676398758491658,1.0,2.0,SUDDEN_SPIKE_ONLY,0.7977528089887649,0.7977528089887649,0.7977528089887649,0.2022471910112351,0.0,0.2022471910112351,1.2676056338028163,0.21126760563379945,0.00014999999999999736,3.297254249736174,CLEAN_EXPANSION,SPIKE_BREAKOUT,False,-10.49279360918734,-1.0556101325019482,True,
2025-04-03 05:30:00+00:00,2025-04-03 05:15:00+00:00,均線假跌破站回,Binance,KAIA/USDT:USDT,2024,LONG,21512f46116e2df9502f15f98a0841809216b7efb1f78f1e00d7fb2ffbad0685,False,COMPLETE,2025-04-03T05:30:00+00:00,0.7200000000000089,2.079999999999991,2.10902821223425,0.8,2.2399999999999958,1.8757398540309294,0.9280000000000035,MILD_COMPRESSION,1.2796538343228536,1.1196039817630465,0.6733288088065807,0.0,3.0,FLAT,0.7142857142857086,0.7142857142857086,0.8571428571428543,0.14285714285714568,0.14285714285714568,0.14285714285714568,1.120000000000009,0.3200000000000089,0.00020000000000000573,2.090067291479957,CLEAN_EXPANSION,SPIKE_BREAKOUT,,,,,
2025-04-13 23:45:00+00:00,2025-04-13 23:30:00+00:00,均線假跌破站回,Binance,TRX/USDT:USDT,2024,LONG,af0979958ab2bda62ee56445dc224930680fe08b3b114ae9f6ab6f1f4fb3c73c,True,COMPLETE,2025-04-13T23:45:00+00:00,0.9167750325097345,1.9765929778933302,1.8660031798856227,0.9232769830949525,2.5617685305591396,1.9307180705297586,0.7958387516254921,MILD_COMPRESSION,0.7871740357853156,0.7697828524810605,0.5958978130549851,1.0,2.0,SUDDEN_SPIKE_ONLY,0.9204545454545914,0.9204545454545914,0.9204545454545914,0.07954545454540866,0.0,0.07954545454540866,1.1443433029908905,0.533159947984425,0.00041000000000002146,2.037925809141233,CLEAN_EXPANSION,SPIKE_BREAKOUT,False,-11.930071701810313,-1.2130097699470672,True,
2025-04-15 12:15:00+00:00,2025-04-15 12:00:00+00:00,壓縮早突破,Binance,EGLD/USDT:USDT,2024,LONG,8a6789270bea2c1a9031ccbe5bc8484c71f903d0a9f542bde7ba87193ac453ee,True,COMPLETE,2025-04-15T12:15:00+00:00,1.0182767624020987,2.0365535248041975,1.4985722019168712,0.9921671018276698,2.28024369016537,1.588325762679258,0.9503916449086173,NO_COMPRESSION,0.7668984392475756,0.7536650331681036,0.6761776696431181,1.0,1.0,SUDDEN_SPIKE_ONLY,0.5762711864406731,0.5762711864406731,0.7203389830508526,0.2796610169491473,0.14406779661017957,0.2796610169491473,2.0539599651871296,0.3829416884247222,0.02200000000000024,2.848606617263334,WEAK_BREAK,SPIKE_BREAKOUT,False,-11.243862895265044,-1.1572762284219993,True,
2025-05-04 11:15:00+00:00,2025-05-04 11:00:00+00:00,均線假跌破站回,Binance,FORM/USDT:USDT,2024,LONG,48aab0cb99ae52a82ce43c7eae88c9b700fc2d53787d91abdaa487e239999611,True,COMPLETE,2025-05-04T11:15:00+00:00,0.7392739273927373,2.0858085808580666,1.0837150159995035,0.8250825082508273,2.87788778877888,2.1699914666892917,0.6732673267326793,MILD_COMPRESSION,0.4521822775954675,0.5064227952851944,0.5563091633369451,2.0,1.0,FLAT,0.5238095238095318,0.5238095238095318,0.9428571428571489,0.057142857142851104,0.41904761904761706,0.057142857142851104,1.386138613861364,0.35643564356434243,0.0026999999999999247,1.2205369408806204,CLEAN_EXPANSION,WEAK_TRANSITION,True,43.80779185696949,4.574938343402274,False,
2025-05-06 09:30:00+00:00,2025-05-06 09:15:00+00:00,壓縮早突破,Binance,RIF/USDT:USDT,2024,LONG,b7486346ddd069554fd58fa578733886591ff90b5d337d5c33b71ccf4bfd41a8,True,COMPLETE,2025-05-06T09:30:00+00:00,0.9611451942740252,2.5357873210634057,2.3322747527486367,0.9202453987730044,2.740286298568524,2.946205065595408,1.382413087934564,MILD_COMPRESSION,1.1641401999095673,1.4453316634539266,1.636337711394643,1.0,4.0,FLAT,0.6279069767441849,0.6279069767441849,0.7674418604651256,0.23255813953487434,0.13953488372094075,0.23255813953487434,1.758691206543967,0.08179959100204168,1.9999999999999185e-05,3.2097807078467198,CLEAN_EXPANSION,SPIKE_BREAKOUT,False,-11.106930461618989,-1.1091756276313716,True,
2025-05-16 14:00:00+00:00,2025-05-16 13:45:00+00:00,壓縮早突破,Binance,ENA/USDT:USDT,2024,LONG,fb628517f988002ea822ea43e121fbf473bcd8939362dd08be705ef2042d07fb,True,COMPLETE,2025-05-16T14:00:00+00:00,0.990220048899762,2.0537897310513498,1.5415061384985904,0.9902200488997552,2.713936430317849,1.8218030327821118,1.0464547677261604,MILD_COMPRESSION,0.996058297949306,0.9532699081726398,0.9539837771783264,1.0,2.0,SUDDEN_SPIKE_ONLY,0.874999999999995,0.874999999999995,0.874999999999995,0.12500000000000497,0.0,0.12500000000000497,1.3936430317848507,0.5378973105134426,0.0021999999999999797,2.3094798944263313,CLEAN_EXPANSION,SPIKE_BREAKOUT,False,-10.302718326317358,-1.0404041945717304,True,
2025-05-19 05:30:00+00:00,2025-05-19 05:15:00+00:00,壓縮早突破,Binance,FHE/USDT:USDT,2024,LONG,88643f56211b7d7ea44d60ceaef25b69edbb6b89e60310965f794b8b409abda1,False,COMPLETE,2025-05-19T05:30:00+00:00,0.9959257582616616,1.9918515165233106,1.9053396749709257,0.9416025350837489,3.485740153915797,3.941083907696351,1.0303304662743338,MILD_COMPRESSION,1.41648147415904,1.388967898253088,1.5904532942105347,1.0,5.0,FLAT,0.7972972972973021,0.7972972972973021,0.9594594594594567,0.040540540540543325,0.16216216216215457,0.040540540540543325,0.6699864191942105,0.2535083748302425,0.00028000000000000247,2.5033271644820174,WEAK_BREAK,SPIKE_BREAKOUT,,,,,
2025-05-30 08:00:00+00:00,,,Binance,AIOT/USDT:USDT,2024,SHORT,14e92ca169ab7bbadcc78a782c97535e8f681e9aa11becadc2539c0c171ec908,True,DATA_MISSING,,,,,,,,,,,,,,,,,,,,,,,,,,,,True,53.4690527967132,5.522799040018933,False,TIMEZONE_REQUIRED
2025-05-31 17:15:00+00:00,2025-05-31 17:00:00+00:00,壓縮早突破,Binance,BANK/USDT:USDT,2024,LONG,715a04cf479aa1b40b9df60909d96040c8a2c6b1e6882bf2db02f3c0b39081c8,True,COMPLETE,2025-05-31T17:15:00+00:00,0.762038722488822,3.0878702631143433,2.774806155126904,0.7918252523580991,3.0878702631143433,2.238904627151593,0.926030117491305,MILD_COMPRESSION,0.730933739257761,0.9875664788141479,1.0448812200346838,2.0,2.0,SUDDEN_SPIKE_ONLY,0.5349716446124719,0.5349716446124719,0.7410207939508417,0.2589792060491583,0.20604914933836982,0.2589792060491583,1.7507860334271095,0.5940757901704415,0.0003589999999999982,2.918697363623606,WEAK_BREAK,SPIKE_BREAKOUT,False,-10.70799111170894,-1.0481379589703372,True,
2025-06-06 11:30:00+00:00,2025-06-06 11:15:00+00:00,壓縮早突破,Binance,TST/USDT:USDT,2024,LONG,e06927d4cb44440c4a0775cf94620ba5cfe3c9b6b1f5b272b437a6af585bc443,True,COMPLETE,2025-06-06T11:30:00+00:00,0.8888888888888868,2.6666666666666607,2.4745619390355738,0.8888888888888868,3.1111111111111196,2.8087165910588108,1.0666666666666642,MILD_COMPRESSION,0.682651804515103,0.7268057783503103,0.6514777096369925,1.0,0.0,SUDDEN_SPIKE_ONLY,0.7500000000000087,0.7500000000000087,1.0,0.0,0.2499999999999913,0.0,1.7777777777777737,1.3333333333333457,0.00030000000000000165,2.8313097378336787,CLEAN_EXPANSION,SPIKE_BREAKOUT,False,-11.041435462669067,-1.071509772348692,True,
2025-06-11 12:15:00+00:00,2025-06-11 12:00:00+00:00,壓縮早突破,Binance,ETHFI/USDT:USDT,2024,LONG,eb5cd3688a7e13ca64d39e168925ca4c522eb8b79f54b42cee6028f60339077a,True,COMPLETE,2025-06-11T12:15:00+00:00,0.8875739644970319,2.613412228796865,2.37703272507816,0.9714003944773207,2.9289940828402448,2.3692460070668253,1.0177514792899347,MILD_COMPRESSION,0.8735998013601882,0.9131892559213807,0.9371755099783801,0.0,2.0,SUDDEN_SPIKE_ONLY,0.4615384615384719,0.4615384615384719,0.8296703296703362,0.17032967032966384,0.3681318681318643,0.17032967032966384,1.7948717948717956,0.4635108481262477,0.0047000000000001485,2.490077273259378,WEAK_BREAK,SPIKE_BREAKOUT,False,-10.87951834837203,-1.0672321152578204,True,
2025-07-01 11:45:00+00:00,2025-07-01 11:30:00+00:00,壓縮早突破,Binance,KMNO/USDT:USDT,2024,LONG,e071af93639ced9a2cf75b9bbac610606c1c0ccf1840b6938d5fc5d327286bf1,True,COMPLETE,2025-07-01T11:45:00+00:00,0.9151193633952182,2.148541114058364,2.044162008162434,0.8753315649867364,2.7851458885941636,2.419606707559808,1.2732095490716182,MILD_COMPRESSION,1.6645727760383633,1.2959542043818617,1.2077000918310186,0.0,4.0,FLAT,0.826086956521747,0.826086956521747,0.826086956521747,0.173913043478253,0.0,0.173913043478253,0.6100795755968182,0.05305039787798179,1.9999999999999185e-05,1.6802902708834775,WEAK_BREAK,WEAK_TRANSITION,False,-11.762202204970352,-1.096242598296784,True,
2025-07-04 15:45:00+00:00,2025-07-04 15:15:00+00:00,壓縮早突破,Binance,BTCDOM/USDT:USDT,2024,LONG,586e853add3b61b3f5a8974218f00c7da5ebc150250a99d75115f6a8bc797bda,True,COMPLETE,2025-07-04T15:30:00+00:00,1.139311900733203,3.3502538071065575,2.538447048669553,1.0265087422448176,4.613649182177031,2.994047433908417,1.3784545967286874,EXPANDING_ALREADY,1.285321210671133,2.40445029309726,1.0201787500490658,0.0,6.0,EXHAUSTED_HIGH_VOLUME,0.7933333333333698,0.7933333333333698,0.8133333333333213,0.1866666666666788,0.019999999999951494,0.1866666666666788,1.6920473773265545,0.857304004512162,7.600000000000364,2.3360051006466893,CLEAN_EXPANSION,SPIKE_BREAKOUT,False,-12.442340304921778,-1.1987011685285611,True,
2025-07-09 05:00:00+00:00,2025-07-09 04:45:00+00:00,壓縮早突破,Binance,FLUX/USDT:USDT,2024,LONG,a0789658e295229bbc999153fbae3c04ab08e1e6ba161d1f585a41b02ee79d1e,True,COMPLETE,2025-07-09T05:00:00+00:00,0.8021390374331548,2.6737967914438494,2.5213209056954757,0.8556149732620258,3.3155080213903614,2.9551200834964595,0.919786096256683,MILD_COMPRESSION,2.7416987695388055,1.8892908488825206,1.7034902100466005,1.0,5.0,FLAT,0.4999999999999826,0.4999999999999826,0.7499999999999913,0.25000000000000866,0.25000000000000866,0.25000000000000866,0.8556149732620258,0.21390374331551387,0.00020000000000000573,1.606181038539978,WEAK_BREAK,WEAK_TRANSITION,True,47.53231563800705,4.634844541072562,False,
2025-07-10 07:00:00+00:00,2025-07-10 06:45:00+00:00,壓縮早突破,Binance,ARPA/USDT:USDT,2024,LONG,c27fbd2ff3f2ebc05c1b769e78ad830c56c6d1e40658324858d2670a2811e77c,True,COMPLETE,2025-07-10T07:00:00+00:00,0.9032258064516213,2.838709677419375,2.8387096774193163,0.9032258064516213,2.838709677419375,2.2290766066266317,1.0838709677419367,MILD_COMPRESSION,2.3638685860231647,1.429794393734166,1.3465571662058642,3.0,3.0,HEALTHY_BUILD,0.9090909090909148,0.9090909090909148,0.9090909090909148,0.09090909090908518,0.0,0.09090909090908518,1.41935483870971,0.5161290322580885,4.000000000000184e-05,2.2433577222610586,CLEAN_EXPANSION,HEALTHY_TRANSITION,True,47.486567987779374,4.632926663920932,False,
2025-07-14 22:30:00+00:00,2025-07-14 22:15:00+00:00,壓縮早突破,Binance,MOCA/USDT:USDT,2024,LONG,7ad6d4ccb0c432b0be5b6e08e3bd1963502507bd9a9e0a00c34437e0c96885f7,True,COMPLETE,2025-07-14T22:30:00+00:00,0.724637681159423,3.7487922705314065,2.486660718344396,0.8599033816425163,3.7487922705314065,2.885311956808162,0.8154589371980703,MILD_COMPRESSION,0.9995911826839481,0.9736957000508578,0.7037581691439974,1.0,3.0,SUDDEN_SPIKE_ONLY,0.7142857142857036,0.7142857142857036,0.7142857142857036,0.28571428571429636,0.0,0.28571428571429636,1.101449275362324,0.6956521739130439,0.0003599999999999992,2.9696365055955583,WEAK_BREAK,SPIKE_BREAKOUT,False,-11.905576090426186,-1.0624650119165582,True,
2025-01-20 23:30:00+00:00,2025-01-20 23:15:00+00:00,壓縮早突破,Binance,POWR/USDT:USDT,2024,LONG,58a2c1db71b7ab367072088bf6708bf40603391224ae2ecedab4333f106cece4,True,COMPLETE,2025-01-20T23:30:00+00:00,1.0474308300395205,3.3992094861660083,2.8829379492190554,0.9288537549407193,3.4387351778656305,2.1372218040697852,1.0434782608695647,EXPANDING_ALREADY,0.49078622585968934,0.5692344528415916,0.6764281266514252,1.0,0.0,SUDDEN_SPIKE_ONLY,0.5652173913043468,0.5652173913043468,0.9347826086956592,0.06521739130434075,0.3695652173913125,0.06521739130434075,1.8181818181818163,0.2371541501976244,0.0005999999999999894,2.4768876718821455,CLEAN_EXPANSION,SPIKE_BREAKOUT,False,-10.9472718695936,-1.0500373551930933,True,
2025-03-05 01:45:00+00:00,2025-03-05 01:30:00+00:00,均線假跌破站回,Binance,BNB/USDT:USDT,2024,LONG,b51440090638a21fdfafb859b8d5d84b4de5941987e00da455ab94ac1d5b8e24,True,COMPLETE,2025-03-05T01:45:00+00:00,0.8283358320839679,2.1739130434782767,1.1755006750689245,0.8039730134932642,2.653673163418294,1.571314351570487,0.9422788605697315,MILD_COMPRESSION,0.5542798527503484,0.6290255190025362,0.4966731545600628,1.0,0.0,FLAT,0.5623409669211071,0.5623409669211071,0.6972010178116871,0.3027989821883129,0.13486005089058,0.3027989821883129,1.4730134932533478,-0.11244377811096959,-0.3000000000000682,1.5276652608567967,WEAK_BREAK,WEAK_TRANSITION,False,-11.71820542418737,-1.148685532606171,True,
2025-04-01 06:45:00+00:00,2025-04-01 06:30:00+00:00,壓縮早突破,Binance,ETC/USDT:USDT,2024,LONG,2e079aa090186ec3b232ead6d32c9cbbc9e86339c066bdf07b2d93fc5f60b9b4,True,COMPLETE,2025-04-01T06:45:00+00:00,0.9164420485175204,2.4079065588499544,2.2209362997495656,0.9433962264150955,3.9353099730457686,3.1590193002783318,0.9883198562443767,MILD_COMPRESSION,0.8229168662632644,0.8644054857916924,0.9633760065441885,0.0,2.0,SUDDEN_SPIKE_ONLY,0.6545454545454504,0.6545454545454504,0.7363636363636358,0.2636363636363642,0.08181818181818534,0.2636363636363642,1.9766397124887534,1.0601976639712647,0.05900000000000105,2.5556037119925024,WEAK_BREAK,SPIKE_BREAKOUT,False,-11.115821772015336,-1.1059214532387065,True,
2025-04-03 06:45:00+00:00,2025-04-03 06:30:00+00:00,壓縮早突破,Binance,COMP/USDT:USDT,2024,LONG,471c249b0d804ab6f898555d3e543d6bedd77aa6c1b6876c3aca92d5e331fc48,False,COMPLETE,2025-04-03T06:45:00+00:00,1.0366492146596875,3.5602094240837743,3.723142633491744,1.0157068062827208,3.685863874345559,3.3641748190206817,1.1811518324607355,EXPANDING_ALREADY,1.146368743190379,2.035940415489845,1.86034946860028,0.0,5.0,EXHAUSTED_HIGH_VOLUME,0.6396396396396408,0.6396396396396408,0.8198198198198172,0.18018018018018284,0.18018018018017642,0.18018018018018284,2.3246073298429297,0.04188481675391835,0.01999999999999602,2.974120249980975,CLEAN_EXPANSION,SPIKE_BREAKOUT,,,,,
2025-04-04 07:15:00+00:00,2025-04-04 07:00:00+00:00,壓縮早突破,Binance,PROM/USDT:USDT,2024,LONG,e45c436114f220e925410bfe55b5e99fed883a1c59a9986e53bfd55da3b63f18,False,COMPLETE,2025-04-04T07:15:00+00:00,0.885416666666665,4.322916666666693,4.042418314985913,0.8854166666666419,4.322916666666693,4.177050050522037,0.614583333333328,MILD_COMPRESSION,0.47476455873335427,1.4210293935001759,1.4229067317433983,1.0,1.0,SUDDEN_SPIKE_ONLY,0.6111111111111248,0.6111111111111248,0.7777777777777997,0.22222222222220028,0.1666666666666749,0.22222222222220028,0.9374999999999928,0.312500000000013,0.006000000000000227,3.098367331827774,WEAK_BREAK,SPIKE_BREAKOUT,,,,,
2025-04-19 16:30:00+00:00,2025-04-19 16:15:00+00:00,壓縮早突破,Binance,NEO/USDT:USDT,2024,LONG,8967ff647b054c10023c8656cfa7e5bf6d67538890ea68a6538c14129b2d4b73,True,COMPLETE,2025-04-19T16:30:00+00:00,0.8495145631067978,2.9611650485437235,2.5959529325207784,0.9708737864077659,3.009708737864085,2.451786721941709,1.184466019417498,MILD_COMPRESSION,1.0487682774916125,0.8583427742648132,0.9385820484586217,1.0,1.0,FLAT,0.4285714285714044,0.4285714285714044,0.7142857142857022,0.2857142857142978,0.2857142857142978,0.2857142857142978,1.019417475728149,0.29126213592229744,0.005999999999999339,1.214751593633337,WEAK_BREAK,WEAK_TRANSITION,False,-10.982191956808652,-1.1435780660280392,True,
2025-04-20 11:45:00+00:00,2025-04-20 11:30:00+00:00,均線假跌破站回,Binance,APT/USDT:USDT,2024,LONG,97b334c40ffff810a4dc15174ca0f69fe44959eec325f8f023a0b4187261a1c7,True,COMPLETE,2025-04-20T11:45:00+00:00,0.7160438576862678,2.246587603490697,2.1112280523781717,0.823450436339199,3.101364958603697,2.212709665784262,0.9120608637278971,MILD_COMPRESSION,2.581303042253696,1.8903287778712816,1.9802053780882642,0.0,6.0,FLAT,0.5909090909090986,0.5909090909090986,0.772727272727262,0.22727272727273798,0.18181818181816348,0.22727272727273798,1.1814723651823629,0.4072499440590806,0.009100000000000108,2.0074123765434146,CLEAN_EXPANSION,SPIKE_BREAKOUT,True,18.37116750086981,1.935123362325892,False,
2025-05-01 07:30:00+00:00,2025-05-01 07:15:00+00:00,壓縮早突破,Binance,BIO/USDT:USDT,2024,LONG,6dfc953e87096297daebe655b851de041a904b226b8b9553bc265c205c8bec3f,True,COMPLETE,2025-05-01T07:30:00+00:00,0.9600515463917547,2.1391752577319494,1.442320636757173,1.0180412371133996,2.938144329896909,2.3287668284764944,1.0180412371133996,MILD_COMPRESSION,0.6298600028183212,0.5750577305112374,0.5156228263354817,0.0,0.0,SUDDEN_SPIKE_ONLY,0.5222929936305735,0.5222929936305735,0.7898089171974544,0.2101910828025456,0.26751592356688103,0.2101910828025456,2.0231958762886597,0.2835051546391723,0.00021999999999999797,2.965354039176237,CLEAN_EXPANSION,SPIKE_BREAKOUT,False,-10.164716452458164,-1.0503724319306933,True,
2025-05-17 17:15:00+00:00,2025-05-17 16:15:00+00:00,均線假跌破站回,Binance,BTCDOM/USDT:USDT,2024,LONG,bff2408b1adf1808b6289f733ad59498de0b84bd3cce1241a4f6a2a945415561,True,COMPLETE,2025-05-17T16:30:00+00:00,0.996406403136214,2.0777523685070642,1.6098888344671893,1.0356092780136996,3.8549493629533362,2.5407915664721648,0.9460960470434581,MILD_COMPRESSION,1.194150416661435,0.8647608225244116,0.6998409692913226,1.0,1.0,FLAT,0.7149758454106431,0.7149758454106431,0.8357487922705475,0.16425120772945248,0.12077294685990445,0.16425120772945248,1.3524991832734468,-0.574975498203162,-8.799999999999272,1.3682562171432833,WEAK_BREAK,WEAK_TRANSITION,False,-11.807073038396718,-1.204854502633387,True,
2025-06-02 04:00:00+00:00,2025-06-02 03:45:00+00:00,均線假跌破站回_延後一根確認,Binance,KAVA/USDT:USDT,2024,LONG,4feb87d3b655f7742b98a878abe859360f034fcffc893e9e257fea723b7cf18f,True,COMPLETE,2025-06-02T04:00:00+00:00,0.7221006564551371,2.5382932166301897,2.4840464591157154,0.8096280087527449,4.770240700218837,2.554441015551924,0.8752735229759276,MILD_COMPRESSION,0.6305285805006579,0.4739498772296321,0.5354730104031903,3.0,0.0,FLAT,0.4000000000000111,0.4000000000000111,0.9000000000000111,0.0999999999999889,0.5,0.0999999999999889,0.43763676148796626,-0.08752735229758353,-0.00019999999999997797,0.9798619258414796,WEAK_BREAK,WEAK_TRANSITION,True,19.54348120700716,1.9332517055479257,False,
2025-06-12 13:45:00+00:00,2025-06-12 13:30:00+00:00,均線假跌破站回,Binance,BCH/USDT:USDT,2024,LONG,b2ccd1f4d2b1414226de9e887d0178677a466d73af3854b71de822fd82185e77,False,COMPLETE,2025-06-12T13:45:00+00:00,0.7073544433095058,2.7221654749744713,3.3133592040446307,0.7201225740551676,3.146067415730334,3.185898088778538,0.8672114402451506,MILD_COMPRESSION,0.5303323568186286,0.7027180824576164,0.8653588085027815,0.0,1.0,FLAT,0.49056603773583085,0.49056603773583085,0.8459119496855321,0.15408805031446793,0.3553459119497012,0.15408805031446793,1.6241062308477994,0.6690500510724918,1.3099999999999454,1.5604424516548208,WEAK_BREAK,WEAK_TRANSITION,,,,,
2025-06-14 10:45:00+00:00,2025-06-14 10:30:00+00:00,壓縮早突破,Binance,ZK/USDT:USDT,2024,LONG,88764329f44e6f9ebe59d8597e5bfa2d6c4aa4bc4269fb525e0dd39a256df11b,True,COMPLETE,2025-06-14T10:45:00+00:00,0.7587253414264158,1.6691957511380746,1.5862985548251276,0.8649468892261027,4.4916540212443214,3.829722059597111,0.8133535660091062,MILD_COMPRESSION,0.4882719237520714,0.4279596671269524,0.565258873181379,4.0,0.0,SUDDEN_SPIKE_ONLY,0.6842105263157703,0.6842105263157703,0.8421052631578851,0.15789473684211489,0.15789473684211489,0.15789473684211489,1.1532625189681511,0.18209408194232968,5.9999999999997555e-05,2.825690194291108,CLEAN_EXPANSION,SPIKE_BREAKOUT,False,-10.671716451446564,-1.058140493275158,True,
2025-06-14 21:30:00+00:00,2025-06-14 21:15:00+00:00,壓縮早突破,Binance,1000RATS/USDT:USDT,2024,LONG,60726a1e806c8c29a01e9446981457e3e066dd141baefb9ea11c1fc446ee1a2a,True,COMPLETE,2025-06-14T21:30:00+00:00,1.1029411764705923,3.4313725490195983,3.128722312130092,0.8823529411764671,3.4313725490195983,2.7362207650983965,1.1372549019607803,EXPANDING_ALREADY,1.0238874331948062,1.2059879439330192,1.0861491525578948,1.0,3.0,FLAT,0.6999999999999931,0.6999999999999931,1.0,0.0,0.30000000000000693,0.0,0.9803921568627375,0.49019607843136875,9.99999999999994e-05,2.25176196632569,WEAK_BREAK,SPIKE_BREAKOUT,False,-10.472507179258876,-1.0494932640582704,True,
2025-06-18 20:30:00+00:00,2025-06-18 20:15:00+00:00,壓縮早突破,Binance,TUT/USDT:USDT,2024,LONG,571778b90815bace88654971f978bc72b3bcee73280d2f864baaab3413ab488b,True,COMPLETE,2025-06-18T20:30:00+00:00,0.8955223880597009,2.3880597014925358,2.162811585439193,0.9514925373134363,3.1343283582089465,2.789896578214103,1.074626865671631,MILD_COMPRESSION,0.8979769661312345,0.917498238351785,0.84709915875721,1.0,1.0,SUDDEN_SPIKE_ONLY,0.7631578947368416,0.7631578947368416,0.789473684210534,0.21052631578946598,0.02631578947369238,0.21052631578946598,1.4179104477611835,0.5597014925373017,0.00014999999999999736,2.214198545145105,CLEAN_EXPANSION,SPIKE_BREAKOUT,True,19.41964410074108,1.9667639197338136,False,
2025-06-28 02:45:00+00:00,2025-06-28 02:30:00+00:00,壓縮早突破,Binance,JUP/USDT:USDT,2024,LONG,5b0076d68dbbb976f18945ce75bb281ff886c5bb748d2728d4c0ef5afbc913ca,True,COMPLETE,2025-06-28T02:45:00+00:00,1.1294765840220382,2.975206611570231,3.575753331038662,1.0192837465564701,3.085399449035814,3.586349434782326,1.0798898071625334,EXPANDING_ALREADY,0.7395187566811336,0.6984213424670428,0.601359529653471,0.0,1.0,SUDDEN_SPIKE_ONLY,0.913043478260856,0.913043478260856,0.9565217391304159,0.043478260869584104,0.04347826086955997,0.043478260869584104,1.2672176308540097,1.0468319559228432,0.0018999999999999573,2.281434712040951,CLEAN_EXPANSION,SPIKE_BREAKOUT,True,46.79595022805856,4.647940930036072,False,
2025-06-28 12:15:00+00:00,2025-06-28 12:00:00+00:00,壓縮早突破,Binance,RIF/USDT:USDT,2024,LONG,a4692c9f64c8d77f9229216144fbc04850db11db842e5aee0fe5da8c45869447,True,COMPLETE,2025-06-28T12:15:00+00:00,0.8906882591093291,3.1578947368421084,3.365928694870688,0.9716599190282977,4.210526315789459,4.204293112792606,0.7935222672064937,MILD_COMPRESSION,0.8655641914307771,0.8960082128197849,0.9382879623724941,0.0,2.0,SUDDEN_SPIKE_ONLY,0.6400000000000011,0.6400000000000011,0.7999999999999945,0.20000000000000556,0.15999999999999334,0.20000000000000556,2.0242914979757045,0.8097165991902482,9.999999999999593e-05,3.184080411825747,CLEAN_EXPANSION,SPIKE_BREAKOUT,True,19.34983657430915,1.9228241254742533,False,
2025-07-01 15:30:00+00:00,2025-07-01 15:15:00+00:00,壓縮早突破,Binance,AIOT/USDT:USDT,2024,LONG,b49e203b917f2f97d01adf503df50f98e00d0ba378a0f27c0d9cf9372783e386,True,COMPLETE,2025-07-01T15:30:00+00:00,0.8743169398907102,2.2404371584699554,2.408469041323851,0.9517304189435476,2.3770491803278633,2.0170818871210585,0.9417122040072898,MILD_COMPRESSION,0.7984277225816778,0.6739738809698888,0.6009747262360581,1.0,1.0,SUDDEN_SPIKE_ONLY,0.6521739130434817,0.6521739130434817,0.6521739130434817,0.34782608695651823,0.0,0.34782608695651823,1.885245901639354,1.1566484517304096,0.0012699999999999934,2.691895970686601,WEAK_BREAK,SPIKE_BREAKOUT,False,-11.29409047062924,-1.0642814785596455,True,
2025-07-02 01:45:00+00:00,2025-07-02 01:30:00+00:00,均線假跌破站回,Binance,SANTOS/USDT:USDT,2024,LONG,ed199875856c560373ed9a1bbea7e72e194a2fd2ba8cc50641bd5f5ad1c33968,False,COMPLETE,2025-07-02T01:45:00+00:00,0.8808290155440487,2.4870466321243567,2.660206767459786,0.8808290155440487,3.1088082901554457,2.430129145780576,1.1398963730569944,MILD_COMPRESSION,1.6259253729712801,1.4453236423311329,0.6564015607135887,0.0,5.0,FLAT,0.25,0.25,1.0,0.0,0.75,0.0,0.8290155440414522,-0.5181347150258961,-0.004999999999999893,2.1717211500590783,WEAK_BREAK,SPIKE_BREAKOUT,,,,,
2025-07-04 03:30:00+00:00,2025-07-04 03:15:00+00:00,壓縮早突破,Binance,BROCCOLIF3B/USDT:USDT,2024,LONG,6e04b66ba4e6d47707aeccd8c840f6e54de7bcc994b474518d49d55430555292,True,COMPLETE,2025-07-04T03:30:00+00:00,1.0561370123691722,1.8268315889629043,1.614257663973228,0.8753568030447036,1.8268315889629043,1.6630339463945063,1.320647002854425,EXPANDING_ALREADY,1.8127304778038835,1.7633442483730952,1.7834251901467972,0.0,5.0,FLAT,0.6164383561644047,0.6164383561644047,0.6986301369863095,0.3013698630136905,0.08219178082190479,0.3013698630136905,1.503330161750732,0.5137963843958323,2.700000000000098e-05,1.4957921734952069,WEAK_BREAK,NO_BASE_BREAKOUT,False,-11.914676357185757,-1.1231274834913647,True,
2025-07-04 13:45:00+00:00,2025-07-04 13:30:00+00:00,均線假跌破站回,Binance,ASTR/USDT:USDT,2024,LONG,3e272125655f9c13b768a9254ab76d91ed1a55d49212f1b18e5a4f3f0cd77092,False,COMPLETE,2025-07-04T13:45:00+00:00,0.7620320855614997,2.5133689839572213,2.7510382057131304,0.7620320855614997,3.2709447415329613,3.126167284319012,0.803921568627455,MILD_COMPRESSION,0.7108101746984679,0.7066484302381377,0.8348252322627415,2.0,0.0,FLAT,0.7,0.7,0.8,0.2,0.1,0.2,1.2477718360071377,0.33868092691621865,3.799999999999984e-05,1.3909605455276177,CLEAN_EXPANSION,WEAK_TRANSITION,,,,,
2025-07-31 22:45:00+00:00,2025-07-31 22:30:00+00:00,壓縮早突破,Binance,BTCDOM/USDT:USDT,2024,LONG,3b970f2ed0ea8b61eeaeee204af1115a998237da0d856d2f85d2be72a166dc8b,True,COMPLETE,2025-07-31T22:45:00+00:00,0.9197135318507333,2.2389747455710673,1.7595205957498183,0.9197135318507333,2.3671315491896,1.6783149200506013,1.0780248774971735,MILD_COMPRESSION,1.1562191222351026,0.9468986729530878,0.7792980464056041,0.0,1.0,FLAT,0.7192982456140686,0.7192982456140686,0.8011695906432897,0.19883040935671023,0.08187134502922111,0.19883040935671023,1.2891066716923993,0.24877497173013383,3.300000000000182,1.7825361010830323,CLEAN_EXPANSION,WEAK_TRANSITION,False,-1.2390609014726697,-0.1117624180464521,False,
