year,direction,family,state,Trades,TP1,TP1_rate,Loss,Full_Stop,Avg_R,Net
2023,LONG,compression,EXPANDING_ALREADY,14,3,21.428571428571427,11,11,-0.36316230764455987,-49.73075625437508
2023,LONG,compression,MILD_COMPRESSION,31,6,19.35483870967742,25,24,-0.1170848467206895,-38.02333029667061
2023,LONG,compression,NO_COMPRESSION,1,0,0.0,1,1,-1.147500904538845,-11.707722347848982
2023,LONG,volume_state,EXHAUSTED_HIGH_VOLUME,2,0,0.0,2,2,-1.0622516671897357,-21.586688281376077
2023,LONG,volume_state,FLAT,7,3,42.857142857142854,4,3,1.2566120884269354,81.68549992220119
2023,LONG,volume_state,SUDDEN_SPIKE_ONLY,37,6,16.216216216216218,31,31,-0.4468428309327875,-159.56062053971976
2023,LONG,quality,CLEAN_EXPANSION,21,6,28.57142857142857,15,14,0.23658516052443712,42.21653565929073
2023,LONG,quality,WEAK_BREAK,25,3,12.0,22,22,-0.5931876732366894,-141.6783445581854
2023,LONG,transition,SPIKE_BREAKOUT,45,8,17.77777777777778,37,36,-0.32218376525081754,-145.82333727512147
2023,LONG,transition,WEAK_TRANSITION,1,1,100.0,0,0,4.636865976382733,46.36152837622679
2023,LONG,entry_mode,均線假跌破站回,7,0,0.0,7,6,-0.9773224442726821,-65.46416739114086
2023,LONG,entry_mode,壓縮早突破,39,9,23.076923076923077,30,30,-0.07743964999987896,-33.99764150775381
2023,ALL,compression,EXPANDING_ALREADY,14,3,21.428571428571427,11,11,-0.36316230764455987,-49.73075625437508
2023,ALL,compression,MILD_COMPRESSION,31,6,19.35483870967742,25,24,-0.1170848467206895,-38.02333029667061
2023,ALL,compression,NO_COMPRESSION,1,0,0.0,1,1,-1.147500904538845,-11.707722347848982
2023,ALL,volume_state,EXHAUSTED_HIGH_VOLUME,2,0,0.0,2,2,-1.0622516671897357,-21.586688281376077
2023,ALL,volume_state,FLAT,7,3,42.857142857142854,4,3,1.2566120884269354,81.68549992220119
2023,ALL,volume_state,SUDDEN_SPIKE_ONLY,37,6,16.216216216216218,31,31,-0.4468428309327875,-159.56062053971976
2023,ALL,quality,CLEAN_EXPANSION,21,6,28.57142857142857,15,14,0.23658516052443712,42.21653565929073
2023,ALL,quality,WEAK_BREAK,25,3,12.0,22,22,-0.5931876732366894,-141.6783445581854
2023,ALL,transition,SPIKE_BREAKOUT,45,8,17.77777777777778,37,36,-0.32218376525081754,-145.82333727512147
2023,ALL,transition,WEAK_TRANSITION,1,1,100.0,0,0,4.636865976382733,46.36152837622679
2023,ALL,entry_mode,均線假跌破站回,7,0,0.0,7,6,-0.9773224442726821,-65.46416739114086
2023,ALL,entry_mode,壓縮早突破,39,9,23.076923076923077,30,30,-0.07743964999987896,-33.99764150775381
2024,LONG,compression,EXPANDING_ALREADY,10,3,30.0,7,7,0.344807463479406,34.04448407212221
2024,LONG,compression,MILD_COMPRESSION,34,10,29.411764705882355,24,23,0.14251715182217492,42.231619918128956
2024,LONG,compression,NO_COMPRESSION,1,0,0.0,1,1,-1.1572762284219993,-11.243862895265044
2024,LONG,volume_state,EXHAUSTED_HIGH_VOLUME,1,0,0.0,1,1,-1.1987011685285611,-12.442340304921778
2024,LONG,volume_state,FLAT,18,6,33.33333333333333,12,11,0.5471751297374742,95.35188280490624
2024,LONG,volume_state,HEALTHY_BUILD,1,1,100.0,0,0,4.632926663920932,47.486567987779374
2024,LONG,volume_state,SUDDEN_SPIKE_ONLY,25,6,24.0,19,19,-0.24587985049363578,-65.36386939277773
2024,LONG,quality,CLEAN_EXPANSION,25,9,36.0,16,15,0.5773572762443497,140.3825947353192
2024,LONG,quality,WEAK_BREAK,20,4,20.0,16,16,-0.36487751688913667,-75.35035364033311
2024,LONG,transition,HEALTHY_TRANSITION,1,1,100.0,0,0,4.632926663920932,47.486567987779374
2024,LONG,transition,NO_BASE_BREAKOUT,2,0,0.0,2,2,-1.1340800771279995,-23.686375245941658
2024,LONG,transition,SPIKE_BREAKOUT,34,9,26.47058823529412,25,25,-0.04900871805149566,-22.14280682299956
2024,LONG,transition,WEAK_TRANSITION,8,3,37.5,5,4,0.8047389340514911,63.37485517614793
2024,LONG,entry_mode,均線假跌破站回,6,2,33.33333333333333,4,4,0.2997465382961512,14.951910304688996
2024,LONG,entry_mode,均線假跌破站回_延後一根確認,1,1,100.0,0,0,1.9332517055479257,19.54348120700716
2024,LONG,entry_mode,壓縮早突破,38,10,26.31578947368421,28,27,0.08959606928950468,30.536849583289936
2024,ALL,compression,EXPANDING_ALREADY,10,3,30.0,7,7,0.344807463479406,34.04448407212221
2024,ALL,compression,MILD_COMPRESSION,34,10,29.411764705882355,24,23,0.14251715182217492,42.231619918128956
2024,ALL,compression,NO_COMPRESSION,1,0,0.0,1,1,-1.1572762284219993,-11.243862895265044
2024,ALL,volume_state,EXHAUSTED_HIGH_VOLUME,1,0,0.0,1,1,-1.1987011685285611,-12.442340304921778
2024,ALL,volume_state,FLAT,18,6,33.33333333333333,12,11,0.5471751297374742,95.35188280490624
2024,ALL,volume_state,HEALTHY_BUILD,1,1,100.0,0,0,4.632926663920932,47.486567987779374
2024,ALL,volume_state,SUDDEN_SPIKE_ONLY,25,6,24.0,19,19,-0.24587985049363578,-65.36386939277773
2024,ALL,quality,CLEAN_EXPANSION,25,9,36.0,16,15,0.5773572762443497,140.3825947353192
2024,ALL,quality,WEAK_BREAK,20,4,20.0,16,16,-0.36487751688913667,-75.35035364033311
2024,ALL,transition,HEALTHY_TRANSITION,1,1,100.0,0,0,4.632926663920932,47.486567987779374
2024,ALL,transition,NO_BASE_BREAKOUT,2,0,0.0,2,2,-1.1340800771279995,-23.686375245941658
2024,ALL,transition,SPIKE_BREAKOUT,34,9,26.47058823529412,25,25,-0.04900871805149566,-22.14280682299956
2024,ALL,transition,WEAK_TRANSITION,8,3,37.5,5,4,0.8047389340514911,63.37485517614793
2024,ALL,entry_mode,均線假跌破站回,6,2,33.33333333333333,4,4,0.2997465382961512,14.951910304688996
2024,ALL,entry_mode,均線假跌破站回_延後一根確認,1,1,100.0,0,0,1.9332517055479257,19.54348120700716
2024,ALL,entry_mode,壓縮早突破,38,10,26.31578947368421,28,27,0.08959606928950468,30.536849583289936
COMBINED,LONG,compression,EXPANDING_ALREADY,24,6,25.0,18,18,-0.06817490300957402,-15.686272182252871
COMBINED,LONG,compression,MILD_COMPRESSION,65,16,24.615384615384617,49,47,0.018706967901731947,4.208289621458363
COMBINED,LONG,compression,NO_COMPRESSION,2,0,0.0,2,2,-1.152388566480422,-22.951585243114025
COMBINED,LONG,volume_state,EXHAUSTED_HIGH_VOLUME,3,0,0.0,3,3,-1.1077348343026776,-34.029028586297855
COMBINED,LONG,volume_state,FLAT,25,9,36.0,16,14,0.745817478170523,177.03738272710746
COMBINED,LONG,volume_state,HEALTHY_BUILD,1,1,100.0,0,0,4.632926663920932,47.486567987779374
COMBINED,LONG,volume_state,SUDDEN_SPIKE_ONLY,62,12,19.35483870967742,50,50,-0.36580937107829076,-224.9244899324975
COMBINED,LONG,quality,CLEAN_EXPANSION,46,15,32.608695652173914,31,29,0.4217873973287375,182.59913039460992
COMBINED,LONG,quality,WEAK_BREAK,45,7,15.555555555555555,38,38,-0.4917164926377772,-217.02869819851847
COMBINED,LONG,transition,HEALTHY_TRANSITION,1,1,100.0,0,0,4.632926663920932,47.486567987779374
COMBINED,LONG,transition,NO_BASE_BREAKOUT,2,0,0.0,2,2,-1.1340800771279995,-23.686375245941658
COMBINED,LONG,transition,SPIKE_BREAKOUT,79,17,21.518987341772153,62,61,-0.20461475759541317,-167.96614409812102
COMBINED,LONG,transition,WEAK_TRANSITION,9,4,44.44444444444444,5,4,1.2305308276438511,109.73638355237472
COMBINED,LONG,entry_mode,均線假跌破站回,13,2,15.384615384615385,11,10,-0.38790599077937454,-50.512257086451854
COMBINED,LONG,entry_mode,均線假跌破站回_延後一根確認,1,1,100.0,0,0,1.9332517055479257,19.54348120700716
COMBINED,LONG,entry_mode,壓縮早突破,77,19,24.675324675324674,58,57,0.0049935621169597075,-3.4607919244638894
COMBINED,ALL,compression,EXPANDING_ALREADY,24,6,25.0,18,18,-0.06817490300957402,-15.686272182252871
COMBINED,ALL,compression,MILD_COMPRESSION,65,16,24.615384615384617,49,47,0.018706967901731947,4.208289621458363
COMBINED,ALL,compression,NO_COMPRESSION,2,0,0.0,2,2,-1.152388566480422,-22.951585243114025
COMBINED,ALL,volume_state,EXHAUSTED_HIGH_VOLUME,3,0,0.0,3,3,-1.1077348343026776,-34.029028586297855
COMBINED,ALL,volume_state,FLAT,25,9,36.0,16,14,0.745817478170523,177.03738272710746
COMBINED,ALL,volume_state,HEALTHY_BUILD,1,1,100.0,0,0,4.632926663920932,47.486567987779374
COMBINED,ALL,volume_state,SUDDEN_SPIKE_ONLY,62,12,19.35483870967742,50,50,-0.36580937107829076,-224.9244899324975
COMBINED,ALL,quality,CLEAN_EXPANSION,46,15,32.608695652173914,31,29,0.4217873973287375,182.59913039460992
COMBINED,ALL,quality,WEAK_BREAK,45,7,15.555555555555555,38,38,-0.4917164926377772,-217.02869819851847
COMBINED,ALL,transition,HEALTHY_TRANSITION,1,1,100.0,0,0,4.632926663920932,47.486567987779374
COMBINED,ALL,transition,NO_BASE_BREAKOUT,2,0,0.0,2,2,-1.1340800771279995,-23.686375245941658
COMBINED,ALL,transition,SPIKE_BREAKOUT,79,17,21.518987341772153,62,61,-0.20461475759541317,-167.96614409812102
COMBINED,ALL,transition,WEAK_TRANSITION,9,4,44.44444444444444,5,4,1.2305308276438511,109.73638355237472
COMBINED,ALL,entry_mode,均線假跌破站回,13,2,15.384615384615385,11,10,-0.38790599077937454,-50.512257086451854
COMBINED,ALL,entry_mode,均線假跌破站回_延後一根確認,1,1,100.0,0,0,1.9332517055479257,19.54348120700716
COMBINED,ALL,entry_mode,壓縮早突破,77,19,24.675324675324674,58,57,0.0049935621169597075,-3.4607919244638894
